ISO-10303-21;
HEADER;
FILE_DESCRIPTION (( 'STEP AP214' ),
    '1' );
FILE_NAME ('ABU2027_field_v1.STEP',
    '2026-09-23T06:50:25',
    ( '' ),
    ( '' ),
    'SwSTEP 2.0',
    'SolidWorks 2026',
    '' );
FILE_SCHEMA (( 'AUTOMOTIVE_DESIGN' ));
ENDSEC;

DATA;
#1 = LINE ( 'NONE', #932, #3392 ) ;
#2 = EDGE_CURVE ( 'NONE', #52, #632, #4700, .T. ) ;
#3 = CARTESIAN_POINT ( 'NONE',  ( -599.9999999999984084, -3650.000000000001364, 4.000000000000000000 ) ) ;
#4 = ORIENTED_EDGE ( 'NONE', *, *, #5700, .F. ) ;
#5 = AXIS2_PLACEMENT_3D ( 'NONE', #3962, #310, #1606 ) ;
#6 = AXIS2_PLACEMENT_3D ( 'NONE', #338, #889, #2783 ) ;
#7 = CARTESIAN_POINT ( 'NONE',  ( 25.00000000000046541, -4850.000000000000909, 2.000000000000000000 ) ) ;
#8 = FACE_OUTER_BOUND ( 'NONE', #5540, .T. ) ;
#9 = AXIS2_PLACEMENT_3D ( 'NONE', #4004, #1526, #5799 ) ;
#10 = CARTESIAN_POINT ( 'NONE',  ( 5499.999999999999091, 4500.000000000000000, 2.000000000000000000 ) ) ;
#11 = AXIS2_PLACEMENT_3D ( 'NONE', #2532, #5442, #203 ) ;
#12 = CARTESIAN_POINT ( 'NONE',  ( -4000.000000000000909, -4800.000000000000000, 2.000000000000000000 ) ) ;
#13 = ORIENTED_EDGE ( 'NONE', *, *, #1994, .T. ) ;
#14 = VECTOR ( 'NONE', #604, 1000.000000000000000 ) ;
#15 = VERTEX_POINT ( 'NONE', #5259 ) ;
#16 = ORIENTED_EDGE ( 'NONE', *, *, #1040, .F. ) ;
#17 = EDGE_CURVE ( 'NONE', #3557, #4303, #3798, .T. ) ;
#18 = VECTOR ( 'NONE', #3363, 1000.000000000000000 ) ;
#19 = DIRECTION ( 'NONE',  ( 1.000000000000000000, 0.000000000000000000, 0.000000000000000000 ) ) ;
#20 = DIRECTION ( 'NONE',  ( -0.000000000000000000, -0.000000000000000000, -1.000000000000000000 ) ) ;
#21 = ORIENTED_EDGE ( 'NONE', *, *, #425, .T. ) ;
#22 = ORIENTED_EDGE ( 'NONE', *, *, #2711, .F. ) ;
#23 = VECTOR ( 'NONE', #6028, 1000.000000000000000 ) ;
#24 = DIRECTION ( 'NONE',  ( -0.000000000000000000, -0.000000000000000000, -1.000000000000000000 ) ) ;
#25 = EDGE_CURVE ( 'NONE', #4961, #344, #5716, .T. ) ;
#26 = ORIENTED_EDGE ( 'NONE', *, *, #1914, .T. ) ;
#27 = EDGE_CURVE ( 'NONE', #3771, #3419, #2904, .T. ) ;
#28 = DIRECTION ( 'NONE',  ( 1.000000000000000000, -5.551115123125782702E-17, 0.000000000000000000 ) ) ;
#29 = EDGE_CURVE ( 'NONE', #2374, #5121, #1011, .T. ) ;
#30 = ORIENTED_EDGE ( 'NONE', *, *, #5959, .T. ) ;
#31 = CARTESIAN_POINT ( 'NONE',  ( -24.99999999999952394, -4850.000000000000909, 52.00000000000000711 ) ) ;
#32 = PLANE ( 'NONE',  #2207 ) ;
#33 = ORIENTED_EDGE ( 'NONE', *, *, #3849, .T. ) ;
#34 = VECTOR ( 'NONE', #4388, 1000.000000000000000 ) ;
#35 = LINE ( 'NONE', #92, #3961 ) ;
#36 = CARTESIAN_POINT ( 'NONE',  ( -5500.000000000000909, -5500.000000000000000, 4.000000000000000000 ) ) ;
#37 = PLANE ( 'NONE',  #3874 ) ;
#38 = ORIENTED_EDGE ( 'NONE', *, *, #3510, .T. ) ;
#39 = VECTOR ( 'NONE', #4914, 1000.000000000000000 ) ;
#40 = ADVANCED_FACE ( 'NONE', ( #51 ), #1473, .T. ) ;
#41 = DIRECTION ( 'NONE',  ( 1.000000000000000000, 0.000000000000000000, -0.000000000000000000 ) ) ;
#42 = DIRECTION ( 'NONE',  ( 0.000000000000000000, 1.000000000000000000, 0.000000000000000000 ) ) ;
#43 = DIRECTION ( 'NONE',  ( -1.000000000000000000, 0.000000000000000000, 0.000000000000000000 ) ) ;
#44 = CARTESIAN_POINT ( 'NONE',  ( 5499.999999999999091, 4500.000000000000000, 4.000000000000000000 ) ) ;
#45 = VERTEX_POINT ( 'NONE', #2438 ) ;
#46 = EDGE_LOOP ( 'NONE', ( #193, #4, #5947, #1999 ) ) ;
#47 = CARTESIAN_POINT ( 'NONE',  ( 1000.000000000000909, -999.9999999999997726, 903.9999999999998863 ) ) ;
#48 = EDGE_LOOP ( 'NONE', ( #5073, #4022, #4578, #6037, #5037, #695, #4737, #2812, #4522, #1416, #2370, #5572, #2714, #2813, #72, #4744 ) ) ;
#49 = LINE ( 'NONE', #2869, #1307 ) ;
#50 = FACE_OUTER_BOUND ( 'NONE', #3429, .T. ) ;
#51 = FACE_OUTER_BOUND ( 'NONE', #4768, .T. ) ;
#52 = VERTEX_POINT ( 'NONE', #114 ) ;
#53 = CARTESIAN_POINT ( 'NONE',  ( -1499.999999999999773, 2950.000000000000000, 602.0000000000000000 ) ) ;
#54 = ORIENTED_EDGE ( 'NONE', *, *, #5134, .T. ) ;
#55 = DIRECTION ( 'NONE',  ( -0.000000000000000000, -1.000000000000000000, -0.000000000000000000 ) ) ;
#56 = EDGE_LOOP ( 'NONE', ( #5311, #1743, #2213, #1335 ) ) ;
#57 = DIRECTION ( 'NONE',  ( 0.000000000000000000, 0.000000000000000000, -1.000000000000000000 ) ) ;
#58 = LINE ( 'NONE', #2007, #3795 ) ;
#59 = ADVANCED_FACE ( 'NONE', ( #4326 ), #1382, .F. ) ;
#60 = ORIENTED_EDGE ( 'NONE', *, *, #2249, .T. ) ;
#61 = DIRECTION ( 'NONE',  ( 0.000000000000000000, -0.000000000000000000, -1.000000000000000000 ) ) ;
#62 = ADVANCED_FACE ( 'NONE', ( #6121 ), #3766, .F. ) ;
#63 = DIRECTION ( 'NONE',  ( 0.000000000000000000, 1.000000000000000000, 0.000000000000000000 ) ) ;
#64 = PLANE ( 'NONE',  #1400 ) ;
#65 = VERTEX_POINT ( 'NONE', #4727 ) ;
#66 = EDGE_CURVE ( 'NONE', #290, #5845, #3984, .T. ) ;
#67 = FACE_OUTER_BOUND ( 'NONE', #4019, .T. ) ;
#68 = PLANE ( 'NONE',  #2194 ) ;
#69 = CARTESIAN_POINT ( 'NONE',  ( -24.99999999999998224, -3650.000000000001364, 52.00000000000000711 ) ) ;
#70 = CARTESIAN_POINT ( 'NONE',  ( -2450.000000000000000, -2950.000000000000000, 604.0000000000000000 ) ) ;
#71 = ORIENTED_EDGE ( 'NONE', *, *, #1681, .T. ) ;
#72 = ORIENTED_EDGE ( 'NONE', *, *, #2215, .T. ) ;
#73 = LINE ( 'NONE', #5283, #3042 ) ;
#74 = ORIENTED_EDGE ( 'NONE', *, *, #1119, .F. ) ;
#75 = EDGE_CURVE ( 'NONE', #393, #1193, #5898, .T. ) ;
#76 = VECTOR ( 'NONE', #4174, 1000.000000000000000 ) ;
#77 = EDGE_CURVE ( 'NONE', #2135, #1479, #3048, .T. ) ;
#78 = LINE ( 'NONE', #1963, #3977 ) ;
#79 = LINE ( 'NONE', #1935, #2553 ) ;
#80 = CARTESIAN_POINT ( 'NONE',  ( 25.00000000000003553, -2200.000000000000000, 602.0000000000000000 ) ) ;
#81 = VECTOR ( 'NONE', #5776, 1000.000000000000000 ) ;
#82 = VECTOR ( 'NONE', #5223, 1000.000000000000000 ) ;
#83 = VERTEX_POINT ( 'NONE', #3019 ) ;
#84 = FACE_OUTER_BOUND ( 'NONE', #4802, .T. ) ;
#85 = ORIENTED_EDGE ( 'NONE', *, *, #5664, .F. ) ;
#86 = VECTOR ( 'NONE', #625, 1000.000000000000000 ) ;
#87 = FACE_OUTER_BOUND ( 'NONE', #5069, .T. ) ;
#88 = ORIENTED_EDGE ( 'NONE', *, *, #5317, .T. ) ;
#89 = CARTESIAN_POINT ( 'NONE',  ( -5500.000000000000909, -5500.000000000000000, 2.000000000000000000 ) ) ;
#90 = CARTESIAN_POINT ( 'NONE',  ( 4000.000000000000000, -800.0000000000002274, 603.0000000000000000 ) ) ;
#91 = EDGE_LOOP ( 'NONE', ( #5399, #676, #5993, #4687, #2352, #2038 ) ) ;
#92 = CARTESIAN_POINT ( 'NONE',  ( 89.99999999999933209, 4250.000000000002728, 402.0000000000000000 ) ) ;
#93 = DIRECTION ( 'NONE',  ( -0.000000000000000000, -0.000000000000000000, -1.000000000000000000 ) ) ;
#94 = EDGE_CURVE ( 'NONE', #2706, #2161, #1562, .T. ) ;
#95 = CARTESIAN_POINT ( 'NONE',  ( -5.551115123125782702E-13, 4250.000000000002728, 402.0000000000000000 ) ) ;
#96 = EDGE_LOOP ( 'NONE', ( #2759, #1703, #2312, #2065 ) ) ;
#97 = ADVANCED_FACE ( 'NONE', ( #5380 ), #5836, .F. ) ;
#98 = DIRECTION ( 'NONE',  ( 0.000000000000000000, 0.000000000000000000, 1.000000000000000000 ) ) ;
#99 = DIRECTION ( 'NONE',  ( -0.000000000000000000, -0.000000000000000000, -1.000000000000000000 ) ) ;
#100 = LINE ( 'NONE', #541, #3486 ) ;
#101 = PLANE ( 'NONE',  #2084 ) ;
#102 = VECTOR ( 'NONE', #4521, 1000.000000000000000 ) ;
#103 = EDGE_CURVE ( 'NONE', #6049, #4221, #1654, .T. ) ;
#104 = EDGE_CURVE ( 'NONE', #979, #890, #3548, .T. ) ;
#105 = ORIENTED_EDGE ( 'NONE', *, *, #2647, .F. ) ;
#106 = FACE_OUTER_BOUND ( 'NONE', #4751, .T. ) ;
#107 = ORIENTED_EDGE ( 'NONE', *, *, #2758, .T. ) ;
#108 = VECTOR ( 'NONE', #1031, 1000.000000000000000 ) ;
#109 = AXIS2_PLACEMENT_3D ( 'NONE', #468, #2010, #5728 ) ;
#110 = CARTESIAN_POINT ( 'NONE',  ( 1499.999999999999773, 2950.000000000000000, 602.0000000000000000 ) ) ;
#111 = DIRECTION ( 'NONE',  ( -1.000000000000000000, -0.000000000000000000, -0.000000000000000000 ) ) ;
#112 = AXIS2_PLACEMENT_3D ( 'NONE', #3840, #5853, #620 ) ;
#113 = DIRECTION ( 'NONE',  ( 0.000000000000000000, -0.000000000000000000, -1.000000000000000000 ) ) ;
#114 = CARTESIAN_POINT ( 'NONE',  ( 2199.999999999999545, 2250.000000000000000, 604.0000000000000000 ) ) ;
#115 = EDGE_CURVE ( 'NONE', #4721, #5845, #3489, .T. ) ;
#116 = ORIENTED_EDGE ( 'NONE', *, *, #5180, .T. ) ;
#117 = VECTOR ( 'NONE', #5912, 1000.000000000000000 ) ;
#118 = CARTESIAN_POINT ( 'NONE',  ( -24.99999999999998224, -3000.000000000000000, 52.00000000000000711 ) ) ;
#119 = ORIENTED_EDGE ( 'NONE', *, *, #1694, .F. ) ;
#120 = CARTESIAN_POINT ( 'NONE',  ( -1800.000000000000909, 500.0000000000000000, 752.0000000000000000 ) ) ;
#121 = ORIENTED_EDGE ( 'NONE', *, *, #3370, .F. ) ;
#122 = CARTESIAN_POINT ( 'NONE',  ( -3000.000000000000000, -1800.000000000000227, 452.0000000000001705 ) ) ;
#123 = LINE ( 'NONE', #496, #536 ) ;
#124 = VECTOR ( 'NONE', #1143, 1000.000000000000000 ) ;
#125 = VERTEX_POINT ( 'NONE', #5345 ) ;
#126 = PLANE ( 'NONE',  #109 ) ;
#127 = DIRECTION ( 'NONE',  ( -0.000000000000000000, -0.000000000000000000, -1.000000000000000000 ) ) ;
#128 = LINE ( 'NONE', #2480, #3278 ) ;
#129 = VECTOR ( 'NONE', #4061, 1000.000000000000000 ) ;
#130 = ORIENTED_EDGE ( 'NONE', *, *, #4963, .F. ) ;
#131 = DIRECTION ( 'NONE',  ( 0.000000000000000000, 0.000000000000000000, 1.000000000000000000 ) ) ;
#132 = DIRECTION ( 'NONE',  ( -0.000000000000000000, -1.000000000000000000, -0.000000000000000000 ) ) ;
#133 = DIRECTION ( 'NONE',  ( 0.000000000000000000, 0.000000000000000000, 1.000000000000000000 ) ) ;
#134 = DIRECTION ( 'NONE',  ( 0.000000000000000000, 0.000000000000000000, -1.000000000000000000 ) ) ;
#135 = EDGE_CURVE ( 'NONE', #1749, #52, #1154, .T. ) ;
#136 = VERTEX_POINT ( 'NONE', #2957 ) ;
#137 = LINE ( 'NONE', #2460, #81 ) ;
#138 = ORIENTED_EDGE ( 'NONE', *, *, #4224, .T. ) ;
#139 = EDGE_CURVE ( 'NONE', #3513, #4131, #606, .T. ) ;
#140 = EDGE_CURVE ( 'NONE', #5880, #1369, #5437, .T. ) ;
#141 = DIRECTION ( 'NONE',  ( 0.000000000000000000, 0.000000000000000000, 1.000000000000000000 ) ) ;
#142 = LINE ( 'NONE', #5313, #2594 ) ;
#143 = LINE ( 'NONE', #5314, #2852 ) ;
#144 = FACE_OUTER_BOUND ( 'NONE', #1052, .T. ) ;
#145 = ORIENTED_EDGE ( 'NONE', *, *, #3439, .T. ) ;
#146 = EDGE_CURVE ( 'NONE', #755, #3584, #3517, .T. ) ;
#147 = DIRECTION ( 'NONE',  ( -1.000000000000000000, 0.000000000000000000, -0.000000000000000000 ) ) ;
#148 = ORIENTED_EDGE ( 'NONE', *, *, #3175, .F. ) ;
#149 = DIRECTION ( 'NONE',  ( 0.000000000000000000, 0.000000000000000000, -1.000000000000000000 ) ) ;
#150 = ORIENTED_EDGE ( 'NONE', *, *, #1921, .F. ) ;
#151 = CARTESIAN_POINT ( 'NONE',  ( -4000.000000000000000, -800.0000000000002274, 603.0000000000000000 ) ) ;
#152 = DIRECTION ( 'NONE',  ( -0.000000000000000000, -1.000000000000000000, -0.000000000000000000 ) ) ;
#153 = CARTESIAN_POINT ( 'NONE',  ( 3500.000000000000000, 5500.000000000000000, 4.000000000000000000 ) ) ;
#154 = ADVANCED_FACE ( 'NONE', ( #144 ), #4417, .F. ) ;
#155 = DIRECTION ( 'NONE',  ( 0.000000000000000000, 0.000000000000000000, -1.000000000000000000 ) ) ;
#156 = ORIENTED_EDGE ( 'NONE', *, *, #5857, .T. ) ;
#157 = LINE ( 'NONE', #2633, #3286 ) ;
#158 = CARTESIAN_POINT ( 'NONE',  ( 0.000000000000000000, 0.000000000000000000, 4.000000000000000000 ) ) ;
#159 = CARTESIAN_POINT ( 'NONE',  ( 24.99999999999997868, 2200.000000000000000, 602.0000000000000000 ) ) ;
#160 = CARTESIAN_POINT ( 'NONE',  ( 25.00000000000046541, -4850.000000000000909, 52.00000000000000711 ) ) ;
#161 = CARTESIAN_POINT ( 'NONE',  ( -2950.000000000000000, 2450.000000000000000, 602.0000000000000000 ) ) ;
#162 = ORIENTED_EDGE ( 'NONE', *, *, #926, .F. ) ;
#163 = DIRECTION ( 'NONE',  ( -1.000000000000000000, -0.000000000000000000, -0.000000000000000000 ) ) ;
#164 = VERTEX_POINT ( 'NONE', #4941 ) ;
#165 = FACE_OUTER_BOUND ( 'NONE', #4637, .T. ) ;
#166 = EDGE_CURVE ( 'NONE', #4141, #4849, #3084, .T. ) ;
#167 = CARTESIAN_POINT ( 'NONE',  ( -4000.000000000000000, -2400.000000000000455, 152.0000000000001705 ) ) ;
#168 = LINE ( 'NONE', #3516, #1756 ) ;
#169 = DIRECTION ( 'NONE',  ( -1.000000000000000000, -0.000000000000000000, -0.000000000000000000 ) ) ;
#170 = ADVANCED_FACE ( 'NONE', ( #4446 ), #4512, .F. ) ;
#171 = ORIENTED_EDGE ( 'NONE', *, *, #2168, .F. ) ;
#172 = VECTOR ( 'NONE', #2819, 1000.000000000000000 ) ;
#173 = DIRECTION ( 'NONE',  ( 1.000000000000000000, -1.110223024625156540E-16, 0.000000000000000000 ) ) ;
#174 = VERTEX_POINT ( 'NONE', #2027 ) ;
#175 = PLANE ( 'NONE',  #1519 ) ;
#176 = VECTOR ( 'NONE', #3040, 1000.000000000000000 ) ;
#177 = VERTEX_POINT ( 'NONE', #3916 ) ;
#178 = EDGE_CURVE ( 'NONE', #4542, #644, #1873, .T. ) ;
#179 = DIRECTION ( 'NONE',  ( -0.000000000000000000, -0.000000000000000000, -1.000000000000000000 ) ) ;
#180 = LINE ( 'NONE', #2510, #4093 ) ;
#181 = AXIS2_PLACEMENT_3D ( 'NONE', #486, #3334, #4726 ) ;
#182 = LINE ( 'NONE', #4520, #4560 ) ;
#183 = AXIS2_PLACEMENT_3D ( 'NONE', #3634, #3171, #1053 ) ;
#184 = DIRECTION ( 'NONE',  ( 0.000000000000000000, 2.035408878479451948E-15, -1.000000000000000000 ) ) ;
#185 =( NAMED_UNIT ( * ) PLANE_ANGLE_UNIT ( ) SI_UNIT ( $, .RADIAN. ) );
#186 = ORIENTED_EDGE ( 'NONE', *, *, #4661, .T. ) ;
#187 = DIRECTION ( 'NONE',  ( -1.000000000000000000, 0.000000000000000000, 0.000000000000000000 ) ) ;
#188 = DIRECTION ( 'NONE',  ( -0.000000000000000000, -1.000000000000000000, -0.000000000000000000 ) ) ;
#189 = EDGE_CURVE ( 'NONE', #3211, #1567, #264, .T. ) ;
#190 = DIRECTION ( 'NONE',  ( 1.000000000000000000, 0.000000000000000000, 0.000000000000000000 ) ) ;
#191 = CARTESIAN_POINT ( 'NONE',  ( 1000.000000000000909, -999.9999999999997726, 903.9999999999998863 ) ) ;
#192 = CARTESIAN_POINT ( 'NONE',  ( -5500.000000000000909, -5500.000000000000000, 4.000000000000000000 ) ) ;
#193 = ORIENTED_EDGE ( 'NONE', *, *, #2672, .F. ) ;
#194 = CARTESIAN_POINT ( 'NONE',  ( 25.00000000000003553, -2200.000000000000000, 652.0000000000000000 ) ) ;
#195 = EDGE_LOOP ( 'NONE', ( #2775, #1619, #5129, #866, #5422, #1998, #5636, #5629, #5614, #915, #2617, #5411, #894, #3103, #5701, #6094, #4103, #4358, #3639, #640, #4472, #2712, #2895, #16, #5101, #329, #3368, #3127 ) ) ;
#196 = CARTESIAN_POINT ( 'NONE',  ( -3000.000000000000000, -3000.000000000000000, 2.000000000000000000 ) ) ;
#197 = CARTESIAN_POINT ( 'NONE',  ( -3000.000000000000000, -1800.000000000000227, 603.0000000000000000 ) ) ;
#198 = CARTESIAN_POINT ( 'NONE',  ( -4000.000000000000000, -2100.000000000000455, 301.9999999999998295 ) ) ;
#199 = CARTESIAN_POINT ( 'NONE',  ( -5500.000000000000909, 4500.000000000000000, 4.000000000000000000 ) ) ;
#200 = VECTOR ( 'NONE', #4642, 1000.000000000000000 ) ;
#201 = VECTOR ( 'NONE', #5881, 1000.000000000000000 ) ;
#202 = ORIENTED_EDGE ( 'NONE', *, *, #4697, .F. ) ;
#203 = DIRECTION ( 'NONE',  ( 1.000000000000000000, 0.000000000000000000, 0.000000000000000000 ) ) ;
#204 = VECTOR ( 'NONE', #812, 1000.000000000000000 ) ;
#205 = VECTOR ( 'NONE', #921, 1000.000000000000000 ) ;
#206 = CARTESIAN_POINT ( 'NONE',  ( -4000.000000000000909, -4800.000000000000000, 4.000000000000000000 ) ) ;
#207 = ORIENTED_EDGE ( 'NONE', *, *, #5134, .F. ) ;
#208 = LINE ( 'NONE', #4453, #3247 ) ;
#209 = DIRECTION ( 'NONE',  ( -0.000000000000000000, -0.000000000000000000, 1.000000000000000000 ) ) ;
#210 = VECTOR ( 'NONE', #1742, 1000.000000000000000 ) ;
#211 = ORIENTED_EDGE ( 'NONE', *, *, #5119, .F. ) ;
#212 = ADVANCED_FACE ( 'NONE', ( #639 ), #1534, .F. ) ;
#213 = CARTESIAN_POINT ( 'NONE',  ( 25.00000000000021672, 3750.000000000002728, 2.000000000000000000 ) ) ;
#214 = EDGE_CURVE ( 'NONE', #3225, #4551, #2176, .T. ) ;
#215 = LINE ( 'NONE', #2105, #4058 ) ;
#216 = EDGE_CURVE ( 'NONE', #303, #83, #4782, .T. ) ;
#217 = MANIFOLD_SOLID_BREP ( '\X2\ff8eff9eff7d\X0\ - \X2\62bc305751fa3057\X0\21', #6040 ) ;
#218 = EDGE_LOOP ( 'NONE', ( #2158, #4008, #1003, #4035, #2929 ) ) ;
#219 = VECTOR ( 'NONE', #2200, 1000.000000000000000 ) ;
#220 = VECTOR ( 'NONE', #5626, 1000.000000000000000 ) ;
#221 = CARTESIAN_POINT ( 'NONE',  ( 5499.999999999999091, 5500.000000000000000, 100.0000000000000000 ) ) ;
#222 = DIRECTION ( 'NONE',  ( -1.000000000000000000, 0.000000000000000000, 0.000000000000000000 ) ) ;
#223 = VECTOR ( 'NONE', #1524, 1000.000000000000000 ) ;
#224 = CARTESIAN_POINT ( 'NONE',  ( 3999.999999999999091, -4800.000000000000000, 2.000000000000000000 ) ) ;
#225 = LINE ( 'NONE', #4031, #129 ) ;
#226 = PLANE ( 'NONE',  #9 ) ;
#227 = EDGE_CURVE ( 'NONE', #45, #4006, #3581, .T. ) ;
#228 = ORIENTED_EDGE ( 'NONE', *, *, #2030, .T. ) ;
#229 = FACE_OUTER_BOUND ( 'NONE', #1038, .T. ) ;
#230 = ORIENTED_EDGE ( 'NONE', *, *, #257, .F. ) ;
#231 = VECTOR ( 'NONE', #2273, 1000.000000000000000 ) ;
#232 = EDGE_CURVE ( 'NONE', #1326, #2842, #2240, .T. ) ;
#233 = DIRECTION ( 'NONE',  ( 0.000000000000000000, 1.000000000000000000, 0.000000000000000000 ) ) ;
#234 = DIRECTION ( 'NONE',  ( 1.000000000000000000, -0.000000000000000000, -0.000000000000000000 ) ) ;
#235 = LINE ( 'NONE', #2956, #1958 ) ;
#236 = DIRECTION ( 'NONE',  ( 0.000000000000000000, 1.000000000000000000, -3.700743415417190605E-16 ) ) ;
#237 = ORIENTED_EDGE ( 'NONE', *, *, #1645, .T. ) ;
#238 = EDGE_LOOP ( 'NONE', ( #2361, #3598, #824, #2178 ) ) ;
#239 = DIRECTION ( 'NONE',  ( -1.000000000000000000, -0.000000000000000000, -0.000000000000000000 ) ) ;
#240 = LINE ( 'NONE', #2471, #715 ) ;
#241 = ORIENTED_EDGE ( 'NONE', *, *, #3588, .T. ) ;
#242 = LINE ( 'NONE', #673, #2453 ) ;
#243 = CARTESIAN_POINT ( 'NONE',  ( 2950.000000000000000, -800.0000000000002274, 602.0000000000000000 ) ) ;
#244 = ORIENTED_EDGE ( 'NONE', *, *, #2303, .F. ) ;
#245 = CARTESIAN_POINT ( 'NONE',  ( -249.9999999999999147, 2450.000000000000000, 604.0000000000000000 ) ) ;
#246 = EDGE_LOOP ( 'NONE', ( #5538, #3267, #4761, #2402 ) ) ;
#247 = DIRECTION ( 'NONE',  ( -1.000000000000000000, -0.000000000000000000, -0.000000000000000000 ) ) ;
#248 = EDGE_CURVE ( 'NONE', #4075, #297, #387, .T. ) ;
#249 = VERTEX_POINT ( 'NONE', #4132 ) ;
#250 = CARTESIAN_POINT ( 'NONE',  ( 2950.000000000000000, -1800.000000000000227, 652.0000000000000000 ) ) ;
#251 = ORIENTED_EDGE ( 'NONE', *, *, #5637, .F. ) ;
#252 = EDGE_CURVE ( 'NONE', #3860, #2092, #4289, .T. ) ;
#253 = DIRECTION ( 'NONE',  ( 0.000000000000000000, 0.000000000000000000, -1.000000000000000000 ) ) ;
#254 = CARTESIAN_POINT ( 'NONE',  ( 2450.000000000000000, -2450.000000000000000, 602.0000000000000000 ) ) ;
#255 = CARTESIAN_POINT ( 'NONE',  ( 2950.000000000000000, -2950.000000000000000, 652.0000000000000000 ) ) ;
#256 = DIRECTION ( 'NONE',  ( -0.000000000000000000, -0.000000000000000000, -1.000000000000000000 ) ) ;
#257 = EDGE_CURVE ( 'NONE', #3154, #5121, #4599, .T. ) ;
#258 = ORIENTED_EDGE ( 'NONE', *, *, #4988, .F. ) ;
#259 = CARTESIAN_POINT ( 'NONE',  ( -3000.000000000000000, -1800.000000000000227, 652.0000000000000000 ) ) ;
#260 = ORIENTED_EDGE ( 'NONE', *, *, #3588, .F. ) ;
#261 = CARTESIAN_POINT ( 'NONE',  ( 4799.999999999999091, -5500.000000000000000, 4.000000000000000000 ) ) ;
#262 = DIRECTION ( 'NONE',  ( 1.000000000000000000, 0.000000000000000000, 0.000000000000000000 ) ) ;
#263 = CARTESIAN_POINT ( 'NONE',  ( 0.000000000000000000, 0.000000000000000000, 602.0000000000000000 ) ) ;
#264 = LINE ( 'NONE', #2149, #4580 ) ;
#265 = ADVANCED_FACE ( 'NONE', ( #1776, #5128 ), #3671, .T. ) ;
#266 = ORIENTED_EDGE ( 'NONE', *, *, #5891, .T. ) ;
#267 = EDGE_LOOP ( 'NONE', ( #3024, #1418 ) ) ;
#268 = LINE ( 'NONE', #3788, #1995 ) ;
#269 = EDGE_CURVE ( 'NONE', #2792, #5784, #849, .T. ) ;
#270 = CARTESIAN_POINT ( 'NONE',  ( 25.00000000000004974, 1500.000000000000000, 602.0000000000000000 ) ) ;
#271 = DIRECTION ( 'NONE',  ( -1.000000000000000000, -0.000000000000000000, -0.000000000000000000 ) ) ;
#272 = DIRECTION ( 'NONE',  ( 0.000000000000000000, 0.000000000000000000, -1.000000000000000000 ) ) ;
#273 = ORIENTED_EDGE ( 'NONE', *, *, #3376, .F. ) ;
#274 = CARTESIAN_POINT ( 'NONE',  ( 4000.000000000000000, -1800.100000000000136, 603.0000000000000000 ) ) ;
#275 = VERTEX_POINT ( 'NONE', #5469 ) ;
#276 = DIRECTION ( 'NONE',  ( 0.000000000000000000, -0.000000000000000000, 1.000000000000000000 ) ) ;
#277 = VECTOR ( 'NONE', #805, 1000.000000000000000 ) ;
#278 = ORIENTED_EDGE ( 'NONE', *, *, #4189, .F. ) ;
#279 = DIRECTION ( 'NONE',  ( 0.000000000000000000, 1.000000000000000000, 0.000000000000000000 ) ) ;
#280 = ORIENTED_EDGE ( 'NONE', *, *, #3809, .T. ) ;
#281 = CIRCLE ( 'NONE', #1862, 134.9999999999999432 ) ;
#282 = CARTESIAN_POINT ( 'NONE',  ( -24.99999999999996803, -1500.000000000000000, 652.0000000000000000 ) ) ;
#283 = EDGE_CURVE ( 'NONE', #5892, #3147, #5280, .T. ) ;
#284 = DIRECTION ( 'NONE',  ( 4.440448053695257548E-16, -1.000000000000000000, 0.000000000000000000 ) ) ;
#285 = LINE ( 'NONE', #1767, #1509 ) ;
#286 = LINE ( 'NONE', #4062, #5842 ) ;
#287 = ADVANCED_FACE ( 'NONE', ( #788 ), #2646, .F. ) ;
#288 = VERTEX_POINT ( 'NONE', #3610 ) ;
#289 = LINE ( 'NONE', #658, #475 ) ;
#290 = VERTEX_POINT ( 'NONE', #1252 ) ;
#291 = EDGE_CURVE ( 'NONE', #4349, #3225, #2679, .T. ) ;
#292 = DIRECTION ( 'NONE',  ( 8.881784197001252323E-16, -1.000000000000000000, 0.000000000000000000 ) ) ;
#293 = EDGE_CURVE ( 'NONE', #4167, #1103, #3729, .T. ) ;
#294 = EDGE_CURVE ( 'NONE', #2681, #1317, #5621, .T. ) ;
#295 = CARTESIAN_POINT ( 'NONE',  ( -1500.000000000000455, 1500.000000000000000, 901.9999999999998863 ) ) ;
#296 = DIRECTION ( 'NONE',  ( 1.000000000000000000, 0.000000000000000000, 0.000000000000000000 ) ) ;
#297 = VERTEX_POINT ( 'NONE', #5581 ) ;
#298 = ORIENTED_EDGE ( 'NONE', *, *, #2172, .F. ) ;
#299 = DIRECTION ( 'NONE',  ( -8.326672684688678984E-16, 1.000000000000000000, -0.000000000000000000 ) ) ;
#300 = CARTESIAN_POINT ( 'NONE',  ( 1000.000000000000909, -999.9999999999997726, 903.9999999999998863 ) ) ;
#301 = AXIS2_PLACEMENT_3D ( 'NONE', #4991, #1263, #276 ) ;
#302 = CARTESIAN_POINT ( 'NONE',  ( -25.00000000000002487, 2200.000000000000000, 652.0000000000000000 ) ) ;
#303 = VERTEX_POINT ( 'NONE', #3197 ) ;
#304 = EDGE_CURVE ( 'NONE', #3233, #5319, #371, .T. ) ;
#305 = ORIENTED_EDGE ( 'NONE', *, *, #25, .F. ) ;
#306 = DIRECTION ( 'NONE',  ( 0.000000000000000000, 0.000000000000000000, 1.000000000000000000 ) ) ;
#307 = AXIS2_PLACEMENT_3D ( 'NONE', #842, #3108, #5986 ) ;
#308 = ORIENTED_EDGE ( 'NONE', *, *, #5003, .F. ) ;
#309 = VECTOR ( 'NONE', #1329, 1000.000000000000000 ) ;
#310 = DIRECTION ( 'NONE',  ( 1.000000000000000000, 0.000000000000000000, -0.000000000000000000 ) ) ;
#311 = EDGE_LOOP ( 'NONE', ( #4812, #5151, #4678, #4839 ) ) ;
#312 = LINE ( 'NONE', #3745, #2048 ) ;
#313 = ORIENTED_EDGE ( 'NONE', *, *, #1170, .T. ) ;
#314 = DIRECTION ( 'NONE',  ( 0.000000000000000000, 0.000000000000000000, 1.000000000000000000 ) ) ;
#315 = PLANE ( 'NONE',  #1007 ) ;
#316 = FACE_OUTER_BOUND ( 'NONE', #3279, .T. ) ;
#317 = DIRECTION ( 'NONE',  ( 0.000000000000000000, 0.000000000000000000, 1.000000000000000000 ) ) ;
#318 = VECTOR ( 'NONE', #763, 1000.000000000000000 ) ;
#319 = ORIENTED_EDGE ( 'NONE', *, *, #6051, .T. ) ;
#320 = VECTOR ( 'NONE', #4346, 1000.000000000000000 ) ;
#321 = CARTESIAN_POINT ( 'NONE',  ( 2950.000000000000000, -2450.000000000000000, 604.0000000000000000 ) ) ;
#322 = EDGE_LOOP ( 'NONE', ( #2683, #2286, #6104, #1482 ) ) ;
#323 = LINE ( 'NONE', #5096, #800 ) ;
#324 = DIRECTION ( 'NONE',  ( 0.000000000000000000, -1.000000000000000000, 0.000000000000000000 ) ) ;
#325 = EDGE_CURVE ( 'NONE', #4258, #844, #4185, .T. ) ;
#326 = VECTOR ( 'NONE', #2621, 1000.000000000000000 ) ;
#327 = EDGE_CURVE ( 'NONE', #3686, #2615, #4586, .T. ) ;
#328 = EDGE_LOOP ( 'NONE', ( #3495, #5696, #5240, #2649 ) ) ;
#329 = ORIENTED_EDGE ( 'NONE', *, *, #5736, .F. ) ;
#330 = EDGE_CURVE ( 'NONE', #5724, #4360, #5512, .T. ) ;
#331 = PLANE ( 'NONE',  #3877 ) ;
#332 = CARTESIAN_POINT ( 'NONE',  ( 1500.000000000001137, -999.9999999999996589, 903.9999999999998863 ) ) ;
#333 = VECTOR ( 'NONE', #3899, 1000.000000000000000 ) ;
#334 = DIRECTION ( 'NONE',  ( 0.000000000000000000, 0.000000000000000000, -1.000000000000000000 ) ) ;
#335 = ORIENTED_EDGE ( 'NONE', *, *, #2080, .T. ) ;
#336 = ADVANCED_FACE ( 'NONE', ( #3691 ), #4646, .F. ) ;
#337 = ORIENTED_EDGE ( 'NONE', *, *, #2976, .F. ) ;
#338 = CARTESIAN_POINT ( 'NONE',  ( -5.551115123125782702E-13, 4250.000000000002728, 502.0000000000000000 ) ) ;
#339 = ORIENTED_EDGE ( 'NONE', *, *, #3932, .F. ) ;
#340 = DIRECTION ( 'NONE',  ( -0.000000000000000000, -1.000000000000000000, -0.000000000000000000 ) ) ;
#341 = ORIENTED_EDGE ( 'NONE', *, *, #4798, .F. ) ;
#342 = CARTESIAN_POINT ( 'NONE',  ( -3000.000000000000000, -2700.000000000000000, 2.000000000000000000 ) ) ;
#343 = LINE ( 'NONE', #3161, #3207 ) ;
#344 = VERTEX_POINT ( 'NONE', #2292 ) ;
#345 = LINE ( 'NONE', #3199, #696 ) ;
#346 = PLANE ( 'NONE',  #2593 ) ;
#347 = LINE ( 'NONE', #5951, #3592 ) ;
#348 = CARTESIAN_POINT ( 'NONE',  ( -25.00000000000015987, 4750.000000000002728, 2.000000000000000000 ) ) ;
#349 = ORIENTED_EDGE ( 'NONE', *, *, #2, .F. ) ;
#350 = EDGE_LOOP ( 'NONE', ( #5586, #5957, #3329, #2879 ) ) ;
#351 = DIRECTION ( 'NONE',  ( -0.000000000000000000, -0.000000000000000000, -1.000000000000000000 ) ) ;
#352 = LINE ( 'NONE', #1741, #5449 ) ;
#353 = CARTESIAN_POINT ( 'NONE',  ( -1000.000000000000455, 1000.000000000000000, 903.9999999999998863 ) ) ;
#354 = ORIENTED_EDGE ( 'NONE', *, *, #6036, .F. ) ;
#355 = CARTESIAN_POINT ( 'NONE',  ( 3000.000000000000000, -1800.000000000000227, 603.0000000000000000 ) ) ;
#356 = ORIENTED_EDGE ( 'NONE', *, *, #908, .T. ) ;
#357 = VERTEX_POINT ( 'NONE', #3227 ) ;
#358 = PLANE ( 'NONE',  #617 ) ;
#359 = EDGE_CURVE ( 'NONE', #4169, #5282, #2326, .T. ) ;
#360 = CARTESIAN_POINT ( 'NONE',  ( -2950.000000000000000, 2450.000000000000000, 604.0000000000000000 ) ) ;
#361 = ADVANCED_FACE ( 'NONE', ( #6075 ), #838, .F. ) ;
#362 = CARTESIAN_POINT ( 'NONE',  ( -3000.000000000000000, -800.0000000000002274, 652.0000000000000000 ) ) ;
#363 = ORIENTED_EDGE ( 'NONE', *, *, #527, .T. ) ;
#364 = ORIENTED_EDGE ( 'NONE', *, *, #1425, .F. ) ;
#365 = CARTESIAN_POINT ( 'NONE',  ( 0.000000000000000000, 0.000000000000000000, 604.0000000000000000 ) ) ;
#366 = VERTEX_POINT ( 'NONE', #1827 ) ;
#367 = CARTESIAN_POINT ( 'NONE',  ( 4000.000000000000000, -2400.000000000000455, 301.9999999999999432 ) ) ;
#368 = EDGE_CURVE ( 'NONE', #4383, #3657, #3717, .T. ) ;
#369 = VERTEX_POINT ( 'NONE', #6039 ) ;
#370 = LINE ( 'NONE', #2727, #2547 ) ;
#371 = LINE ( 'NONE', #2761, #2996 ) ;
#372 = VERTEX_POINT ( 'NONE', #1361 ) ;
#373 = CARTESIAN_POINT ( 'NONE',  ( -3000.000000000000000, -3000.000000000000000, 603.0000000000000000 ) ) ;
#374 = CIRCLE ( 'NONE', #2247, 135.0000000000000000 ) ;
#375 = DIRECTION ( 'NONE',  ( 1.000000000000000000, 0.000000000000000000, 0.000000000000000000 ) ) ;
#376 = DIRECTION ( 'NONE',  ( -1.000000000000000000, 4.440892098500634050E-16, -0.000000000000000000 ) ) ;
#377 = ORIENTED_EDGE ( 'NONE', *, *, #5888, .F. ) ;
#378 = VECTOR ( 'NONE', #3312, 1000.000000000000000 ) ;
#379 = AXIS2_PLACEMENT_3D ( 'NONE', #4940, #3488, #1064 ) ;
#380 = EDGE_CURVE ( 'NONE', #4487, #5417, #3988, .T. ) ;
#381 = ORIENTED_EDGE ( 'NONE', *, *, #5215, .T. ) ;
#382 = FACE_OUTER_BOUND ( 'NONE', #5290, .T. ) ;
#383 = AXIS2_PLACEMENT_3D ( 'NONE', #2946, #41, #2485 ) ;
#384 = CARTESIAN_POINT ( 'NONE',  ( 2950.000000000000000, -2950.000000000000000, 602.0000000000000000 ) ) ;
#385 = CARTESIAN_POINT ( 'NONE',  ( 4000.000000000000000, -800.0000000000002274, 602.0000000000000000 ) ) ;
#386 = ORIENTED_EDGE ( 'NONE', *, *, #975, .T. ) ;
#387 = LINE ( 'NONE', #2773, #5179 ) ;
#388 = ORIENTED_EDGE ( 'NONE', *, *, #2716, .F. ) ;
#389 = ORIENTED_EDGE ( 'NONE', *, *, #140, .F. ) ;
#390 = DIRECTION ( 'NONE',  ( 1.000000000000000000, 0.000000000000000000, 0.000000000000000000 ) ) ;
#391 = DIRECTION ( 'NONE',  ( 0.000000000000000000, 1.000000000000000000, 0.000000000000000000 ) ) ;
#392 = CARTESIAN_POINT ( 'NONE',  ( -249.9999999999999147, 2450.000000000000000, 604.0000000000000000 ) ) ;
#393 = VERTEX_POINT ( 'NONE', #5176 ) ;
#394 = ORIENTED_EDGE ( 'NONE', *, *, #1242, .F. ) ;
#395 = DIRECTION ( 'NONE',  ( -0.000000000000000000, 0.000000000000000000, 1.000000000000000000 ) ) ;
#396 = ORIENTED_EDGE ( 'NONE', *, *, #5177, .T. ) ;
#397 = LINE ( 'NONE', #3280, #1678 ) ;
#398 = ORIENTED_EDGE ( 'NONE', *, *, #3353, .F. ) ;
#399 = CARTESIAN_POINT ( 'NONE',  ( 1800.000000000001364, 500.0000000000004547, 752.0000000000000000 ) ) ;
#400 = DIRECTION ( 'NONE',  ( -1.000000000000000000, -1.850371707708594070E-16, 0.000000000000000000 ) ) ;
#401 = EDGE_CURVE ( 'NONE', #6067, #1270, #3255, .T. ) ;
#402 = ORIENTED_EDGE ( 'NONE', *, *, #4603, .T. ) ;
#403 = VECTOR ( 'NONE', #2618, 1000.000000000000000 ) ;
#404 = EDGE_CURVE ( 'NONE', #1803, #2832, #438, .T. ) ;
#405 = VECTOR ( 'NONE', #4610, 1000.000000000000000 ) ;
#406 = CARTESIAN_POINT ( 'NONE',  ( 3000.000000000000000, -2400.000000000000455, 301.9999999999999432 ) ) ;
#407 = EDGE_CURVE ( 'NONE', #1298, #5666, #4216, .T. ) ;
#408 = LINE ( 'NONE', #2263, #916 ) ;
#409 = PLANE ( 'NONE',  #5263 ) ;
#410 = AXIS2_PLACEMENT_3D ( 'NONE', #997, #5735, #474 ) ;
#411 = ORIENTED_EDGE ( 'NONE', *, *, #4449, .T. ) ;
#412 = VECTOR ( 'NONE', #2932, 1000.000000000000000 ) ;
#413 = ORIENTED_EDGE ( 'NONE', *, *, #2920, .T. ) ;
#414 = VECTOR ( 'NONE', #4719, 1000.000000000000000 ) ;
#415 = CARTESIAN_POINT ( 'NONE',  ( 500.0000000000000000, 2950.000000000000000, 603.0000000000000000 ) ) ;
#416 = AXIS2_PLACEMENT_3D ( 'NONE', #2264, #3201, #5889 ) ;
#417 = DIRECTION ( 'NONE',  ( -0.000000000000000000, -0.000000000000000000, -1.000000000000000000 ) ) ;
#418 = CARTESIAN_POINT ( 'NONE',  ( -4000.000000000000909, -4800.000000000000000, 4.000000000000000000 ) ) ;
#419 = ORIENTED_EDGE ( 'NONE', *, *, #2019, .F. ) ;
#420 = VECTOR ( 'NONE', #4781, 1000.000000000000000 ) ;
#421 = VECTOR ( 'NONE', #19, 1000.000000000000000 ) ;
#422 = DIRECTION ( 'NONE',  ( -0.000000000000000000, -0.000000000000000000, -1.000000000000000000 ) ) ;
#423 = ORIENTED_EDGE ( 'NONE', *, *, #2028, .F. ) ;
#424 = VERTEX_POINT ( 'NONE', #1855 ) ;
#425 = EDGE_CURVE ( 'NONE', #1147, #3393, #3746, .T. ) ;
#426 = VECTOR ( 'NONE', #4154, 1000.000000000000000 ) ;
#427 = FACE_OUTER_BOUND ( 'NONE', #1569, .T. ) ;
#428 = CARTESIAN_POINT ( 'NONE',  ( 499.9999999999993179, 4750.000000000002728, 2.000000000000000000 ) ) ;
#429 = VERTEX_POINT ( 'NONE', #4118 ) ;
#430 = ORIENTED_EDGE ( 'NONE', *, *, #1185, .F. ) ;
#431 = DIRECTION ( 'NONE',  ( 0.000000000000000000, 0.000000000000000000, 1.000000000000000000 ) ) ;
#432 = ORIENTED_EDGE ( 'NONE', *, *, #2336, .F. ) ;
#433 = CARTESIAN_POINT ( 'NONE',  ( -24.99999999999998224, -3000.000000000000000, 52.00000000000000711 ) ) ;
#434 = AXIS2_PLACEMENT_3D ( 'NONE', #3590, #1571, #4857 ) ;
#435 = FACE_OUTER_BOUND ( 'NONE', #5594, .T. ) ;
#436 = VERTEX_POINT ( 'NONE', #3626 ) ;
#437 = DIRECTION ( 'NONE',  ( -4.440892098500626162E-16, 1.000000000000000000, -0.000000000000000000 ) ) ;
#438 = LINE ( 'NONE', #1794, #4296 ) ;
#439 = VERTEX_POINT ( 'NONE', #1269 ) ;
#440 = CARTESIAN_POINT ( 'NONE',  ( 1499.999999999999773, 2950.000000000000000, 604.0000000000000000 ) ) ;
#441 = CARTESIAN_POINT ( 'NONE',  ( 250.0000000000002274, 2950.000000000000000, 603.0000000000000000 ) ) ;
#442 = EDGE_CURVE ( 'NONE', #5486, #681, #343, .T. ) ;
#443 = DIRECTION ( 'NONE',  ( 1.850371707708601219E-17, -1.000000000000000000, 0.000000000000000000 ) ) ;
#444 = ORIENTED_EDGE ( 'NONE', *, *, #3464, .T. ) ;
#445 = EDGE_CURVE ( 'NONE', #275, #1303, #806, .T. ) ;
#446 = FACE_OUTER_BOUND ( 'NONE', #4513, .T. ) ;
#447 = DIRECTION ( 'NONE',  ( -1.000000000000000000, -0.000000000000000000, -0.000000000000000000 ) ) ;
#448 = EDGE_CURVE ( 'NONE', #2143, #4987, #5475, .T. ) ;
#449 = DIRECTION ( 'NONE',  ( 1.000000000000000000, 0.000000000000000000, 0.000000000000000000 ) ) ;
#450 = ORIENTED_EDGE ( 'NONE', *, *, #5372, .T. ) ;
#451 = ORIENTED_EDGE ( 'NONE', *, *, #662, .F. ) ;
#452 = ORIENTED_EDGE ( 'NONE', *, *, #5868, .F. ) ;
#453 = CARTESIAN_POINT ( 'NONE',  ( -1500.000000000000455, 1500.000000000000000, 602.0000000000000000 ) ) ;
#454 = EDGE_CURVE ( 'NONE', #3490, #501, #4824, .T. ) ;
#455 = DIRECTION ( 'NONE',  ( -0.000000000000000000, -0.000000000000000000, -1.000000000000000000 ) ) ;
#456 = DIRECTION ( 'NONE',  ( 6.344131569286606971E-16, 1.000000000000000000, -0.000000000000000000 ) ) ;
#457 = EDGE_CURVE ( 'NONE', #5080, #5945, #2938, .T. ) ;
#458 = ORIENTED_EDGE ( 'NONE', *, *, #2215, .F. ) ;
#459 = CARTESIAN_POINT ( 'NONE',  ( 90.00000000000001421, 0.000000000000000000, 1601.999999999999773 ) ) ;
#460 = ORIENTED_EDGE ( 'NONE', *, *, #2531, .F. ) ;
#461 = CARTESIAN_POINT ( 'NONE',  ( 5499.999999999999091, -4800.000000000000000, 4.000000000000000000 ) ) ;
#462 = DIRECTION ( 'NONE',  ( -8.881784197001244435E-16, -1.000000000000000000, 0.000000000000000000 ) ) ;
#463 = EDGE_LOOP ( 'NONE', ( #3696, #5815, #2009, #5233 ) ) ;
#464 = DIRECTION ( 'NONE',  ( 0.000000000000000000, 1.000000000000000000, -0.000000000000000000 ) ) ;
#465 = CARTESIAN_POINT ( 'NONE',  ( 4799.999999999999091, -4800.000000000000000, 4.000000000000000000 ) ) ;
#466 = ORIENTED_EDGE ( 'NONE', *, *, #5361, .T. ) ;
#467 = VECTOR ( 'NONE', #693, 1000.000000000000000 ) ;
#468 = CARTESIAN_POINT ( 'NONE',  ( 0.000000000000000000, 0.000000000000000000, 4.000000000000000000 ) ) ;
#469 = DIRECTION ( 'NONE',  ( -0.000000000000000000, -0.000000000000000000, -1.000000000000000000 ) ) ;
#470 = CARTESIAN_POINT ( 'NONE',  ( -5500.000000000000909, 4500.000000000000000, 2.000000000000000000 ) ) ;
#471 = ORIENTED_EDGE ( 'NONE', *, *, #665, .F. ) ;
#472 = ADVANCED_FACE ( 'NONE', ( #3805 ), #3342, .F. ) ;
#473 = LINE ( 'NONE', #938, #2254 ) ;
#474 = DIRECTION ( 'NONE',  ( -1.000000000000000000, 0.000000000000000000, -0.000000000000000000 ) ) ;
#475 = VECTOR ( 'NONE', #2549, 1000.000000000000000 ) ;
#476 = VECTOR ( 'NONE', #2528, 1000.000000000000000 ) ;
#477 = LINE ( 'NONE', #2861, #2586 ) ;
#478 = ORIENTED_EDGE ( 'NONE', *, *, #5505, .T. ) ;
#479 = ADVANCED_FACE ( 'NONE', ( #2881 ), #4739, .F. ) ;
#480 = ORIENTED_EDGE ( 'NONE', *, *, #5550, .T. ) ;
#481 = ORIENTED_EDGE ( 'NONE', *, *, #647, .T. ) ;
#482 = AXIS2_PLACEMENT_3D ( 'NONE', #1807, #2707, #2267 ) ;
#483 = EDGE_CURVE ( 'NONE', #1919, #1067, #123, .T. ) ;
#484 = EDGE_CURVE ( 'NONE', #5014, #4772, #4801, .T. ) ;
#485 = DIRECTION ( 'NONE',  ( -1.239088197126290324E-16, 1.000000000000000000, 0.000000000000000000 ) ) ;
#486 = CARTESIAN_POINT ( 'NONE',  ( -3999.999999999999545, -1800.100000000000136, 603.0000000000000000 ) ) ;
#487 = ORIENTED_EDGE ( 'NONE', *, *, #5473, .F. ) ;
#488 = ORIENTED_EDGE ( 'NONE', *, *, #2905, .F. ) ;
#489 = CARTESIAN_POINT ( 'NONE',  ( 3999.999999999999091, -5500.000000000000000, 4.000000000000000000 ) ) ;
#490 = ORIENTED_EDGE ( 'NONE', *, *, #4862, .T. ) ;
#491 = CARTESIAN_POINT ( 'NONE',  ( -5.551115123125782702E-13, 4250.000000000002728, 402.0000000000000000 ) ) ;
#492 = EDGE_CURVE ( 'NONE', #2376, #3616, #4366, .T. ) ;
#493 = DIRECTION ( 'NONE',  ( -0.000000000000000000, -0.000000000000000000, -1.000000000000000000 ) ) ;
#494 = ORIENTED_EDGE ( 'NONE', *, *, #368, .T. ) ;
#495 = LINE ( 'NONE', #3831, #5027 ) ;
#496 = CARTESIAN_POINT ( 'NONE',  ( -1500.000000000000455, 1500.000000000000000, 602.0000000000000000 ) ) ;
#497 = EDGE_LOOP ( 'NONE', ( #3852, #1655, #4186, #4422 ) ) ;
#498 = CARTESIAN_POINT ( 'NONE',  ( 500.0000000000000000, -2200.000000000000000, 602.0000000000000000 ) ) ;
#499 = CARTESIAN_POINT ( 'NONE',  ( 25.00000000000003553, -2200.000000000000000, 652.0000000000000000 ) ) ;
#500 = DIRECTION ( 'NONE',  ( 0.000000000000000000, -0.000000000000000000, -1.000000000000000000 ) ) ;
#501 = VERTEX_POINT ( 'NONE', #2445 ) ;
#502 = VECTOR ( 'NONE', #1077, 1000.000000000000000 ) ;
#503 = CIRCLE ( 'NONE', #4853, 89.99999999999988631 ) ;
#504 = CARTESIAN_POINT ( 'NONE',  ( 4000.000000000000000, -800.0000000000002274, 602.0000000000000000 ) ) ;
#505 = CARTESIAN_POINT ( 'NONE',  ( 3000.000000000000000, -3000.000000000000000, 652.0000000000000000 ) ) ;
#506 = VECTOR ( 'NONE', #376, 1000.000000000000000 ) ;
#507 = CARTESIAN_POINT ( 'NONE',  ( 5599.999999999999091, 5600.000000000000000, 0.000000000000000000 ) ) ;
#508 = VECTOR ( 'NONE', #669, 1000.000000000000000 ) ;
#509 = DIRECTION ( 'NONE',  ( -0.000000000000000000, 1.000000000000000000, -0.000000000000000000 ) ) ;
#510 = EDGE_LOOP ( 'NONE', ( #4833, #4564, #4841, #5775, #3706, #5350 ) ) ;
#511 = VECTOR ( 'NONE', #1186, 1000.000000000000000 ) ;
#512 = ORIENTED_EDGE ( 'NONE', *, *, #146, .T. ) ;
#513 = DIRECTION ( 'NONE',  ( 0.000000000000000000, 1.000000000000000000, -0.000000000000000000 ) ) ;
#514 = ORIENTED_EDGE ( 'NONE', *, *, #4393, .F. ) ;
#515 = EDGE_CURVE ( 'NONE', #1627, #2722, #4333, .T. ) ;
#516 = VECTOR ( 'NONE', #517, 1000.000000000000000 ) ;
#517 = DIRECTION ( 'NONE',  ( 0.000000000000000000, 1.000000000000000000, 0.000000000000000000 ) ) ;
#518 = DIRECTION ( 'NONE',  ( -1.000000000000000000, 0.000000000000000000, 0.000000000000000000 ) ) ;
#519 = ORIENTED_EDGE ( 'NONE', *, *, #4232, .T. ) ;
#520 = EDGE_CURVE ( 'NONE', #3574, #125, #5268, .T. ) ;
#521 = ORIENTED_EDGE ( 'NONE', *, *, #178, .F. ) ;
#522 = VECTOR ( 'NONE', #762, 1000.000000000000000 ) ;
#523 = DIRECTION ( 'NONE',  ( -0.000000000000000000, -0.000000000000000000, -1.000000000000000000 ) ) ;
#524 = ORIENTED_EDGE ( 'NONE', *, *, #2249, .F. ) ;
#525 = DIRECTION ( 'NONE',  ( 0.000000000000000000, 0.000000000000000000, 1.000000000000000000 ) ) ;
#526 = ORIENTED_EDGE ( 'NONE', *, *, #4343, .T. ) ;
#527 = EDGE_CURVE ( 'NONE', #3314, #3686, #2913, .T. ) ;
#528 = CARTESIAN_POINT ( 'NONE',  ( -1800.000000000000909, -500.0000000000000000, 752.0000000000000000 ) ) ;
#529 = DIRECTION ( 'NONE',  ( 1.000000000000000000, 0.000000000000000000, 0.000000000000000000 ) ) ;
#530 = ORIENTED_EDGE ( 'NONE', *, *, #3806, .F. ) ;
#531 = VECTOR ( 'NONE', #5609, 1000.000000000000000 ) ;
#532 = PLANE ( 'NONE',  #5352 ) ;
#533 = LINE ( 'NONE', #3438, #5960 ) ;
#534 = FACE_OUTER_BOUND ( 'NONE', #2241, .T. ) ;
#535 = VERTEX_POINT ( 'NONE', #1450 ) ;
#536 = VECTOR ( 'NONE', #3778, 1000.000000000000000 ) ;
#537 = EDGE_CURVE ( 'NONE', #3361, #1739, #3409, .T. ) ;
#538 = LINE ( 'NONE', #5704, #5231 ) ;
#539 = EDGE_CURVE ( 'NONE', #4230, #2049, #58, .T. ) ;
#540 = CARTESIAN_POINT ( 'NONE',  ( 4000.000000000000000, -2700.000000000000000, 2.000000000000000000 ) ) ;
#541 = CARTESIAN_POINT ( 'NONE',  ( -4000.000000000000909, -5500.000000000000000, 4.000000000000000000 ) ) ;
#542 = CARTESIAN_POINT ( 'NONE',  ( -499.9999999999999432, -2200.000000000000000, 603.0000000000000000 ) ) ;
#543 = ORIENTED_EDGE ( 'NONE', *, *, #1242, .T. ) ;
#544 = ORIENTED_EDGE ( 'NONE', *, *, #2800, .T. ) ;
#545 = DIRECTION ( 'NONE',  ( -0.000000000000000000, 3.700743415417190605E-16, 1.000000000000000000 ) ) ;
#546 = ORIENTED_EDGE ( 'NONE', *, *, #963, .F. ) ;
#547 = LINE ( 'NONE', #4757, #5363 ) ;
#548 = LINE ( 'NONE', #1036, #2358 ) ;
#549 = DIRECTION ( 'NONE',  ( -1.000000000000000000, 0.000000000000000000, 0.000000000000000000 ) ) ;
#550 = ORIENTED_EDGE ( 'NONE', *, *, #4041, .F. ) ;
#551 = EDGE_CURVE ( 'NONE', #2944, #3812, #1543, .T. ) ;
#552 = PLANE ( 'NONE',  #1495 ) ;
#553 = VERTEX_POINT ( 'NONE', #90 ) ;
#554 = ADVANCED_FACE ( 'NONE', ( #5297 ), #985, .F. ) ;
#555 = DIRECTION ( 'NONE',  ( -1.000000000000000000, -0.000000000000000000, -0.000000000000000000 ) ) ;
#556 = EDGE_LOOP ( 'NONE', ( #1330, #3288, #5447, #26 ) ) ;
#557 = DIRECTION ( 'NONE',  ( -1.000000000000000000, -0.000000000000000000, -0.000000000000000000 ) ) ;
#558 = CARTESIAN_POINT ( 'NONE',  ( -1500.000000000000682, -1000.000000000000000, 903.9999999999998863 ) ) ;
#559 = EDGE_LOOP ( 'NONE', ( #54, #2699 ) ) ;
#560 = CARTESIAN_POINT ( 'NONE',  ( -2950.000000000000000, 2950.000000000000000, 604.0000000000000000 ) ) ;
#561 = EDGE_CURVE ( 'NONE', #2309, #1317, #1073, .T. ) ;
#562 = CARTESIAN_POINT ( 'NONE',  ( -500.0000000000006821, 4750.000000000002728, 4.000000000000000000 ) ) ;
#563 = ADVANCED_FACE ( 'NONE', ( #2354 ), #6130, .F. ) ;
#564 = ORIENTED_EDGE ( 'NONE', *, *, #4409, .T. ) ;
#565 = DIRECTION ( 'NONE',  ( 1.000000000000000000, -0.000000000000000000, -0.000000000000000000 ) ) ;
#566 = CARTESIAN_POINT ( 'NONE',  ( -25.00000000000002487, 2200.000000000000000, 652.0000000000000000 ) ) ;
#567 = DIRECTION ( 'NONE',  ( 0.000000000000000000, 0.000000000000000000, 1.000000000000000000 ) ) ;
#568 = DIRECTION ( 'NONE',  ( -1.000000000000000000, -0.000000000000000000, -0.000000000000000000 ) ) ;
#569 = ADVANCED_FACE ( 'NONE', ( #2847 ), #32, .F. ) ;
#570 = EDGE_LOOP ( 'NONE', ( #4904, #2185 ) ) ;
#571 = CARTESIAN_POINT ( 'NONE',  ( -3500.000000000001819, 5500.000000000000000, 4.000000000000000000 ) ) ;
#572 = ORIENTED_EDGE ( 'NONE', *, *, #5273, .T. ) ;
#573 = VECTOR ( 'NONE', #557, 1000.000000000000000 ) ;
#574 = CARTESIAN_POINT ( 'NONE',  ( -249.9999999999998295, -2450.000000000000000, 604.0000000000000000 ) ) ;
#575 = DIRECTION ( 'NONE',  ( 0.000000000000000000, 0.000000000000000000, -1.000000000000000000 ) ) ;
#576 = VERTEX_POINT ( 'NONE', #3000 ) ;
#577 = VECTOR ( 'NONE', #3116, 1000.000000000000000 ) ;
#578 = ORIENTED_EDGE ( 'NONE', *, *, #5700, .T. ) ;
#579 = DIRECTION ( 'NONE',  ( -0.000000000000000000, -0.000000000000000000, -1.000000000000000000 ) ) ;
#580 = ORIENTED_EDGE ( 'NONE', *, *, #3188, .F. ) ;
#581 = LINE ( 'NONE', #4363, #3684 ) ;
#582 = ORIENTED_EDGE ( 'NONE', *, *, #3748, .T. ) ;
#583 = LINE ( 'NONE', #5694, #5325 ) ;
#584 = DIRECTION ( 'NONE',  ( -6.344131569286606971E-16, -1.000000000000000000, 0.000000000000000000 ) ) ;
#585 = VERTEX_POINT ( 'NONE', #4950 ) ;
#586 = LINE ( 'NONE', #2885, #2779 ) ;
#587 = DIRECTION ( 'NONE',  ( -1.000000000000000000, -0.000000000000000000, -0.000000000000000000 ) ) ;
#588 = APPLICATION_PROTOCOL_DEFINITION ( 'draft international standard', 'automotive_design', 1998, #1886 ) ;
#589 = ADVANCED_FACE ( 'NONE', ( #738 ), #646, .T. ) ;
#590 = VERTEX_POINT ( 'NONE', #3925 ) ;
#591 = EDGE_CURVE ( 'NONE', #1601, #3640, #1200, .T. ) ;
#592 = EDGE_CURVE ( 'NONE', #5099, #6114, #2566, .T. ) ;
#593 = DIRECTION ( 'NONE',  ( 1.000000000000000000, -0.000000000000000000, -0.000000000000000000 ) ) ;
#594 = LINE ( 'NONE', #995, #3195 ) ;
#595 = DIRECTION ( 'NONE',  ( 0.000000000000000000, -0.000000000000000000, -1.000000000000000000 ) ) ;
#596 = LINE ( 'NONE', #4900, #5155 ) ;
#597 = EDGE_CURVE ( 'NONE', #2294, #2376, #3497, .T. ) ;
#598 = ORIENTED_EDGE ( 'NONE', *, *, #3542, .F. ) ;
#599 = DIRECTION ( 'NONE',  ( 1.000000000000000000, -4.440892098500641939E-16, 0.000000000000000000 ) ) ;
#600 = ORIENTED_EDGE ( 'NONE', *, *, #5227, .T. ) ;
#601 = VECTOR ( 'NONE', #5862, 1000.000000000000000 ) ;
#602 = AXIS2_PLACEMENT_3D ( 'NONE', #1822, #5044, #6033 ) ;
#603 = DIRECTION ( 'NONE',  ( 0.000000000000000000, 1.000000000000000000, 0.000000000000000000 ) ) ;
#604 = DIRECTION ( 'NONE',  ( 0.000000000000000000, 1.000000000000000000, 0.000000000000000000 ) ) ;
#605 = CARTESIAN_POINT ( 'NONE',  ( -1000.000000000000455, 1000.000000000000000, 903.9999999999998863 ) ) ;
#606 = LINE ( 'NONE', #4012, #3493 ) ;
#607 = EDGE_CURVE ( 'NONE', #3440, #1778, #5387, .T. ) ;
#608 = EDGE_LOOP ( 'NONE', ( #1842, #2386, #6027, #4182 ) ) ;
#609 = VECTOR ( 'NONE', #5216, 1000.000000000000000 ) ;
#610 = LINE ( 'NONE', #5349, #3968 ) ;
#611 = ORIENTED_EDGE ( 'NONE', *, *, #3886, .F. ) ;
#612 = AXIS2_PLACEMENT_3D ( 'NONE', #1560, #2120, #3452 ) ;
#613 = DIRECTION ( 'NONE',  ( 0.000000000000000000, 0.000000000000000000, -1.000000000000000000 ) ) ;
#614 = ORIENTED_EDGE ( 'NONE', *, *, #1128, .T. ) ;
#615 = DIRECTION ( 'NONE',  ( -4.440892098500626162E-16, 1.000000000000000000, -0.000000000000000000 ) ) ;
#616 = CARTESIAN_POINT ( 'NONE',  ( 5499.999999999999091, -5500.000000000000000, 4.000000000000000000 ) ) ;
#617 = AXIS2_PLACEMENT_3D ( 'NONE', #2745, #1322, #964 ) ;
#618 = DIRECTION ( 'NONE',  ( 0.000000000000000000, 0.000000000000000000, 1.000000000000000000 ) ) ;
#619 = CARTESIAN_POINT ( 'NONE',  ( 4000.000000000000000, -1800.000000000000227, 452.0000000000001705 ) ) ;
#620 = DIRECTION ( 'NONE',  ( 1.000000000000000000, 0.000000000000000000, 0.000000000000000000 ) ) ;
#621 = VECTOR ( 'NONE', #1673, 1000.000000000000000 ) ;
#622 = ORIENTED_EDGE ( 'NONE', *, *, #4198, .T. ) ;
#623 = CARTESIAN_POINT ( 'NONE',  ( -3000.000000000000000, -2400.000000000000455, 152.0000000000001705 ) ) ;
#624 = VECTOR ( 'NONE', #4663, 1000.000000000000000 ) ;
#625 = DIRECTION ( 'NONE',  ( -1.000000000000000000, 0.000000000000000000, 0.000000000000000000 ) ) ;
#626 = ADVANCED_FACE ( 'NONE', ( #4917 ), #5446, .F. ) ;
#627 = LINE ( 'NONE', #3906, #816 ) ;
#628 = PLANE ( 'NONE',  #913 ) ;
#629 = LINE ( 'NONE', #5828, #4263 ) ;
#630 = VECTOR ( 'NONE', #5235, 1000.000000000000000 ) ;
#631 = EDGE_CURVE ( 'NONE', #2443, #1477, #5847, .T. ) ;
#632 = VERTEX_POINT ( 'NONE', #3094 ) ;
#633 = DIRECTION ( 'NONE',  ( -0.000000000000000000, -0.000000000000000000, -1.000000000000000000 ) ) ;
#634 = ORIENTED_EDGE ( 'NONE', *, *, #1349, .T. ) ;
#635 = CARTESIAN_POINT ( 'NONE',  ( 4000.000000000000000, -2700.000000000000000, 151.9999999999999432 ) ) ;
#636 = ADVANCED_FACE ( 'NONE', ( #4397 ), #5879, .T. ) ;
#637 = LINE ( 'NONE', #1035, #4965 ) ;
#638 = CARTESIAN_POINT ( 'NONE',  ( 89.99999999999933209, 4250.000000000002728, 402.0000000000000000 ) ) ;
#639 = FACE_OUTER_BOUND ( 'NONE', #4799, .T. ) ;
#640 = ORIENTED_EDGE ( 'NONE', *, *, #1367, .F. ) ;
#641 = CARTESIAN_POINT ( 'NONE',  ( -599.9999999999984084, -3650.000000000001364, 4.000000000000000000 ) ) ;
#642 = ORIENTED_EDGE ( 'NONE', *, *, #1120, .F. ) ;
#643 = DIRECTION ( 'NONE',  ( 0.000000000000000000, -1.000000000000000000, 0.000000000000000000 ) ) ;
#644 = VERTEX_POINT ( 'NONE', #4426 ) ;
#645 = LINE ( 'NONE', #4949, #1554 ) ;
#646 = PLANE ( 'NONE',  #3995 ) ;
#647 = EDGE_CURVE ( 'NONE', #1803, #4075, #3556, .T. ) ;
#648 = LINE ( 'NONE', #3527, #4162 ) ;
#649 = LINE ( 'NONE', #2012, #1288 ) ;
#650 = DIRECTION ( 'NONE',  ( 1.000000000000000000, 0.000000000000000000, 0.000000000000000000 ) ) ;
#651 = VERTEX_POINT ( 'NONE', #4489 ) ;
#652 = DIRECTION ( 'NONE',  ( -0.000000000000000000, -0.000000000000000000, -1.000000000000000000 ) ) ;
#653 = LINE ( 'NONE', #4929, #3646 ) ;
#654 = CARTESIAN_POINT ( 'NONE',  ( -2950.000000000000000, -800.0000000000002274, 602.0000000000000000 ) ) ;
#655 = DIRECTION ( 'NONE',  ( 0.000000000000000000, -1.000000000000000000, -2.035408878479451948E-15 ) ) ;
#656 = DIRECTION ( 'NONE',  ( -0.000000000000000000, -1.000000000000000000, -0.000000000000000000 ) ) ;
#657 = ORIENTED_EDGE ( 'NONE', *, *, #1874, .F. ) ;
#658 = CARTESIAN_POINT ( 'NONE',  ( 3000.000000000000000, 3000.000000000000000, 602.0000000000000000 ) ) ;
#659 = ORIENTED_EDGE ( 'NONE', *, *, #4689, .F. ) ;
#660 = DIRECTION ( 'NONE',  ( -0.000000000000000000, -0.000000000000000000, -1.000000000000000000 ) ) ;
#661 = CARTESIAN_POINT ( 'NONE',  ( 4000.000000000000000, -2400.000000000000455, 152.0000000000001705 ) ) ;
#662 = EDGE_CURVE ( 'NONE', #3100, #4514, #2598, .T. ) ;
#663 = DIRECTION ( 'NONE',  ( 0.000000000000000000, 0.000000000000000000, -1.000000000000000000 ) ) ;
#664 = DIRECTION ( 'NONE',  ( -1.000000000000000000, 0.000000000000000000, -0.000000000000000000 ) ) ;
#665 = EDGE_CURVE ( 'NONE', #935, #5899, #3525, .T. ) ;
#666 = ORIENTED_EDGE ( 'NONE', *, *, #3208, .F. ) ;
#667 = ADVANCED_FACE ( 'NONE', ( #2129 ), #5905, .F. ) ;
#668 = AXIS2_PLACEMENT_3D ( 'NONE', #1702, #1174, #5421 ) ;
#669 = DIRECTION ( 'NONE',  ( 0.000000000000000000, -1.000000000000000000, 0.000000000000000000 ) ) ;
#670 = CARTESIAN_POINT ( 'NONE',  ( 0.000000000000000000, 0.000000000000000000, 652.0000000000000000 ) ) ;
#671 = VECTOR ( 'NONE', #2236, 1000.000000000000000 ) ;
#672 = ORIENTED_EDGE ( 'NONE', *, *, #781, .T. ) ;
#673 = CARTESIAN_POINT ( 'NONE',  ( 1800.000000000001364, 500.0000000000004547, 602.0000000000000000 ) ) ;
#674 = DIRECTION ( 'NONE',  ( 1.000000000000000000, -6.344131569286608943E-16, 0.000000000000000000 ) ) ;
#675 = VECTOR ( 'NONE', #3083, 1000.000000000000000 ) ;
#676 = ORIENTED_EDGE ( 'NONE', *, *, #1157, .T. ) ;
#677 = CARTESIAN_POINT ( 'NONE',  ( -24.99999999999946709, -5500.000000000000000, 52.00000000000000711 ) ) ;
#678 = AXIS2_PLACEMENT_3D ( 'NONE', #1549, #5304, #3787 ) ;
#679 = CARTESIAN_POINT ( 'NONE',  ( -4700.000000000000909, -4800.000000000000000, 4.000000000000000000 ) ) ;
#680 = ADVANCED_FACE ( 'NONE', ( #4050 ), #5936, .F. ) ;
#681 = VERTEX_POINT ( 'NONE', #616 ) ;
#682 = CARTESIAN_POINT ( 'NONE',  ( -249.9999999999998295, -2450.000000000000000, 603.0000000000000000 ) ) ;
#683 = DIRECTION ( 'NONE',  ( 1.000000000000000000, 0.000000000000000000, -0.000000000000000000 ) ) ;
#684 = DIRECTION ( 'NONE',  ( -1.000000000000000000, -0.000000000000000000, -0.000000000000000000 ) ) ;
#685 = LINE ( 'NONE', #3660, #5466 ) ;
#686 = CARTESIAN_POINT ( 'NONE',  ( 1800.000000000001819, -499.9999999999995453, 602.0000000000000000 ) ) ;
#687 = ORIENTED_EDGE ( 'NONE', *, *, #5398, .T. ) ;
#688 = LINE ( 'NONE', #321, #3152 ) ;
#689 = ORIENTED_EDGE ( 'NONE', *, *, #3591, .T. ) ;
#690 = CARTESIAN_POINT ( 'NONE',  ( 0.000000000000000000, 0.000000000000000000, 1702.000000000000000 ) ) ;
#691 = LINE ( 'NONE', #5286, #14 ) ;
#692 = FACE_OUTER_BOUND ( 'NONE', #3118, .T. ) ;
#693 = DIRECTION ( 'NONE',  ( 1.000000000000000000, 0.000000000000000000, 0.000000000000000000 ) ) ;
#694 = AXIS2_PLACEMENT_3D ( 'NONE', #3888, #1558, #3015 ) ;
#695 = ORIENTED_EDGE ( 'NONE', *, *, #4572, .F. ) ;
#696 = VECTOR ( 'NONE', #1336, 1000.000000000000000 ) ;
#697 = ORIENTED_EDGE ( 'NONE', *, *, #2531, .T. ) ;
#698 = DIRECTION ( 'NONE',  ( -0.000000000000000000, -1.000000000000000000, -0.000000000000000000 ) ) ;
#699 = EDGE_CURVE ( 'NONE', #4051, #136, #180, .T. ) ;
#700 = VECTOR ( 'NONE', #417, 1000.000000000000000 ) ;
#701 = VECTOR ( 'NONE', #1968, 1000.000000000000000 ) ;
#702 = DIRECTION ( 'NONE',  ( 0.000000000000000000, 0.000000000000000000, -1.000000000000000000 ) ) ;
#703 = ADVANCED_FACE ( 'NONE', ( #3461 ), #1105, .F. ) ;
#704 = ORIENTED_EDGE ( 'NONE', *, *, #2721, .T. ) ;
#705 = DIRECTION ( 'NONE',  ( -1.000000000000000000, -0.000000000000000000, -0.000000000000000000 ) ) ;
#706 = CARTESIAN_POINT ( 'NONE',  ( -1500.000000000000909, -500.0000000000000000, 752.0000000000000000 ) ) ;
#707 = VECTOR ( 'NONE', #3703, 1000.000000000000000 ) ;
#708 = ORIENTED_EDGE ( 'NONE', *, *, #4490, .F. ) ;
#709 = LINE ( 'NONE', #153, #4362 ) ;
#710 = ORIENTED_EDGE ( 'NONE', *, *, #2230, .F. ) ;
#711 = DIRECTION ( 'NONE',  ( -0.000000000000000000, 0.000000000000000000, -1.000000000000000000 ) ) ;
#712 = EDGE_CURVE ( 'NONE', #4424, #3526, #4018, .T. ) ;
#713 = ORIENTED_EDGE ( 'NONE', *, *, #853, .F. ) ;
#714 = VECTOR ( 'NONE', #1030, 1000.000000000000000 ) ;
#715 = VECTOR ( 'NONE', #2997, 1000.000000000000000 ) ;
#716 = DIRECTION ( 'NONE',  ( -0.000000000000000000, -1.000000000000000000, -0.000000000000000000 ) ) ;
#717 = ORIENTED_EDGE ( 'NONE', *, *, #3542, .T. ) ;
#718 = DIRECTION ( 'NONE',  ( 0.000000000000000000, -0.000000000000000000, 1.000000000000000000 ) ) ;
#719 = AXIS2_PLACEMENT_3D ( 'NONE', #4282, #841, #1430 ) ;
#720 = LINE ( 'NONE', #3602, #1408 ) ;
#721 = LINE ( 'NONE', #5489, #2599 ) ;
#722 = PLANE ( 'NONE',  #416 ) ;
#723 = EDGE_CURVE ( 'NONE', #1564, #1193, #2595, .T. ) ;
#724 = ADVANCED_FACE ( 'NONE', ( #3952 ), #175, .F. ) ;
#725 = ORIENTED_EDGE ( 'NONE', *, *, #2601, .F. ) ;
#726 = LINE ( 'NONE', #5374, #3742 ) ;
#727 = ORIENTED_EDGE ( 'NONE', *, *, #4531, .F. ) ;
#728 = VECTOR ( 'NONE', #3454, 1000.000000000000000 ) ;
#729 = CARTESIAN_POINT ( 'NONE',  ( -5500.000000000000909, -5500.000000000000000, 2.000000000000000000 ) ) ;
#730 = DIRECTION ( 'NONE',  ( 0.000000000000000000, -0.000000000000000000, -1.000000000000000000 ) ) ;
#731 = LINE ( 'NONE', #5665, #3642 ) ;
#732 = DIRECTION ( 'NONE',  ( 1.000000000000000000, 6.344131569286608943E-16, -0.000000000000000000 ) ) ;
#733 = ORIENTED_EDGE ( 'NONE', *, *, #2464, .F. ) ;
#734 = ORIENTED_EDGE ( 'NONE', *, *, #5211, .F. ) ;
#735 = DIRECTION ( 'NONE',  ( 0.000000000000000000, 0.000000000000000000, -1.000000000000000000 ) ) ;
#736 = LINE ( 'NONE', #2747, #318 ) ;
#737 = LINE ( 'NONE', #1163, #2152 ) ;
#738 = FACE_OUTER_BOUND ( 'NONE', #1207, .T. ) ;
#739 = ADVANCED_FACE ( 'NONE', ( #2063 ), #3431, .F. ) ;
#740 = ORIENTED_EDGE ( 'NONE', *, *, #5759, .F. ) ;
#741 = CARTESIAN_POINT ( 'NONE',  ( -2950.000000000000000, -1800.000000000000227, 652.0000000000000000 ) ) ;
#742 = ADVANCED_FACE ( 'NONE', ( #1102 ), #2033, .T. ) ;
#743 = LINE ( 'NONE', #2160, #893 ) ;
#744 = ORIENTED_EDGE ( 'NONE', *, *, #3601, .T. ) ;
#745 = CARTESIAN_POINT ( 'NONE',  ( 5499.999999999999091, -5500.000000000000000, 4.000000000000000000 ) ) ;
#746 = ORIENTED_EDGE ( 'NONE', *, *, #5774, .T. ) ;
#747 = EDGE_CURVE ( 'NONE', #1469, #1477, #3896, .T. ) ;
#748 = CARTESIAN_POINT ( 'NONE',  ( -4000.000000000000909, -5500.000000000000000, 4.000000000000000000 ) ) ;
#749 = ADVANCED_FACE ( 'NONE', ( #1132 ), #1600, .F. ) ;
#750 = FACE_OUTER_BOUND ( 'NONE', #3113, .T. ) ;
#751 = DIRECTION ( 'NONE',  ( 1.000000000000000000, 0.000000000000000000, 0.000000000000000000 ) ) ;
#752 = CARTESIAN_POINT ( 'NONE',  ( 25.00000000000046541, -5500.000000000000000, 52.00000000000000711 ) ) ;
#753 = ORIENTED_EDGE ( 'NONE', *, *, #3701, .T. ) ;
#754 = DIRECTION ( 'NONE',  ( -0.000000000000000000, -0.000000000000000000, -1.000000000000000000 ) ) ;
#755 = VERTEX_POINT ( 'NONE', #2004 ) ;
#756 = LINE ( 'NONE', #1280, #1684 ) ;
#757 = ADVANCED_FACE ( 'NONE', ( #2534 ), #3989, .F. ) ;
#758 = DIRECTION ( 'NONE',  ( 1.000000000000000000, -0.000000000000000000, -0.000000000000000000 ) ) ;
#759 = DIRECTION ( 'NONE',  ( 1.000000000000000000, 0.000000000000000000, 0.000000000000000000 ) ) ;
#760 = ORIENTED_EDGE ( 'NONE', *, *, #1150, .F. ) ;
#761 = EDGE_LOOP ( 'NONE', ( #3039, #2404, #356, #60 ) ) ;
#762 = DIRECTION ( 'NONE',  ( 0.000000000000000000, -1.000000000000000000, 0.000000000000000000 ) ) ;
#763 = DIRECTION ( 'NONE',  ( -0.000000000000000000, -0.000000000000000000, -1.000000000000000000 ) ) ;
#764 = CARTESIAN_POINT ( 'NONE',  ( 4799.999999999999091, -5500.000000000000000, 4.000000000000000000 ) ) ;
#765 = ORIENTED_EDGE ( 'NONE', *, *, #4749, .T. ) ;
#766 = ORIENTED_EDGE ( 'NONE', *, *, #537, .F. ) ;
#767 = DIRECTION ( 'NONE',  ( 0.000000000000000000, 1.000000000000000000, 0.000000000000000000 ) ) ;
#768 = ORIENTED_EDGE ( 'NONE', *, *, #5573, .T. ) ;
#769 = PLANE ( 'NONE',  #5645 ) ;
#770 = VECTOR ( 'NONE', #2184, 1000.000000000000000 ) ;
#771 = ORIENTED_EDGE ( 'NONE', *, *, #3300, .F. ) ;
#772 = CARTESIAN_POINT ( 'NONE',  ( 3000.000000000000000, -3000.000000000000000, 652.0000000000000000 ) ) ;
#773 = VERTEX_POINT ( 'NONE', #3055 ) ;
#774 = AXIS2_PLACEMENT_3D ( 'NONE', #2363, #3234, #5095 ) ;
#775 = CARTESIAN_POINT ( 'NONE',  ( 24.99999999999984013, 4750.000000000002728, 4.000000000000003553 ) ) ;
#776 = LINE ( 'NONE', #4002, #2498 ) ;
#777 = CARTESIAN_POINT ( 'NONE',  ( 24.99999999999982947, 5500.000000000000000, 2.000000000000000000 ) ) ;
#778 = EDGE_CURVE ( 'NONE', #436, #2939, #4946, .T. ) ;
#779 = CARTESIAN_POINT ( 'NONE',  ( 250.0000000000002274, -2450.000000000000000, 603.0000000000000000 ) ) ;
#780 = EDGE_CURVE ( 'NONE', #3314, #249, #240, .T. ) ;
#781 = EDGE_CURVE ( 'NONE', #4621, #808, #3494, .T. ) ;
#782 = ORIENTED_EDGE ( 'NONE', *, *, #291, .F. ) ;
#783 = DIRECTION ( 'NONE',  ( -0.000000000000000000, 1.000000000000000000, -0.000000000000000000 ) ) ;
#784 = EDGE_LOOP ( 'NONE', ( #2304, #3310, #5662, #3624, #5937, #4229, #704, #2410 ) ) ;
#785 = DIRECTION ( 'NONE',  ( -1.000000000000000000, -0.000000000000000000, -0.000000000000000000 ) ) ;
#786 = ADVANCED_FACE ( 'NONE', ( #3554 ), #1197, .F. ) ;
#787 = LINE ( 'NONE', #2645, #2790 ) ;
#788 = FACE_OUTER_BOUND ( 'NONE', #2022, .T. ) ;
#789 = ORIENTED_EDGE ( 'NONE', *, *, #5132, .F. ) ;
#790 = ORIENTED_EDGE ( 'NONE', *, *, #5435, .T. ) ;
#791 = DIRECTION ( 'NONE',  ( -1.000000000000000000, 0.000000000000000000, 0.000000000000000000 ) ) ;
#792 = DIRECTION ( 'NONE',  ( 0.000000000000000000, -1.000000000000000000, -0.000000000000000000 ) ) ;
#793 = AXIS2_PLACEMENT_3D ( 'NONE', #1754, #2786, #4240 ) ;
#794 = EDGE_CURVE ( 'NONE', #4662, #3111, #581, .T. ) ;
#795 = VECTOR ( 'NONE', #4112, 1000.000000000000000 ) ;
#796 = DIRECTION ( 'NONE',  ( 1.000000000000000000, 0.000000000000000000, 0.000000000000000000 ) ) ;
#797 = ORIENTED_EDGE ( 'NONE', *, *, #5098, .T. ) ;
#798 = VERTEX_POINT ( 'NONE', #120 ) ;
#799 = DIRECTION ( 'NONE',  ( 0.000000000000000000, 0.000000000000000000, 1.000000000000000000 ) ) ;
#800 = VECTOR ( 'NONE', #292, 1000.000000000000000 ) ;
#801 = ORIENTED_EDGE ( 'NONE', *, *, #1910, .T. ) ;
#802 = AXIS2_PLACEMENT_3D ( 'NONE', #4391, #1537, #5840 ) ;
#803 = DIRECTION ( 'NONE',  ( -1.000000000000000000, -0.000000000000000000, -0.000000000000000000 ) ) ;
#804 = ORIENTED_EDGE ( 'NONE', *, *, #780, .F. ) ;
#805 = DIRECTION ( 'NONE',  ( -0.000000000000000000, -1.000000000000000000, -0.000000000000000000 ) ) ;
#806 = LINE ( 'NONE', #2227, #924 ) ;
#807 = VECTOR ( 'NONE', #2147, 1000.000000000000000 ) ;
#808 = VERTEX_POINT ( 'NONE', #5788 ) ;
#809 = DIRECTION ( 'NONE',  ( 1.000000000000000000, 0.000000000000000000, 0.000000000000000000 ) ) ;
#810 = FACE_OUTER_BOUND ( 'NONE', #5709, .T. ) ;
#811 = DIRECTION ( 'NONE',  ( 0.000000000000000000, 1.000000000000000000, 0.000000000000000000 ) ) ;
#812 = DIRECTION ( 'NONE',  ( -0.000000000000000000, -1.000000000000000000, -0.000000000000000000 ) ) ;
#813 = AXIS2_PLACEMENT_3D ( 'NONE', #5040, #792, #5569 ) ;
#814 = EDGE_CURVE ( 'NONE', #4141, #2818, #1539, .T. ) ;
#815 = ORIENTED_EDGE ( 'NONE', *, *, #5627, .F. ) ;
#816 = VECTOR ( 'NONE', #4406, 1000.000000000000000 ) ;
#817 = CARTESIAN_POINT ( 'NONE',  ( -2950.000000000000000, -800.0000000000002274, 652.0000000000000000 ) ) ;
#818 = ADVANCED_FACE ( 'NONE', ( #2961 ), #2507, .F. ) ;
#819 = DIRECTION ( 'NONE',  ( -0.000000000000000000, 0.000000000000000000, -1.000000000000000000 ) ) ;
#820 = LINE ( 'NONE', #1251, #5162 ) ;
#821 = ORIENTED_EDGE ( 'NONE', *, *, #6085, .F. ) ;
#822 = STYLED_ITEM ( 'NONE', ( #5928 ), #217 ) ;
#823 = ORIENTED_EDGE ( 'NONE', *, *, #4286, .T. ) ;
#824 = ORIENTED_EDGE ( 'NONE', *, *, #94, .T. ) ;
#825 = EDGE_CURVE ( 'NONE', #3448, #4180, #2216, .T. ) ;
#826 = CARTESIAN_POINT ( 'NONE',  ( 2200.000000000000000, 2950.000000000000000, 602.0000000000000000 ) ) ;
#827 = CARTESIAN_POINT ( 'NONE',  ( 500.0000000000000000, 2950.000000000000000, 602.0000000000000000 ) ) ;
#828 = VECTOR ( 'NONE', #3435, 1000.000000000000000 ) ;
#829 = CARTESIAN_POINT ( 'NONE',  ( 25.00000000000021672, 3000.000000000000000, 2.000000000000000000 ) ) ;
#830 = ORIENTED_EDGE ( 'NONE', *, *, #5890, .T. ) ;
#831 = ORIENTED_EDGE ( 'NONE', *, *, #2103, .F. ) ;
#832 = DIRECTION ( 'NONE',  ( 0.000000000000000000, 1.000000000000000000, 0.000000000000000000 ) ) ;
#833 = VERTEX_POINT ( 'NONE', #270 ) ;
#834 = LINE ( 'NONE', #5141, #1879 ) ;
#835 = EDGE_CURVE ( 'NONE', #773, #2413, #1228, .T. ) ;
#836 = VERTEX_POINT ( 'NONE', #1721 ) ;
#837 = CARTESIAN_POINT ( 'NONE',  ( -5.551115123125782702E-13, 4250.000000000002728, 502.0000000000000000 ) ) ;
#838 = PLANE ( 'NONE',  #3202 ) ;
#839 = ORIENTED_EDGE ( 'NONE', *, *, #3601, .F. ) ;
#840 = DIRECTION ( 'NONE',  ( -1.000000000000000000, -0.000000000000000000, -0.000000000000000000 ) ) ;
#841 = DIRECTION ( 'NONE',  ( -1.000000000000000000, 0.000000000000000000, 0.000000000000000000 ) ) ;
#842 = CARTESIAN_POINT ( 'NONE',  ( 2950.000000000000000, -800.0000000000002274, 652.0000000000000000 ) ) ;
#843 = ORIENTED_EDGE ( 'NONE', *, *, #1237, .F. ) ;
#844 = VERTEX_POINT ( 'NONE', #332 ) ;
#845 = LINE ( 'NONE', #907, #2362 ) ;
#846 = LINE ( 'NONE', #5925, #3471 ) ;
#847 = CARTESIAN_POINT ( 'NONE',  ( 4799.999999999999091, -4800.000000000000000, 2.000000000000000000 ) ) ;
#848 = ORIENTED_EDGE ( 'NONE', *, *, #3290, .T. ) ;
#849 = LINE ( 'NONE', #2742, #2311 ) ;
#850 = EDGE_LOOP ( 'NONE', ( #1718, #3965, #1238, #2189 ) ) ;
#851 = VERTEX_POINT ( 'NONE', #1323 ) ;
#852 = CARTESIAN_POINT ( 'NONE',  ( 4000.000000000000000, -1800.100000000000136, 603.0000000000000000 ) ) ;
#853 = EDGE_CURVE ( 'NONE', #5604, #2834, #736, .T. ) ;
#854 = CARTESIAN_POINT ( 'NONE',  ( 24.99999999999984013, 4750.000000000002728, 2.000000000000000000 ) ) ;
#855 = EDGE_CURVE ( 'NONE', #2826, #1225, #2244, .T. ) ;
#856 = CARTESIAN_POINT ( 'NONE',  ( 1500.000000000001819, -499.9999999999996021, 602.0000000000000000 ) ) ;
#857 = EDGE_LOOP ( 'NONE', ( #3651, #460, #2051, #3710, #1129 ) ) ;
#858 = EDGE_CURVE ( 'NONE', #1254, #6123, #2625, .T. ) ;
#859 = EDGE_LOOP ( 'NONE', ( #3891, #2117, #2212, #5566, #2632 ) ) ;
#860 = FACE_OUTER_BOUND ( 'NONE', #570, .T. ) ;
#861 = ORIENTED_EDGE ( 'NONE', *, *, #5079, .T. ) ;
#862 = FACE_OUTER_BOUND ( 'NONE', #3728, .T. ) ;
#863 = ORIENTED_EDGE ( 'NONE', *, *, #712, .F. ) ;
#864 = PLANE ( 'NONE',  #1657 ) ;
#865 = DIRECTION ( 'NONE',  ( 3.108624468950436341E-15, 1.000000000000000000, -0.000000000000000000 ) ) ;
#866 = ORIENTED_EDGE ( 'NONE', *, *, #2677, .F. ) ;
#867 = FACE_OUTER_BOUND ( 'NONE', #246, .T. ) ;
#868 = AXIS2_PLACEMENT_3D ( 'NONE', #3716, #4090, #1393 ) ;
#869 = CARTESIAN_POINT ( 'NONE',  ( -24.99999999999957723, -4850.000000000000909, 4.000000000000000000 ) ) ;
#870 = CARTESIAN_POINT ( 'NONE',  ( 90.00000000000001421, 0.000000000000000000, 1601.999999999999773 ) ) ;
#871 = VERTEX_POINT ( 'NONE', #827 ) ;
#872 = AXIS2_PLACEMENT_3D ( 'NONE', #3339, #2878, #525 ) ;
#873 = EDGE_CURVE ( 'NONE', #2918, #5602, #4079, .T. ) ;
#874 = VECTOR ( 'NONE', #796, 1000.000000000000000 ) ;
#875 = ORIENTED_EDGE ( 'NONE', *, *, #4286, .F. ) ;
#876 = DIRECTION ( 'NONE',  ( 0.000000000000000000, 0.000000000000000000, 1.000000000000000000 ) ) ;
#877 = VECTOR ( 'NONE', #3385, 1000.000000000000000 ) ;
#878 = CARTESIAN_POINT ( 'NONE',  ( -25.00000000000015987, 5500.000000000000000, 52.00000000000000711 ) ) ;
#879 = DIRECTION ( 'NONE',  ( 0.000000000000000000, 0.000000000000000000, 1.000000000000000000 ) ) ;
#880 = ORIENTED_EDGE ( 'NONE', *, *, #1076, .T. ) ;
#881 = SURFACE_SIDE_STYLE ('',( #4628 ) ) ;
#882 = VERTEX_POINT ( 'NONE', #2154 ) ;
#883 = ORIENTED_EDGE ( 'NONE', *, *, #5857, .F. ) ;
#884 = CARTESIAN_POINT ( 'NONE',  ( -24.99999999999946709, -5500.000000000000000, 2.000000000000000000 ) ) ;
#885 = CARTESIAN_POINT ( 'NONE',  ( 3999.999999999999091, -4800.000000000000000, 4.000000000000000000 ) ) ;
#886 = ORIENTED_EDGE ( 'NONE', *, *, #2809, .F. ) ;
#887 = ORIENTED_EDGE ( 'NONE', *, *, #325, .T. ) ;
#888 = EDGE_CURVE ( 'NONE', #5595, #1848, #3151, .T. ) ;
#889 = DIRECTION ( 'NONE',  ( 0.000000000000000000, 0.000000000000000000, 1.000000000000000000 ) ) ;
#890 = VERTEX_POINT ( 'NONE', #854 ) ;
#891 = DIRECTION ( 'NONE',  ( 1.000000000000000000, 0.000000000000000000, 0.000000000000000000 ) ) ;
#892 = ADVANCED_FACE ( 'NONE', ( #5535 ), #4634, .T. ) ;
#893 = VECTOR ( 'NONE', #803, 1000.000000000000000 ) ;
#894 = ORIENTED_EDGE ( 'NONE', *, *, #2491, .F. ) ;
#895 = FACE_OUTER_BOUND ( 'NONE', #1909, .T. ) ;
#896 = CARTESIAN_POINT ( 'NONE',  ( -5.551115123125782702E-13, 4250.000000000002728, 502.0000000000000000 ) ) ;
#897 = ORIENTED_EDGE ( 'NONE', *, *, #2824, .F. ) ;
#898 = VECTOR ( 'NONE', #3327, 1000.000000000000000 ) ;
#899 = VECTOR ( 'NONE', #5327, 1000.000000000000000 ) ;
#900 = DIRECTION ( 'NONE',  ( 0.000000000000000000, 0.000000000000000000, 1.000000000000000000 ) ) ;
#901 = ADVANCED_FACE ( 'NONE', ( #4604 ), #3645, .F. ) ;
#902 = CARTESIAN_POINT ( 'NONE',  ( -249.9999999999998295, -2450.000000000000000, 604.0000000000000000 ) ) ;
#903 = LINE ( 'NONE', #4712, #3770 ) ;
#904 = VECTOR ( 'NONE', #4651, 1000.000000000000000 ) ;
#905 = ORIENTED_EDGE ( 'NONE', *, *, #1454, .F. ) ;
#906 = VECTOR ( 'NONE', #449, 1000.000000000000000 ) ;
#907 = CARTESIAN_POINT ( 'NONE',  ( -500.0000000000006821, 3750.000000000002728, 4.000000000000000000 ) ) ;
#908 = EDGE_CURVE ( 'NONE', #3335, #2294, #2278, .T. ) ;
#909 = LINE ( 'NONE', #5156, #3179 ) ;
#910 = CARTESIAN_POINT ( 'NONE',  ( 3000.000000000000000, -3000.000000000000000, 602.0000000000000000 ) ) ;
#911 = ADVANCED_FACE ( 'NONE', ( #5968 ), #2686, .F. ) ;
#912 = ORIENTED_EDGE ( 'NONE', *, *, #2839, .T. ) ;
#913 = AXIS2_PLACEMENT_3D ( 'NONE', #4317, #1144, #2545 ) ;
#914 = ORIENTED_EDGE ( 'NONE', *, *, #3591, .F. ) ;
#915 = ORIENTED_EDGE ( 'NONE', *, *, #4690, .F. ) ;
#916 = VECTOR ( 'NONE', #5183, 1000.000000000000000 ) ;
#917 = LINE ( 'NONE', #2810, #5070 ) ;
#918 = LINE ( 'NONE', #5656, #3347 ) ;
#919 = EDGE_LOOP ( 'NONE', ( #5524, #823, #1924, #5972, #4410, #2432, #2953, #2251 ) ) ;
#920 = ORIENTED_EDGE ( 'NONE', *, *, #1189, .T. ) ;
#921 = DIRECTION ( 'NONE',  ( 5.551115123125782702E-17, 1.000000000000000000, 0.000000000000000000 ) ) ;
#922 = ORIENTED_EDGE ( 'NONE', *, *, #5812, .F. ) ;
#923 = LINE ( 'NONE', #6072, #2673 ) ;
#924 = VECTOR ( 'NONE', #6007, 1000.000000000000000 ) ;
#925 = CARTESIAN_POINT ( 'NONE',  ( 25.00000000000000711, -3650.000000000001364, 52.00000000000000711 ) ) ;
#926 = EDGE_CURVE ( 'NONE', #4447, #3722, #1747, .T. ) ;
#927 = ORIENTED_EDGE ( 'NONE', *, *, #232, .T. ) ;
#928 = DIRECTION ( 'NONE',  ( 0.000000000000000000, -1.000000000000000000, 0.000000000000000000 ) ) ;
#929 = CARTESIAN_POINT ( 'NONE',  ( 1500.000000000001137, -999.9999999999996589, 903.9999999999998863 ) ) ;
#930 = VERTEX_POINT ( 'NONE', #5933 ) ;
#931 = CARTESIAN_POINT ( 'NONE',  ( 2950.000000000000000, 2450.000000000000000, 602.0000000000000000 ) ) ;
#932 = CARTESIAN_POINT ( 'NONE',  ( 4699.999999999999091, -5500.000000000000000, 4.000000000000000000 ) ) ;
#933 = CARTESIAN_POINT ( 'NONE',  ( -1500.000000000000455, 999.9999999999998863, 903.9999999999998863 ) ) ;
#934 = ADVANCED_FACE ( 'NONE', ( #5076 ), #3707, .F. ) ;
#935 = VERTEX_POINT ( 'NONE', #4516 ) ;
#936 = EDGE_CURVE ( 'NONE', #1253, #3648, #4048, .T. ) ;
#937 = EDGE_CURVE ( 'NONE', #1627, #3063, #5474, .T. ) ;
#938 = CARTESIAN_POINT ( 'NONE',  ( -3000.000000000000000, -1800.000000000000227, 652.0000000000000000 ) ) ;
#939 = FACE_OUTER_BOUND ( 'NONE', #5929, .T. ) ;
#940 = LINE ( 'NONE', #2399, #3873 ) ;
#941 = ORIENTED_EDGE ( 'NONE', *, *, #1883, .F. ) ;
#942 = ORIENTED_EDGE ( 'NONE', *, *, #3297, .T. ) ;
#943 = ORIENTED_EDGE ( 'NONE', *, *, #5403, .T. ) ;
#944 = ADVANCED_FACE ( 'NONE', ( #4544 ), #1379, .T. ) ;
#945 = CARTESIAN_POINT ( 'NONE',  ( 4699.999999999999091, -4800.000000000000000, 4.000000000000000000 ) ) ;
#946 = CARTESIAN_POINT ( 'NONE',  ( 2950.000000000000000, -2450.000000000000000, 602.0000000000000000 ) ) ;
#947 = EDGE_LOOP ( 'NONE', ( #186, #3162, #211, #3673 ) ) ;
#948 = ORIENTED_EDGE ( 'NONE', *, *, #747, .T. ) ;
#949 = DIRECTION ( 'NONE',  ( 0.000000000000000000, 0.000000000000000000, 1.000000000000000000 ) ) ;
#950 = ORIENTED_EDGE ( 'NONE', *, *, #3936, .F. ) ;
#951 = CARTESIAN_POINT ( 'NONE',  ( -3000.000000000000000, -800.0000000000002274, 602.0000000000000000 ) ) ;
#952 = FACE_OUTER_BOUND ( 'NONE', #6091, .T. ) ;
#953 = ORIENTED_EDGE ( 'NONE', *, *, #3507, .T. ) ;
#954 = DIRECTION ( 'NONE',  ( 0.000000000000000000, 0.000000000000000000, 1.000000000000000000 ) ) ;
#955 = DIRECTION ( 'NONE',  ( 0.000000000000000000, -0.000000000000000000, 1.000000000000000000 ) ) ;
#956 = ORIENTED_EDGE ( 'NONE', *, *, #4749, .F. ) ;
#957 = LINE ( 'NONE', #931, #2579 ) ;
#958 = LINE ( 'NONE', #3230, #4975 ) ;
#959 = LINE ( 'NONE', #2854, #1986 ) ;
#960 = VERTEX_POINT ( 'NONE', #5655 ) ;
#961 = VECTOR ( 'NONE', #928, 1000.000000000000000 ) ;
#962 = LINE ( 'NONE', #5678, #3549 ) ;
#963 = EDGE_CURVE ( 'NONE', #2394, #1270, #547, .T. ) ;
#964 = DIRECTION ( 'NONE',  ( -1.000000000000000000, 0.000000000000000000, -0.000000000000000000 ) ) ;
#965 = CARTESIAN_POINT ( 'NONE',  ( -1499.999999999999773, 2249.999999999999545, 602.0000000000000000 ) ) ;
#966 = EDGE_CURVE ( 'NONE', #52, #2150, #1412, .T. ) ;
#967 = VECTOR ( 'NONE', #1620, 1000.000000000000000 ) ;
#968 = VECTOR ( 'NONE', #5041, 1000.000000000000000 ) ;
#969 = CARTESIAN_POINT ( 'NONE',  ( -25.00000000000013500, 1500.000000000000000, 652.0000000000000000 ) ) ;
#970 = ORIENTED_EDGE ( 'NONE', *, *, #699, .T. ) ;
#971 = ORIENTED_EDGE ( 'NONE', *, *, #1042, .T. ) ;
#972 = DIRECTION ( 'NONE',  ( -0.000000000000000000, -0.000000000000000000, -1.000000000000000000 ) ) ;
#973 = VERTEX_POINT ( 'NONE', #945 ) ;
#974 = VECTOR ( 'NONE', #1705, 1000.000000000000000 ) ;
#975 = EDGE_CURVE ( 'NONE', #5161, #4885, #3305, .T. ) ;
#976 = CARTESIAN_POINT ( 'NONE',  ( -1500.000000000000455, -1500.000000000000000, 602.0000000000000000 ) ) ;
#977 = DIRECTION ( 'NONE',  ( -1.000000000000000000, 0.000000000000000000, -0.000000000000000000 ) ) ;
#978 = DIRECTION ( 'NONE',  ( -1.982541115402064678E-17, 1.000000000000000000, 0.000000000000000000 ) ) ;
#979 = VERTEX_POINT ( 'NONE', #5714 ) ;
#980 = CARTESIAN_POINT ( 'NONE',  ( -3000.000000000000000, -2400.000000000000455, 301.9999999999999432 ) ) ;
#981 = ORIENTED_EDGE ( 'NONE', *, *, #4471, .T. ) ;
#982 = CARTESIAN_POINT ( 'NONE',  ( -1500.000000000000455, -1500.000000000000000, 602.0000000000000000 ) ) ;
#983 = ORIENTED_EDGE ( 'NONE', *, *, #5848, .T. ) ;
#984 = PLANE ( 'NONE',  #3737 ) ;
#985 = PLANE ( 'NONE',  #2414 ) ;
#986 = ADVANCED_FACE ( 'NONE', ( #427 ), #3762, .F. ) ;
#987 = ORIENTED_EDGE ( 'NONE', *, *, #592, .F. ) ;
#988 = CARTESIAN_POINT ( 'NONE',  ( 4000.000000000000000, -1800.100000000000136, 603.0000000000000000 ) ) ;
#989 = CARTESIAN_POINT ( 'NONE',  ( -2950.000000000000000, -1800.000000000000227, 652.0000000000000000 ) ) ;
#990 = DIRECTION ( 'NONE',  ( 0.000000000000000000, 0.000000000000000000, 1.000000000000000000 ) ) ;
#991 = ORIENTED_EDGE ( 'NONE', *, *, #29, .F. ) ;
#992 = VECTOR ( 'NONE', #6003, 1000.000000000000000 ) ;
#993 = AXIS2_PLACEMENT_3D ( 'NONE', #5819, #4492, #2068 ) ;
#994 = PLANE ( 'NONE',  #678 ) ;
#995 = CARTESIAN_POINT ( 'NONE',  ( 600.0000000000018190, -4850.000000000000909, 4.000000000000000000 ) ) ;
#996 = AXIS2_PLACEMENT_3D ( 'NONE', #2208, #5958, #5989 ) ;
#997 = CARTESIAN_POINT ( 'NONE',  ( 0.000000000000000000, 0.000000000000000000, 4.000000000000000000 ) ) ;
#998 = VECTOR ( 'NONE', #239, 1000.000000000000000 ) ;
#999 = DIRECTION ( 'NONE',  ( 1.000000000000000000, 0.000000000000000000, 0.000000000000000000 ) ) ;
#1000 = EDGE_CURVE ( 'NONE', #5553, #4092, #4262, .T. ) ;
#1001 = ORIENTED_EDGE ( 'NONE', *, *, #4499, .T. ) ;
#1002 = VECTOR ( 'NONE', #3017, 1000.000000000000000 ) ;
#1003 = ORIENTED_EDGE ( 'NONE', *, *, #4470, .F. ) ;
#1004 = LINE ( 'NONE', #2925, #1755 ) ;
#1005 = ORIENTED_EDGE ( 'NONE', *, *, #3462, .F. ) ;
#1006 = EDGE_CURVE ( 'NONE', #3020, #2169, #3796, .T. ) ;
#1007 = AXIS2_PLACEMENT_3D ( 'NONE', #3505, #190, #4096 ) ;
#1008 = VECTOR ( 'NONE', #1070, 1000.000000000000000 ) ;
#1009 = LINE ( 'NONE', #5222, #516 ) ;
#1010 = LINE ( 'NONE', #2373, #82 ) ;
#1011 = LINE ( 'NONE', #5224, #1486 ) ;
#1012 = EDGE_CURVE ( 'NONE', #5880, #3239, #1009, .T. ) ;
#1013 = ORIENTED_EDGE ( 'NONE', *, *, #5177, .F. ) ;
#1014 = VECTOR ( 'NONE', #375, 1000.000000000000000 ) ;
#1015 = CARTESIAN_POINT ( 'NONE',  ( 1499.999999999999773, 2249.999999999999545, 602.0000000000000000 ) ) ;
#1016 = ORIENTED_EDGE ( 'NONE', *, *, #1869, .T. ) ;
#1017 = DIRECTION ( 'NONE',  ( 0.000000000000000000, 0.000000000000000000, 1.000000000000000000 ) ) ;
#1018 = ORIENTED_EDGE ( 'NONE', *, *, #4301, .F. ) ;
#1019 = CARTESIAN_POINT ( 'NONE',  ( -2950.000000000000000, -2950.000000000000000, 604.0000000000000000 ) ) ;
#1020 = DIRECTION ( 'NONE',  ( 1.000000000000000000, 0.000000000000000000, 0.000000000000000000 ) ) ;
#1021 = ORIENTED_EDGE ( 'NONE', *, *, #294, .F. ) ;
#1022 = VECTOR ( 'NONE', #1188, 1000.000000000000000 ) ;
#1023 = CARTESIAN_POINT ( 'NONE',  ( -1000.000000000000455, -1500.000000000000000, 903.9999999999998863 ) ) ;
#1024 = CARTESIAN_POINT ( 'NONE',  ( -90.00000000000001421, 1.102182119232618069E-14, 1601.999999999999773 ) ) ;
#1025 = PRODUCT_DEFINITION ( 'UNKNOWN', '', #4272, #3974 ) ;
#1026 = PLANE ( 'NONE',  #1095 ) ;
#1027 = ORIENTED_EDGE ( 'NONE', *, *, #3848, .F. ) ;
#1028 = LINE ( 'NONE', #5333, #86 ) ;
#1029 = CARTESIAN_POINT ( 'NONE',  ( -2200.000000000000000, 2950.000000000000000, 604.0000000000000000 ) ) ;
#1030 = DIRECTION ( 'NONE',  ( -0.000000000000000000, -0.000000000000000000, -1.000000000000000000 ) ) ;
#1031 = DIRECTION ( 'NONE',  ( -0.000000000000000000, -0.000000000000000000, -1.000000000000000000 ) ) ;
#1032 = ORIENTED_EDGE ( 'NONE', *, *, #4884, .T. ) ;
#1033 = LINE ( 'NONE', #5310, #6016 ) ;
#1034 = VERTEX_POINT ( 'NONE', #1351 ) ;
#1035 = CARTESIAN_POINT ( 'NONE',  ( 25.00000000000002132, -1500.000000000000000, 652.0000000000000000 ) ) ;
#1036 = CARTESIAN_POINT ( 'NONE',  ( 2450.000000000000000, -2950.000000000000000, 604.0000000000000000 ) ) ;
#1037 = ORIENTED_EDGE ( 'NONE', *, *, #5513, .F. ) ;
#1038 = EDGE_LOOP ( 'NONE', ( #450, #458, #6018, #4045 ) ) ;
#1039 = DIRECTION ( 'NONE',  ( -1.000000000000000000, 0.000000000000000000, -0.000000000000000000 ) ) ;
#1040 = EDGE_CURVE ( 'NONE', #2413, #5553, #2372, .T. ) ;
#1041 = ORIENTED_EDGE ( 'NONE', *, *, #4811, .F. ) ;
#1042 = EDGE_CURVE ( 'NONE', #3132, #4505, #1441, .T. ) ;
#1043 = DIRECTION ( 'NONE',  ( -1.000000000000000000, 0.000000000000000000, 0.000000000000000000 ) ) ;
#1044 = EDGE_CURVE ( 'NONE', #5807, #5019, #4204, .T. ) ;
#1045 = EDGE_LOOP ( 'NONE', ( #5777, #5610, #3911, #4973 ) ) ;
#1046 = CARTESIAN_POINT ( 'NONE',  ( 4000.000000000000000, -1800.100000000000136, 602.0000000000000000 ) ) ;
#1047 = CARTESIAN_POINT ( 'NONE',  ( 0.000000000000000000, 0.000000000000000000, 602.0000000000000000 ) ) ;
#1048 = ORIENTED_EDGE ( 'NONE', *, *, #937, .F. ) ;
#1049 = CARTESIAN_POINT ( 'NONE',  ( -499.9999999999999432, -2200.000000000000000, 603.0000000000000000 ) ) ;
#1050 = CARTESIAN_POINT ( 'NONE',  ( 1499.999999999999545, -1500.000000000000000, 602.0000000000000000 ) ) ;
#1051 = CARTESIAN_POINT ( 'NONE',  ( 0.000000000000000000, 0.000000000000000000, 4.000000000000000000 ) ) ;
#1052 = EDGE_LOOP ( 'NONE', ( #471, #1516, #2029, #4792, #1339, #950, #3129, #228, #2418, #3730, #3893, #5464, #1041, #3222, #1149, #1867, #4442, #105, #4629, #3664, #4753, #1775, #5415, #2622, #3803, #2002, #5965, #1621 ) ) ;
#1053 = DIRECTION ( 'NONE',  ( 4.440892098500626162E-16, -1.000000000000000000, 0.000000000000000000 ) ) ;
#1054 = DIRECTION ( 'NONE',  ( 1.000000000000000000, 0.000000000000000000, 0.000000000000000000 ) ) ;
#1055 = DIRECTION ( 'NONE',  ( 0.000000000000000000, -1.000000000000000000, 0.000000000000000000 ) ) ;
#1056 = LINE ( 'NONE', #192, #1190 ) ;
#1057 = EDGE_CURVE ( 'NONE', #553, #1253, #78, .T. ) ;
#1058 = ORIENTED_EDGE ( 'NONE', *, *, #1429, .F. ) ;
#1059 = LINE ( 'NONE', #4350, #4830 ) ;
#1060 = VERTEX_POINT ( 'NONE', #976 ) ;
#1061 = DIRECTION ( 'NONE',  ( 0.000000000000000000, 0.000000000000000000, 1.000000000000000000 ) ) ;
#1062 = VECTOR ( 'NONE', #4614, 1000.000000000000000 ) ;
#1063 = DIRECTION ( 'NONE',  ( -0.000000000000000000, -0.000000000000000000, -1.000000000000000000 ) ) ;
#1064 = DIRECTION ( 'NONE',  ( 1.000000000000000000, 0.000000000000000000, -0.000000000000000000 ) ) ;
#1065 = CARTESIAN_POINT ( 'NONE',  ( -24.99999999999977263, 3000.000000000000000, 52.00000000000000711 ) ) ;
#1066 = AXIS2_PLACEMENT_3D ( 'NONE', #3573, #1647, #4036 ) ;
#1067 = VERTEX_POINT ( 'NONE', #453 ) ;
#1068 = LINE ( 'NONE', #5318, #508 ) ;
#1069 = ORIENTED_EDGE ( 'NONE', *, *, #5295, .F. ) ;
#1070 = DIRECTION ( 'NONE',  ( -0.000000000000000000, -0.000000000000000000, -1.000000000000000000 ) ) ;
#1071 = EDGE_LOOP ( 'NONE', ( #4993, #1155, #5620, #948 ) ) ;
#1072 = CARTESIAN_POINT ( 'NONE',  ( 4000.000000000000000, -2700.000000000000000, 2.000000000000000000 ) ) ;
#1073 = LINE ( 'NONE', #465, #1420 ) ;
#1074 = EDGE_CURVE ( 'NONE', #1778, #833, #49, .T. ) ;
#1075 = CARTESIAN_POINT ( 'NONE',  ( 0.000000000000000000, 0.000000000000000000, 652.0000000000000000 ) ) ;
#1076 = EDGE_CURVE ( 'NONE', #3123, #3794, #3242, .T. ) ;
#1077 = DIRECTION ( 'NONE',  ( -0.000000000000000000, -0.000000000000000000, -1.000000000000000000 ) ) ;
#1078 = APPLICATION_PROTOCOL_DEFINITION ( 'draft international standard', 'automotive_design', 1998, #2405 ) ;
#1079 = VERTEX_POINT ( 'NONE', #884 ) ;
#1080 = EDGE_CURVE ( 'NONE', #45, #1646, #4297, .T. ) ;
#1081 = CARTESIAN_POINT ( 'NONE',  ( 5499.999999999999091, -4800.000000000000000, 4.000000000000000000 ) ) ;
#1082 = DIRECTION ( 'NONE',  ( 0.000000000000000000, -0.000000000000000000, -1.000000000000000000 ) ) ;
#1083 = DIRECTION ( 'NONE',  ( 0.000000000000000000, 0.000000000000000000, -1.000000000000000000 ) ) ;
#1084 = DIRECTION ( 'NONE',  ( 1.000000000000000000, 0.000000000000000000, 0.000000000000000000 ) ) ;
#1085 = VECTOR ( 'NONE', #2023, 1000.000000000000000 ) ;
#1086 = ORIENTED_EDGE ( 'NONE', *, *, #294, .T. ) ;
#1087 = LINE ( 'NONE', #2984, #5131 ) ;
#1088 = ORIENTED_EDGE ( 'NONE', *, *, #1550, .T. ) ;
#1089 = VECTOR ( 'NONE', #1250, 1000.000000000000000 ) ;
#1090 = EDGE_CURVE ( 'NONE', #2842, #2101, #1934, .T. ) ;
#1091 = VECTOR ( 'NONE', #4187, 1000.000000000000000 ) ;
#1092 = CARTESIAN_POINT ( 'NONE',  ( -4800.000000000000909, -5500.000000000000000, 4.000000000000000000 ) ) ;
#1093 = EDGE_CURVE ( 'NONE', #3051, #2309, #917, .T. ) ;
#1094 = LINE ( 'NONE', #3515, #4270 ) ;
#1095 = AXIS2_PLACEMENT_3D ( 'NONE', #1051, #5765, #650 ) ;
#1096 = DIRECTION ( 'NONE',  ( -0.000000000000000000, -1.000000000000000000, -0.000000000000000000 ) ) ;
#1097 = DIRECTION ( 'NONE',  ( 0.000000000000000000, -1.000000000000000000, 0.000000000000000000 ) ) ;
#1098 = ORIENTED_EDGE ( 'NONE', *, *, #178, .T. ) ;
#1099 = FACE_OUTER_BOUND ( 'NONE', #3780, .T. ) ;
#1100 = EDGE_LOOP ( 'NONE', ( #3979, #942, #4014, #3826, #1018, #2874, #6108, #659, #5508, #3551, #1500, #2671, #3985, #5987 ) ) ;
#1101 = VECTOR ( 'NONE', #5686, 1000.000000000000000 ) ;
#1102 = FACE_OUTER_BOUND ( 'NONE', #2340, .T. ) ;
#1103 = VERTEX_POINT ( 'NONE', #2343 ) ;
#1104 = PLANE ( 'NONE',  #5221 ) ;
#1105 = PLANE ( 'NONE',  #4588 ) ;
#1106 = AXIS2_PLACEMENT_3D ( 'NONE', #5279, #5861, #3506 ) ;
#1107 = DIRECTION ( 'NONE',  ( -0.000000000000000000, -0.000000000000000000, -1.000000000000000000 ) ) ;
#1108 = DIRECTION ( 'NONE',  ( -0.000000000000000000, -0.000000000000000000, -1.000000000000000000 ) ) ;
#1109 = EDGE_CURVE ( 'NONE', #1856, #177, #4233, .T. ) ;
#1110 = VERTEX_POINT ( 'NONE', #661 ) ;
#1111 = CARTESIAN_POINT ( 'NONE',  ( -1000.000000000000455, -1000.000000000000000, 903.9999999999998863 ) ) ;
#1112 = VECTOR ( 'NONE', #4072, 1000.000000000000000 ) ;
#1113 = LINE ( 'NONE', #3504, #2856 ) ;
#1114 = CARTESIAN_POINT ( 'NONE',  ( -135.0000000000000000, 0.000000000000000000, 1702.000000000000000 ) ) ;
#1115 = LINE ( 'NONE', #4437, #6058 ) ;
#1116 = EDGE_CURVE ( 'NONE', #3855, #2926, #5869, .T. ) ;
#1117 = CARTESIAN_POINT ( 'NONE',  ( -5500.000000000000909, 5500.000000000000000, 2.000000000000000000 ) ) ;
#1118 = VECTOR ( 'NONE', #1394, 1000.000000000000000 ) ;
#1119 = EDGE_CURVE ( 'NONE', #3819, #2150, #3487, .T. ) ;
#1120 = EDGE_CURVE ( 'NONE', #4303, #2722, #1532, .T. ) ;
#1121 = ORIENTED_EDGE ( 'NONE', *, *, #1685, .F. ) ;
#1122 = DIRECTION ( 'NONE',  ( -0.000000000000000000, 1.000000000000000000, -0.000000000000000000 ) ) ;
#1123 = EDGE_LOOP ( 'NONE', ( #1362, #5913, #1529, #5854 ) ) ;
#1124 = LINE ( 'NONE', #4477, #5444 ) ;
#1125 = CARTESIAN_POINT ( 'NONE',  ( 250.0000000000002274, -2450.000000000000000, 604.0000000000000000 ) ) ;
#1126 = FACE_OUTER_BOUND ( 'NONE', #5753, .T. ) ;
#1127 = CARTESIAN_POINT ( 'NONE',  ( 1500.000000000001364, 500.0000000000003411, 752.0000000000000000 ) ) ;
#1128 = EDGE_CURVE ( 'NONE', #3455, #5080, #2465, .T. ) ;
#1129 = ORIENTED_EDGE ( 'NONE', *, *, #3215, .T. ) ;
#1130 = LINE ( 'NONE', #3491, #1590 ) ;
#1131 = ORIENTED_EDGE ( 'NONE', *, *, #2905, .T. ) ;
#1132 = FACE_OUTER_BOUND ( 'NONE', #1540, .T. ) ;
#1133 = ORIENTED_EDGE ( 'NONE', *, *, #4649, .T. ) ;
#1134 = CARTESIAN_POINT ( 'NONE',  ( 600.0000000000009095, -3650.000000000001364, 2.000000000000000000 ) ) ;
#1135 = CARTESIAN_POINT ( 'NONE',  ( 1499.999999999999545, 1500.000000000000000, 901.9999999999998863 ) ) ;
#1136 = LINE ( 'NONE', #3558, #5742 ) ;
#1137 = EDGE_LOOP ( 'NONE', ( #5479, #2855, #4207, #4877, #1357 ) ) ;
#1138 = DIRECTION ( 'NONE',  ( 1.000000000000000000, 0.000000000000000000, -0.000000000000000000 ) ) ;
#1139 = DIRECTION ( 'NONE',  ( 0.000000000000000000, 1.000000000000000000, 0.000000000000000000 ) ) ;
#1140 = ORIENTED_EDGE ( 'NONE', *, *, #2758, .F. ) ;
#1141 = DIRECTION ( 'NONE',  ( 0.000000000000000000, 0.000000000000000000, 1.000000000000000000 ) ) ;
#1142 = FACE_OUTER_BOUND ( 'NONE', #2447, .T. ) ;
#1143 = DIRECTION ( 'NONE',  ( -0.000000000000000000, 1.000000000000000000, -0.000000000000000000 ) ) ;
#1144 = DIRECTION ( 'NONE',  ( 0.000000000000000000, -0.000000000000000000, 1.000000000000000000 ) ) ;
#1145 = LINE ( 'NONE', #2489, #1888 ) ;
#1146 = EDGE_CURVE ( 'NONE', #1969, #3448, #142, .T. ) ;
#1147 = VERTEX_POINT ( 'NONE', #3423 ) ;
#1148 = CARTESIAN_POINT ( 'NONE',  ( 499.9999999999993179, 4750.000000000002728, 4.000000000000000000 ) ) ;
#1149 = ORIENTED_EDGE ( 'NONE', *, *, #4070, .F. ) ;
#1150 = EDGE_CURVE ( 'NONE', #1377, #2603, #3982, .T. ) ;
#1151 = CARTESIAN_POINT ( 'NONE',  ( -1000.000000000000455, 1500.000000000000000, 901.9999999999998863 ) ) ;
#1152 = DIRECTION ( 'NONE',  ( -4.440448053695257548E-16, 1.000000000000000000, -0.000000000000000000 ) ) ;
#1153 = LINE ( 'NONE', #2556, #675 ) ;
#1154 = LINE ( 'NONE', #1625, #5963 ) ;
#1155 = ORIENTED_EDGE ( 'NONE', *, *, #4460, .F. ) ;
#1156 = ORIENTED_EDGE ( 'NONE', *, *, #4198, .F. ) ;
#1157 = EDGE_CURVE ( 'NONE', #2944, #1225, #2527, .T. ) ;
#1158 = AXIS2_PLACEMENT_3D ( 'NONE', #2384, #5267, #57 ) ;
#1159 = LINE ( 'NONE', #4484, #3181 ) ;
#1160 = DIRECTION ( 'NONE',  ( 0.000000000000000000, -1.000000000000000000, 0.000000000000000000 ) ) ;
#1161 = AXIS2_PLACEMENT_3D ( 'NONE', #2495, #513, #3449 ) ;
#1162 = VERTEX_POINT ( 'NONE', #3945 ) ;
#1163 = CARTESIAN_POINT ( 'NONE',  ( -5500.000000000000909, 5500.000000000000000, 2.000000000000000000 ) ) ;
#1164 = DIRECTION ( 'NONE',  ( 0.000000000000000000, 1.000000000000000000, 0.000000000000000000 ) ) ;
#1165 = VECTOR ( 'NONE', #2687, 1000.000000000000000 ) ;
#1166 = ORIENTED_EDGE ( 'NONE', *, *, #3332, .T. ) ;
#1167 = FACE_OUTER_BOUND ( 'NONE', #5159, .T. ) ;
#1168 = VECTOR ( 'NONE', #5948, 1000.000000000000000 ) ;
#1169 = ORIENTED_EDGE ( 'NONE', *, *, #1146, .F. ) ;
#1170 = EDGE_CURVE ( 'NONE', #3675, #1877, #3397, .T. ) ;
#1171 = CARTESIAN_POINT ( 'NONE',  ( -24.99999999999998224, -3650.000000000001364, 52.00000000000000711 ) ) ;
#1172 = ADVANCED_FACE ( 'NONE', ( #2587 ), #1623, .F. ) ;
#1173 = EDGE_LOOP ( 'NONE', ( #4934, #4787, #5900, #672, #2421, #107, #2730, #2767 ) ) ;
#1174 = DIRECTION ( 'NONE',  ( 1.000000000000000000, 0.000000000000000000, 0.000000000000000000 ) ) ;
#1175 = ORIENTED_EDGE ( 'NONE', *, *, #3519, .F. ) ;
#1176 = FACE_OUTER_BOUND ( 'NONE', #3858, .T. ) ;
#1177 = CARTESIAN_POINT ( 'NONE',  ( -500.0000000000000000, -2950.000000000000000, 602.0000000000000000 ) ) ;
#1178 = PLANE ( 'NONE',  #4679 ) ;
#1179 = CARTESIAN_POINT ( 'NONE',  ( 1000.000000000000455, 1500.000000000000227, 903.9999999999998863 ) ) ;
#1180 = ORIENTED_EDGE ( 'NONE', *, *, #2809, .T. ) ;
#1181 = DIRECTION ( 'NONE',  ( -1.000000000000000000, 0.000000000000000000, 0.000000000000000000 ) ) ;
#1182 = ORIENTED_EDGE ( 'NONE', *, *, #1704, .F. ) ;
#1183 = AXIS2_PLACEMENT_3D ( 'NONE', #3451, #3422, #1061 ) ;
#1184 = LINE ( 'NONE', #3079, #3066 ) ;
#1185 = EDGE_CURVE ( 'NONE', #288, #4654, #1094, .T. ) ;
#1186 = DIRECTION ( 'NONE',  ( -1.000000000000000000, -0.000000000000000000, -0.000000000000000000 ) ) ;
#1187 = FACE_OUTER_BOUND ( 'NONE', #4390, .T. ) ;
#1188 = DIRECTION ( 'NONE',  ( 4.440892098500626162E-16, -1.000000000000000000, 0.000000000000000000 ) ) ;
#1189 = EDGE_CURVE ( 'NONE', #2005, #344, #637, .T. ) ;
#1190 = VECTOR ( 'NONE', #656, 1000.000000000000000 ) ;
#1191 = ORIENTED_EDGE ( 'NONE', *, *, #2463, .T. ) ;
#1192 = VECTOR ( 'NONE', #4773, 1000.000000000000000 ) ;
#1193 = VERTEX_POINT ( 'NONE', #5378 ) ;
#1194 = CARTESIAN_POINT ( 'NONE',  ( -1500.000000000000455, -1500.000000000000000, 602.0000000000000000 ) ) ;
#1195 = VECTOR ( 'NONE', #4370, 1000.000000000000000 ) ;
#1196 = AXIS2_PLACEMENT_3D ( 'NONE', #1417, #949, #4271 ) ;
#1197 = PLANE ( 'NONE',  #4771 ) ;
#1198 = EDGE_CURVE ( 'NONE', #5137, #5083, #5744, .T. ) ;
#1199 = FACE_OUTER_BOUND ( 'NONE', #1320, .T. ) ;
#1200 = LINE ( 'NONE', #1693, #1324 ) ;
#1201 = EDGE_CURVE ( 'NONE', #3237, #5192, #691, .T. ) ;
#1202 = VECTOR ( 'NONE', #1063, 1000.000000000000000 ) ;
#1203 = ORIENTED_EDGE ( 'NONE', *, *, #1044, .T. ) ;
#1204 = VECTOR ( 'NONE', #990, 1000.000000000000000 ) ;
#1205 = CARTESIAN_POINT ( 'NONE',  ( 1500.000000000001819, -499.9999999999996021, 752.0000000000000000 ) ) ;
#1206 = DIRECTION ( 'NONE',  ( -1.000000000000000000, -0.000000000000000000, -0.000000000000000000 ) ) ;
#1207 = EDGE_LOOP ( 'NONE', ( #6095, #1498, #3414, #5170 ) ) ;
#1208 = AXIS2_PLACEMENT_3D ( 'NONE', #2892, #2517, #2978 ) ;
#1209 = DIRECTION ( 'NONE',  ( 0.000000000000000000, 0.000000000000000000, -1.000000000000000000 ) ) ;
#1210 = ORIENTED_EDGE ( 'NONE', *, *, #5794, .T. ) ;
#1211 = LINE ( 'NONE', #3105, #3351 ) ;
#1212 = EDGE_CURVE ( 'NONE', #844, #4431, #4353, .T. ) ;
#1213 = VECTOR ( 'NONE', #469, 1000.000000000000000 ) ;
#1214 = CARTESIAN_POINT ( 'NONE',  ( 1000.000000000000455, 1000.000000000000227, 903.9999999999998863 ) ) ;
#1215 = CARTESIAN_POINT ( 'NONE',  ( 0.000000000000000000, 0.000000000000000000, 652.0000000000000000 ) ) ;
#1216 = LINE ( 'NONE', #1179, #506 ) ;
#1217 = EDGE_LOOP ( 'NONE', ( #4257, #4694, #3358, #5471 ) ) ;
#1218 = CARTESIAN_POINT ( 'NONE',  ( -5600.000000000000909, -5600.000000000000000, 0.000000000000000000 ) ) ;
#1219 = ORIENTED_EDGE ( 'NONE', *, *, #2791, .T. ) ;
#1220 = AXIS2_PLACEMENT_3D ( 'NONE', #896, #2196, #1300 ) ;
#1221 = CARTESIAN_POINT ( 'NONE',  ( -90.00000000000044054, 4250.000000000002728, 502.0000000000000000 ) ) ;
#1222 = LINE ( 'NONE', #1465, #5750 ) ;
#1223 = CARTESIAN_POINT ( 'NONE',  ( -4000.000000000000909, -5500.000000000000000, 2.000000000000000000 ) ) ;
#1224 = CARTESIAN_POINT ( 'NONE',  ( -5.551115123125782702E-13, 4250.000000000002728, 502.0000000000000000 ) ) ;
#1225 = VERTEX_POINT ( 'NONE', #197 ) ;
#1226 = ORIENTED_EDGE ( 'NONE', *, *, #3215, .F. ) ;
#1227 = DIRECTION ( 'NONE',  ( 1.000000000000000000, -0.000000000000000000, -0.000000000000000000 ) ) ;
#1228 = LINE ( 'NONE', #5502, #2300 ) ;
#1229 = PLANE ( 'NONE',  #3837 ) ;
#1230 = DIRECTION ( 'NONE',  ( 1.000000000000000000, -0.000000000000000000, -0.000000000000000000 ) ) ;
#1231 = ORIENTED_EDGE ( 'NONE', *, *, #647, .F. ) ;
#1232 = EDGE_CURVE ( 'NONE', #4037, #3593, #4907, .T. ) ;
#1233 = LINE ( 'NONE', #3650, #6044 ) ;
#1234 = ORIENTED_EDGE ( 'NONE', *, *, #3376, .T. ) ;
#1235 = EDGE_CURVE ( 'NONE', #2944, #5604, #4815, .T. ) ;
#1236 = CARTESIAN_POINT ( 'NONE',  ( 4000.000000000000000, -2400.000000000000455, 301.9999999999999432 ) ) ;
#1237 = EDGE_CURVE ( 'NONE', #5083, #590, #3045, .T. ) ;
#1238 = ORIENTED_EDGE ( 'NONE', *, *, #4677, .T. ) ;
#1239 = DIRECTION ( 'NONE',  ( 0.000000000000000000, 0.000000000000000000, 1.000000000000000000 ) ) ;
#1240 = EDGE_LOOP ( 'NONE', ( #3562, #478, #2223, #3205 ) ) ;
#1241 = LINE ( 'NONE', #3935, #4139 ) ;
#1242 = EDGE_CURVE ( 'NONE', #4447, #2413, #4939, .T. ) ;
#1243 = DIRECTION ( 'NONE',  ( -0.000000000000000000, 1.000000000000000000, -0.000000000000000000 ) ) ;
#1244 = DIRECTION ( 'NONE',  ( 0.000000000000000000, 0.000000000000000000, 1.000000000000000000 ) ) ;
#1245 = CARTESIAN_POINT ( 'NONE',  ( -3000.000000000000000, 3000.000000000000000, 602.0000000000000000 ) ) ;
#1246 = EDGE_LOOP ( 'NONE', ( #831, #3767, #2266, #386 ) ) ;
#1247 = PLANE ( 'NONE',  #2950 ) ;
#1248 = VERTEX_POINT ( 'NONE', #2955 ) ;
#1249 = ADVANCED_FACE ( 'NONE', ( #4845 ), #5097, .F. ) ;
#1250 = DIRECTION ( 'NONE',  ( -0.000000000000000000, -1.000000000000000000, -0.000000000000000000 ) ) ;
#1251 = CARTESIAN_POINT ( 'NONE',  ( 5499.999999999999091, -5500.000000000000000, 2.000000000000000000 ) ) ;
#1252 = CARTESIAN_POINT ( 'NONE',  ( -599.9999999999984084, -4850.000000000000909, 2.000000000000000000 ) ) ;
#1253 = VERTEX_POINT ( 'NONE', #385 ) ;
#1254 = VERTEX_POINT ( 'NONE', #3145 ) ;
#1255 = LINE ( 'NONE', #826, #6050 ) ;
#1256 = CARTESIAN_POINT ( 'NONE',  ( 5499.999999999999091, 4500.000000000000000, 2.000000000000000000 ) ) ;
#1257 = FACE_OUTER_BOUND ( 'NONE', #2866, .T. ) ;
#1258 = ORIENTED_EDGE ( 'NONE', *, *, #4842, .F. ) ;
#1259 = AXIS2_PLACEMENT_3D ( 'NONE', #1480, #1972, #5175 ) ;
#1260 = EDGE_LOOP ( 'NONE', ( #121, #697, #970, #4784 ) ) ;
#1261 = CARTESIAN_POINT ( 'NONE',  ( 4000.000000000000000, 2700.000000000000000, 2.000000000000000000 ) ) ;
#1262 = ORIENTED_EDGE ( 'NONE', *, *, #5891, .F. ) ;
#1263 = DIRECTION ( 'NONE',  ( 0.000000000000000000, 1.000000000000000000, 0.000000000000000000 ) ) ;
#1264 = VECTOR ( 'NONE', #55, 1000.000000000000000 ) ;
#1265 = AXIS2_PLACEMENT_3D ( 'NONE', #4234, #6120, #1381 ) ;
#1266 = ADVANCED_FACE ( 'NONE', ( #4597 ), #3210, .F. ) ;
#1267 = ORIENTED_EDGE ( 'NONE', *, *, #5320, .F. ) ;
#1268 = LINE ( 'NONE', #5048, #4334 ) ;
#1269 = CARTESIAN_POINT ( 'NONE',  ( 25.00000000000004974, 1500.000000000000000, 652.0000000000000000 ) ) ;
#1270 = VERTEX_POINT ( 'NONE', #2238 ) ;
#1271 = EDGE_CURVE ( 'NONE', #4221, #5271, #4539, .T. ) ;
#1272 = VECTOR ( 'NONE', #5487, 1000.000000000000000 ) ;
#1273 = CARTESIAN_POINT ( 'NONE',  ( -2950.000000000000000, -1800.000000000000227, 652.0000000000000000 ) ) ;
#1274 = LINE ( 'NONE', #1766, #5269 ) ;
#1275 = CARTESIAN_POINT ( 'NONE',  ( 4000.000000000000000, -2400.000000000000455, 152.0000000000001705 ) ) ;
#1276 = CARTESIAN_POINT ( 'NONE',  ( -499.9999999999999432, 2200.000000000000000, 603.0000000000000000 ) ) ;
#1277 = EDGE_CURVE ( 'NONE', #1717, #3239, #5561, .T. ) ;
#1278 = ORIENTED_EDGE ( 'NONE', *, *, #1988, .F. ) ;
#1279 = CARTESIAN_POINT ( 'NONE',  ( -2950.000000000000000, -1800.000000000000227, 652.0000000000000000 ) ) ;
#1280 = CARTESIAN_POINT ( 'NONE',  ( -3000.000000000000000, -1800.100000000000136, 602.0000000000000000 ) ) ;
#1281 = CARTESIAN_POINT ( 'NONE',  ( 3000.000000000000000, 2700.000000000000000, 2.000000000000000000 ) ) ;
#1282 = ORIENTED_EDGE ( 'NONE', *, *, #2934, .F. ) ;
#1283 = ORIENTED_EDGE ( 'NONE', *, *, #5890, .F. ) ;
#1284 = ORIENTED_EDGE ( 'NONE', *, *, #5473, .T. ) ;
#1285 = DIRECTION ( 'NONE',  ( 0.000000000000000000, 1.000000000000000000, 7.401486830834381209E-16 ) ) ;
#1286 = EDGE_CURVE ( 'NONE', #4609, #5789, #5434, .T. ) ;
#1287 = DIRECTION ( 'NONE',  ( 1.000000000000000000, 4.440892098500626162E-16, -0.000000000000000000 ) ) ;
#1288 = VECTOR ( 'NONE', #2968, 1000.000000000000000 ) ;
#1289 = VECTOR ( 'NONE', #4210, 1000.000000000000000 ) ;
#1290 = PLANE ( 'NONE',  #4625 ) ;
#1291 = ORIENTED_EDGE ( 'NONE', *, *, #3204, .T. ) ;
#1292 = ORIENTED_EDGE ( 'NONE', *, *, #873, .F. ) ;
#1293 = CARTESIAN_POINT ( 'NONE',  ( -5600.000000000000909, 5600.000000000000000, 100.0000000000000000 ) ) ;
#1294 = VECTOR ( 'NONE', #4197, 1000.000000000000000 ) ;
#1295 = ORIENTED_EDGE ( 'NONE', *, *, #3204, .F. ) ;
#1296 = AXIS2_PLACEMENT_3D ( 'NONE', #641, #4421, #1690 ) ;
#1297 = DIRECTION ( 'NONE',  ( -0.000000000000000000, -0.000000000000000000, -1.000000000000000000 ) ) ;
#1298 = VERTEX_POINT ( 'NONE', #4130 ) ;
#1299 = CARTESIAN_POINT ( 'NONE',  ( -3000.000000000000000, -3000.000000000000000, 2.000000000000000000 ) ) ;
#1300 = DIRECTION ( 'NONE',  ( 1.000000000000000000, 0.000000000000000000, 0.000000000000000000 ) ) ;
#1301 = VECTOR ( 'NONE', #3101, 1000.000000000000000 ) ;
#1302 = VECTOR ( 'NONE', #2330, 1000.000000000000000 ) ;
#1303 = VERTEX_POINT ( 'NONE', #3081 ) ;
#1304 = CARTESIAN_POINT ( 'NONE',  ( 2999.900000000000091, -1800.000000000000227, 603.0000000000000000 ) ) ;
#1305 = CARTESIAN_POINT ( 'NONE',  ( 600.0000000000009095, -3650.000000000001364, 4.000000000000000000 ) ) ;
#1306 = LINE ( 'NONE', #4592, #3672 ) ;
#1307 = VECTOR ( 'NONE', #3853, 1000.000000000000000 ) ;
#1308 = ORIENTED_EDGE ( 'NONE', *, *, #4420, .F. ) ;
#1309 = ORIENTED_EDGE ( 'NONE', *, *, #1454, .T. ) ;
#1310 = VECTOR ( 'NONE', #1054, 1000.000000000000000 ) ;
#1311 = DIRECTION ( 'NONE',  ( -0.000000000000000000, -0.000000000000000000, -1.000000000000000000 ) ) ;
#1312 = EDGE_CURVE ( 'NONE', #1848, #3483, #5033, .T. ) ;
#1313 = DIRECTION ( 'NONE',  ( 0.000000000000000000, -0.000000000000000000, 1.000000000000000000 ) ) ;
#1314 = EDGE_CURVE ( 'NONE', #2832, #297, #4976, .T. ) ;
#1315 = EDGE_CURVE ( 'NONE', #4483, #2496, #787, .T. ) ;
#1316 = CARTESIAN_POINT ( 'NONE',  ( 500.0000000000000000, -2200.000000000000000, 603.0000000000000000 ) ) ;
#1317 = VERTEX_POINT ( 'NONE', #847 ) ;
#1318 = CARTESIAN_POINT ( 'NONE',  ( 0.000000000000000000, 0.000000000000000000, 1702.000000000000000 ) ) ;
#1319 = VECTOR ( 'NONE', #236, 1000.000000000000000 ) ;
#1320 = EDGE_LOOP ( 'NONE', ( #3864, #1656, #5542, #2248, #746 ) ) ;
#1321 = ORIENTED_EDGE ( 'NONE', *, *, #216, .F. ) ;
#1322 = DIRECTION ( 'NONE',  ( 0.000000000000000000, 0.000000000000000000, -1.000000000000000000 ) ) ;
#1323 = CARTESIAN_POINT ( 'NONE',  ( -4000.000000000000000, -2100.000000000000455, 451.9999999999995453 ) ) ;
#1324 = VECTOR ( 'NONE', #674, 1000.000000000000000 ) ;
#1325 = LINE ( 'NONE', #3186, #5618 ) ;
#1326 = VERTEX_POINT ( 'NONE', #3609 ) ;
#1327 = EDGE_CURVE ( 'NONE', #2693, #5282, #2740, .T. ) ;
#1328 = EDGE_LOOP ( 'NONE', ( #6071, #3262, #1180, #4750 ) ) ;
#1329 = DIRECTION ( 'NONE',  ( 0.000000000000000000, 1.000000000000000000, 0.000000000000000000 ) ) ;
#1330 = ORIENTED_EDGE ( 'NONE', *, *, #1457, .F. ) ;
#1331 = DIRECTION ( 'NONE',  ( 0.000000000000000000, 1.000000000000000000, 0.000000000000000000 ) ) ;
#1332 = ORIENTED_EDGE ( 'NONE', *, *, #3913, .F. ) ;
#1333 = CARTESIAN_POINT ( 'NONE',  ( -3999.999999999999545, -1800.100000000000136, 602.0000000000000000 ) ) ;
#1334 = CARTESIAN_POINT ( 'NONE',  ( -3500.000000000001819, 5500.000000000000000, 4.000000000000000000 ) ) ;
#1335 = ORIENTED_EDGE ( 'NONE', *, *, #5483, .T. ) ;
#1336 = DIRECTION ( 'NONE',  ( -1.000000000000000000, -0.000000000000000000, -0.000000000000000000 ) ) ;
#1337 = DIRECTION ( 'NONE',  ( -1.000000000000000000, 0.000000000000000000, 0.000000000000000000 ) ) ;
#1338 = LINE ( 'NONE', #870, #904 ) ;
#1339 = ORIENTED_EDGE ( 'NONE', *, *, #5491, .T. ) ;
#1340 = ORIENTED_EDGE ( 'NONE', *, *, #2367, .T. ) ;
#1341 = FACE_OUTER_BOUND ( 'NONE', #5127, .T. ) ;
#1342 = DIRECTION ( 'NONE',  ( -0.000000000000000000, -0.000000000000000000, -1.000000000000000000 ) ) ;
#1343 = LINE ( 'NONE', #2831, #414 ) ;
#1344 = ADVANCED_FACE ( 'NONE', ( #4069 ), #1715, .F. ) ;
#1345 = ORIENTED_EDGE ( 'NONE', *, *, #551, .T. ) ;
#1346 = DIRECTION ( 'NONE',  ( 0.000000000000000000, -0.000000000000000000, -1.000000000000000000 ) ) ;
#1347 = ORIENTED_EDGE ( 'NONE', *, *, #4153, .T. ) ;
#1348 = ORIENTED_EDGE ( 'NONE', *, *, #3635, .F. ) ;
#1349 = EDGE_CURVE ( 'NONE', #2681, #5602, #820, .T. ) ;
#1350 = PRODUCT ( 'ABU2027_field_v1', 'ABU2027_field_v1', '', ( #5301 ) ) ;
#1351 = CARTESIAN_POINT ( 'NONE',  ( 1000.000000000000455, 1000.000000000000227, 903.9999999999998863 ) ) ;
#1352 = DIRECTION ( 'NONE',  ( 0.000000000000000000, -0.000000000000000000, 1.000000000000000000 ) ) ;
#1353 = VERTEX_POINT ( 'NONE', #5529 ) ;
#1354 = EDGE_CURVE ( 'NONE', #3012, #3237, #2619, .T. ) ;
#1355 = ORIENTED_EDGE ( 'NONE', *, *, #2209, .T. ) ;
#1356 = DIRECTION ( 'NONE',  ( 1.110223024625156540E-16, 1.000000000000000000, 0.000000000000000000 ) ) ;
#1357 = ORIENTED_EDGE ( 'NONE', *, *, #4844, .T. ) ;
#1358 = CARTESIAN_POINT ( 'NONE',  ( -24.99999999999998224, -3650.000000000001364, 52.00000000000000711 ) ) ;
#1359 = VERTEX_POINT ( 'NONE', #1281 ) ;
#1360 = DIRECTION ( 'NONE',  ( -1.000000000000000000, 0.000000000000000000, 0.000000000000000000 ) ) ;
#1361 = CARTESIAN_POINT ( 'NONE',  ( -499.9999999999999432, 2200.000000000000000, 603.0000000000000000 ) ) ;
#1362 = ORIENTED_EDGE ( 'NONE', *, *, #4990, .F. ) ;
#1363 = ADVANCED_FACE ( 'NONE', ( #5896 ), #3176, .F. ) ;
#1364 = DIRECTION ( 'NONE',  ( 0.000000000000000000, 1.000000000000000000, -3.700743415417190605E-16 ) ) ;
#1365 = VECTOR ( 'NONE', #5145, 1000.000000000000000 ) ;
#1366 = DIRECTION ( 'NONE',  ( -0.000000000000000000, -0.000000000000000000, -1.000000000000000000 ) ) ;
#1367 = EDGE_CURVE ( 'NONE', #2720, #3020, #3546, .T. ) ;
#1368 = CARTESIAN_POINT ( 'NONE',  ( 500.0000000000000000, -2200.000000000000000, 603.0000000000000000 ) ) ;
#1369 = VERTEX_POINT ( 'NONE', #4042 ) ;
#1370 = VECTOR ( 'NONE', #462, 1000.000000000000000 ) ;
#1371 = ORIENTED_EDGE ( 'NONE', *, *, #4033, .T. ) ;
#1372 = FACE_OUTER_BOUND ( 'NONE', #2600, .T. ) ;
#1373 = CARTESIAN_POINT ( 'NONE',  ( 1500.000000000001819, -499.9999999999996021, 752.0000000000000000 ) ) ;
#1374 = LINE ( 'NONE', #3357, #609 ) ;
#1375 = ORIENTED_EDGE ( 'NONE', *, *, #2230, .T. ) ;
#1376 = ORIENTED_EDGE ( 'NONE', *, *, #1427, .F. ) ;
#1377 = VERTEX_POINT ( 'NONE', #5926 ) ;
#1378 = EDGE_CURVE ( 'NONE', #5908, #836, #1680, .T. ) ;
#1379 = PLANE ( 'NONE',  #5855 ) ;
#1380 = EDGE_CURVE ( 'NONE', #4075, #5440, #1222, .T. ) ;
#1381 = DIRECTION ( 'NONE',  ( 0.000000000000000000, -0.000000000000000000, -1.000000000000000000 ) ) ;
#1382 = PLANE ( 'NONE',  #2277 ) ;
#1383 = ORIENTED_EDGE ( 'NONE', *, *, #5441, .T. ) ;
#1384 = LINE ( 'NONE', #5169, #205 ) ;
#1385 = EDGE_CURVE ( 'NONE', #4551, #585, #477, .T. ) ;
#1386 = ORIENTED_EDGE ( 'NONE', *, *, #5528, .T. ) ;
#1387 = DIRECTION ( 'NONE',  ( 0.000000000000000000, -0.000000000000000000, 1.000000000000000000 ) ) ;
#1388 = VECTOR ( 'NONE', #4566, 1000.000000000000000 ) ;
#1389 = EDGE_CURVE ( 'NONE', #1103, #4895, #4693, .T. ) ;
#1390 = FACE_OUTER_BOUND ( 'NONE', #3662, .T. ) ;
#1391 = ADVANCED_FACE ( 'NONE', ( #4199 ), #5619, .F. ) ;
#1392 = ORIENTED_EDGE ( 'NONE', *, *, #1327, .F. ) ;
#1393 = DIRECTION ( 'NONE',  ( 1.000000000000000000, 0.000000000000000000, -0.000000000000000000 ) ) ;
#1394 = DIRECTION ( 'NONE',  ( -1.000000000000000000, 0.000000000000000000, 0.000000000000000000 ) ) ;
#1395 = ORIENTED_EDGE ( 'NONE', *, *, #1585, .F. ) ;
#1396 = VECTOR ( 'NONE', #5763, 1000.000000000000000 ) ;
#1397 = LINE ( 'NONE', #3289, #3257 ) ;
#1398 = DIRECTION ( 'NONE',  ( -0.000000000000000000, -0.000000000000000000, -1.000000000000000000 ) ) ;
#1399 = FACE_OUTER_BOUND ( 'NONE', #3697, .T. ) ;
#1400 = AXIS2_PLACEMENT_3D ( 'NONE', #3468, #1139, #1947 ) ;
#1401 = ORIENTED_EDGE ( 'NONE', *, *, #591, .T. ) ;
#1402 = EDGE_CURVE ( 'NONE', #4273, #1601, #1900, .T. ) ;
#1403 = FACE_OUTER_BOUND ( 'NONE', #5217, .T. ) ;
#1404 = AXIS2_PLACEMENT_3D ( 'NONE', #300, #4575, #4173 ) ;
#1405 = DIRECTION ( 'NONE',  ( -0.000000000000000000, 0.000000000000000000, -1.000000000000000000 ) ) ;
#1406 = DIRECTION ( 'NONE',  ( 6.344131569286606971E-16, -1.000000000000000000, 0.000000000000000000 ) ) ;
#1407 = ORIENTED_EDGE ( 'NONE', *, *, #2142, .T. ) ;
#1408 = VECTOR ( 'NONE', #684, 1000.000000000000000 ) ;
#1409 = ORIENTED_EDGE ( 'NONE', *, *, #723, .F. ) ;
#1410 = ORIENTED_EDGE ( 'NONE', *, *, #3963, .F. ) ;
#1411 = VECTOR ( 'NONE', #751, 1000.000000000000000 ) ;
#1412 = LINE ( 'NONE', #4725, #18 ) ;
#1413 = VECTOR ( 'NONE', #2820, 1000.000000000000000 ) ;
#1414 = CARTESIAN_POINT ( 'NONE',  ( 4799.999999999999091, -4800.000000000000000, 4.000000000000000000 ) ) ;
#1415 = CARTESIAN_POINT ( 'NONE',  ( 1499.999999999999773, 2950.000000000000000, 604.0000000000000000 ) ) ;
#1416 = ORIENTED_EDGE ( 'NONE', *, *, #1844, .F. ) ;
#1417 = CARTESIAN_POINT ( 'NONE',  ( -5.551115123125782702E-13, 4250.000000000002728, 402.0000000000000000 ) ) ;
#1418 = ORIENTED_EDGE ( 'NONE', *, *, #3882, .T. ) ;
#1419 = CARTESIAN_POINT ( 'NONE',  ( 3000.000000000000000, -3000.000000000000000, 602.0000000000000000 ) ) ;
#1420 = VECTOR ( 'NONE', #4278, 1000.000000000000000 ) ;
#1421 = LINE ( 'NONE', #1478, #2551 ) ;
#1422 = VERTEX_POINT ( 'NONE', #5593 ) ;
#1423 = PLANE ( 'NONE',  #2650 ) ;
#1424 = CARTESIAN_POINT ( 'NONE',  ( -3000.000000000000000, -3000.000000000000000, 602.0000000000000000 ) ) ;
#1425 = EDGE_CURVE ( 'NONE', #3648, #1359, #940, .T. ) ;
#1426 = VERTEX_POINT ( 'NONE', #5707 ) ;
#1427 = EDGE_CURVE ( 'NONE', #4721, #164, #4291, .T. ) ;
#1428 = FACE_OUTER_BOUND ( 'NONE', #4581, .T. ) ;
#1429 = EDGE_CURVE ( 'NONE', #436, #5602, #2338, .T. ) ;
#1430 = DIRECTION ( 'NONE',  ( 0.000000000000000000, 0.000000000000000000, 1.000000000000000000 ) ) ;
#1431 = PLANE ( 'NONE',  #2784 ) ;
#1432 = EDGE_LOOP ( 'NONE', ( #5830, #4820, #423, #5506 ) ) ;
#1433 = EDGE_CURVE ( 'NONE', #1248, #357, #1374, .T. ) ;
#1434 = CARTESIAN_POINT ( 'NONE',  ( 2450.000000000000000, 2950.000000000000000, 602.0000000000000000 ) ) ;
#1435 = FACE_OUTER_BOUND ( 'NONE', #5787, .T. ) ;
#1436 = DIRECTION ( 'NONE',  ( 0.000000000000000000, -1.000000000000000000, 0.000000000000000000 ) ) ;
#1437 = DIRECTION ( 'NONE',  ( 1.000000000000000000, -0.000000000000000000, 0.000000000000000000 ) ) ;
#1438 = VERTEX_POINT ( 'NONE', #4163 ) ;
#1439 = VERTEX_POINT ( 'NONE', #1838 ) ;
#1440 = EDGE_LOOP ( 'NONE', ( #5484, #2724, #514, #953, #1698, #5420, #2451, #2840, #734, #2206, #4806, #6052, #5354 ) ) ;
#1441 = LINE ( 'NONE', #2901, #5563 ) ;
#1442 = DIRECTION ( 'NONE',  ( -0.000000000000000000, -0.000000000000000000, -1.000000000000000000 ) ) ;
#1443 = VERTEX_POINT ( 'NONE', #969 ) ;
#1444 = ORIENTED_EDGE ( 'NONE', *, *, #888, .T. ) ;
#1445 = CARTESIAN_POINT ( 'NONE',  ( -3000.000000000000000, -1800.000000000000227, 602.0000000000000000 ) ) ;
#1446 = ORIENTED_EDGE ( 'NONE', *, *, #5743, .F. ) ;
#1447 = CARTESIAN_POINT ( 'NONE',  ( -1800.000000000000909, 500.0000000000000000, 602.0000000000000000 ) ) ;
#1448 = ORIENTED_EDGE ( 'NONE', *, *, #103, .F. ) ;
#1449 = CYLINDRICAL_SURFACE ( 'NONE', #4129, 89.99999999999988631 ) ;
#1450 = CARTESIAN_POINT ( 'NONE',  ( -2450.000000000000000, -2450.000000000000000, 602.0000000000000000 ) ) ;
#1451 = ORIENTED_EDGE ( 'NONE', *, *, #4884, .F. ) ;
#1452 = LINE ( 'NONE', #988, #201 ) ;
#1453 = LINE ( 'NONE', #5330, #1806 ) ;
#1454 = EDGE_CURVE ( 'NONE', #2768, #3821, #4226, .T. ) ;
#1455 = DIRECTION ( 'NONE',  ( 0.000000000000000000, 1.000000000000000000, 0.000000000000000000 ) ) ;
#1456 = ORIENTED_EDGE ( 'NONE', *, *, #2375, .F. ) ;
#1457 = EDGE_CURVE ( 'NONE', #4720, #3607, #1343, .T. ) ;
#1458 = VECTOR ( 'NONE', #5296, 1000.000000000000000 ) ;
#1459 = PLANE ( 'NONE',  #383 ) ;
#1460 = LINE ( 'NONE', #2455, #320 ) ;
#1461 = FACE_OUTER_BOUND ( 'NONE', #238, .T. ) ;
#1462 = AXIS2_PLACEMENT_3D ( 'NONE', #5589, #1863, #5558 ) ;
#1463 = ADVANCED_FACE ( 'NONE', ( #3726 ), #4255, .T. ) ;
#1464 = VECTOR ( 'NONE', #1907, 1000.000000000000000 ) ;
#1465 = CARTESIAN_POINT ( 'NONE',  ( -1500.000000000000909, 500.0000000000000000, 752.0000000000000000 ) ) ;
#1466 = ORIENTED_EDGE ( 'NONE', *, *, #1235, .F. ) ;
#1467 = ORIENTED_EDGE ( 'NONE', *, *, #5983, .T. ) ;
#1468 = DIRECTION ( 'NONE',  ( -0.000000000000000000, -1.000000000000000000, -0.000000000000000000 ) ) ;
#1469 = VERTEX_POINT ( 'NONE', #418 ) ;
#1470 = AXIS2_PLACEMENT_3D ( 'NONE', #5731, #5425, #3006 ) ;
#1471 = DIRECTION ( 'NONE',  ( -0.000000000000000000, -1.000000000000000000, -0.000000000000000000 ) ) ;
#1472 = DIRECTION ( 'NONE',  ( 0.000000000000000000, 1.000000000000000000, 7.401486830834381209E-16 ) ) ;
#1473 = CYLINDRICAL_SURFACE ( 'NONE', #3070, 134.9999999999999432 ) ;
#1474 = EDGE_CURVE ( 'NONE', #4542, #3830, #5650, .T. ) ;
#1475 = ORIENTED_EDGE ( 'NONE', *, *, #5573, .F. ) ;
#1476 = CARTESIAN_POINT ( 'NONE',  ( 0.000000000000000000, 0.000000000000000000, 4.000000000000000000 ) ) ;
#1477 = VERTEX_POINT ( 'NONE', #12 ) ;
#1478 = CARTESIAN_POINT ( 'NONE',  ( -500.0000000000006821, 4750.000000000002728, 4.000000000000000000 ) ) ;
#1479 = VERTEX_POINT ( 'NONE', #5681 ) ;
#1480 = CARTESIAN_POINT ( 'NONE',  ( -1000.000000000000455, -1000.000000000000000, 903.9999999999998863 ) ) ;
#1481 = DIRECTION ( 'NONE',  ( 1.000000000000000000, 0.000000000000000000, 0.000000000000000000 ) ) ;
#1482 = ORIENTED_EDGE ( 'NONE', *, *, #3786, .T. ) ;
#1483 = LINE ( 'NONE', #1544, #5450 ) ;
#1484 = CARTESIAN_POINT ( 'NONE',  ( -500.0000000000006821, 3750.000000000002728, 4.000000000000000000 ) ) ;
#1485 = DIRECTION ( 'NONE',  ( 1.000000000000000000, 0.000000000000000000, 0.000000000000000000 ) ) ;
#1486 = VECTOR ( 'NONE', #2871, 1000.000000000000000 ) ;
#1487 = EDGE_LOOP ( 'NONE', ( #5537, #1088, #5017, #2235 ) ) ;
#1488 = VECTOR ( 'NONE', #5634, 1000.000000000000000 ) ;
#1489 = VECTOR ( 'NONE', #1697, 1000.000000000000000 ) ;
#1490 = CARTESIAN_POINT ( 'NONE',  ( -500.0000000000000000, 2950.000000000000000, 602.0000000000000000 ) ) ;
#1491 = DIRECTION ( 'NONE',  ( 0.000000000000000000, -1.000000000000000000, 0.000000000000000000 ) ) ;
#1492 = FACE_OUTER_BOUND ( 'NONE', #4925, .T. ) ;
#1493 = VECTOR ( 'NONE', #4378, 1000.000000000000000 ) ;
#1494 = CARTESIAN_POINT ( 'NONE',  ( -249.9999999999999147, 2450.000000000000000, 603.0000000000000000 ) ) ;
#1495 = AXIS2_PLACEMENT_3D ( 'NONE', #1476, #2907, #3768 ) ;
#1496 = AXIS2_PLACEMENT_3D ( 'NONE', #4748, #3299, #879 ) ;
#1497 = ADVANCED_FACE ( 'NONE', ( #2771 ), #3265, .F. ) ;
#1498 = ORIENTED_EDGE ( 'NONE', *, *, #4605, .F. ) ;
#1499 = CARTESIAN_POINT ( 'NONE',  ( 2999.900000000000091, -800.0000000000002274, 603.0000000000000000 ) ) ;
#1500 = ORIENTED_EDGE ( 'NONE', *, *, #6042, .F. ) ;
#1501 = EDGE_CURVE ( 'NONE', #344, #4763, #5244, .T. ) ;
#1502 = ADVANCED_FACE ( 'NONE', ( #2972 ), #4865, .T. ) ;
#1503 = AXIS2_PLACEMENT_3D ( 'NONE', #69, #1615, #1083 ) ;
#1504 = VECTOR ( 'NONE', #1287, 1000.000000000000000 ) ;
#1505 = CARTESIAN_POINT ( 'NONE',  ( 1000.000000000000909, -999.9999999999997726, 903.9999999999998863 ) ) ;
#1506 = CARTESIAN_POINT ( 'NONE',  ( 600.0000000000009095, -3650.000000000001364, 4.000000000000000000 ) ) ;
#1507 = CARTESIAN_POINT ( 'NONE',  ( -5.551115123125782702E-13, 4250.000000000002728, 502.0000000000000000 ) ) ;
#1508 = ORIENTED_EDGE ( 'NONE', *, *, #75, .T. ) ;
#1509 = VECTOR ( 'NONE', #5985, 1000.000000000000000 ) ;
#1510 = LINE ( 'NONE', #53, #4759 ) ;
#1511 = ORIENTED_EDGE ( 'NONE', *, *, #1402, .T. ) ;
#1512 = DIRECTION ( 'NONE',  ( 0.000000000000000000, 1.000000000000000000, 0.000000000000000000 ) ) ;
#1513 = ORIENTED_EDGE ( 'NONE', *, *, #835, .T. ) ;
#1514 = CARTESIAN_POINT ( 'NONE',  ( -1500.000000000000909, -500.0000000000000000, 752.0000000000000000 ) ) ;
#1515 = DIRECTION ( 'NONE',  ( 4.440892098500626162E-16, -1.000000000000000000, 0.000000000000000000 ) ) ;
#1516 = ORIENTED_EDGE ( 'NONE', *, *, #5754, .T. ) ;
#1517 = AXIS2_PLACEMENT_3D ( 'NONE', #5034, #296, #1716 ) ;
#1518 = FACE_OUTER_BOUND ( 'NONE', #919, .T. ) ;
#1519 = AXIS2_PLACEMENT_3D ( 'NONE', #1630, #5410, #2126 ) ;
#1520 = EDGE_CURVE ( 'NONE', #1959, #4335, #3756, .T. ) ;
#1521 = DIRECTION ( 'NONE',  ( -0.000000000000000000, -0.000000000000000000, 1.000000000000000000 ) ) ;
#1522 = ORIENTED_EDGE ( 'NONE', *, *, #4189, .T. ) ;
#1523 = CARTESIAN_POINT ( 'NONE',  ( 25.00000000000021672, 3000.000000000000000, 52.00000000000000711 ) ) ;
#1524 = DIRECTION ( 'NONE',  ( 1.000000000000000000, 0.000000000000000000, 0.000000000000000000 ) ) ;
#1525 = CARTESIAN_POINT ( 'NONE',  ( -24.99999999999996803, -2200.000000000000000, 652.0000000000000000 ) ) ;
#1526 = DIRECTION ( 'NONE',  ( 0.000000000000000000, -1.000000000000000000, 0.000000000000000000 ) ) ;
#1527 = ORIENTED_EDGE ( 'NONE', *, *, #2099, .T. ) ;
#1528 = CARTESIAN_POINT ( 'NONE',  ( -4000.000000000000000, -2700.000000000000000, 151.9999999999999432 ) ) ;
#1529 = ORIENTED_EDGE ( 'NONE', *, *, #5703, .T. ) ;
#1530 = DIRECTION ( 'NONE',  ( 1.000000000000000000, 0.000000000000000000, 0.000000000000000000 ) ) ;
#1531 = EDGE_CURVE ( 'NONE', #1162, #4051, #2107, .T. ) ;
#1532 = LINE ( 'NONE', #2024, #5270 ) ;
#1533 = FACE_OUTER_BOUND ( 'NONE', #195, .T. ) ;
#1534 = PLANE ( 'NONE',  #2407 ) ;
#1535 = EDGE_CURVE ( 'NONE', #681, #3051, #4994, .T. ) ;
#1536 = ORIENTED_EDGE ( 'NONE', *, *, #3842, .T. ) ;
#1537 = DIRECTION ( 'NONE',  ( 0.000000000000000000, 0.000000000000000000, -1.000000000000000000 ) ) ;
#1538 = EDGE_LOOP ( 'NONE', ( #3253, #2563 ) ) ;
#1539 = LINE ( 'NONE', #5321, #1008 ) ;
#1540 = EDGE_LOOP ( 'NONE', ( #572, #3187, #2472, #4176 ) ) ;
#1541 = EDGE_CURVE ( 'NONE', #2926, #3830, #5884, .T. ) ;
#1542 = DIRECTION ( 'NONE',  ( 0.000000000000000000, -0.000000000000000000, 1.000000000000000000 ) ) ;
#1543 = LINE ( 'NONE', #1943, #828 ) ;
#1544 = CARTESIAN_POINT ( 'NONE',  ( -2199.999999999999545, 2250.000000000000000, 602.0000000000000000 ) ) ;
#1545 = DIRECTION ( 'NONE',  ( 0.000000000000000000, 1.000000000000000000, 0.000000000000000000 ) ) ;
#1546 = DIRECTION ( 'NONE',  ( 0.000000000000000000, 1.000000000000000000, 0.000000000000000000 ) ) ;
#1547 = ORIENTED_EDGE ( 'NONE', *, *, #5743, .T. ) ;
#1548 = ADVANCED_FACE ( 'NONE', ( #2515 ), #3966, .F. ) ;
#1549 = CARTESIAN_POINT ( 'NONE',  ( 25.00000000000021672, 3750.000000000002728, 52.00000000000000711 ) ) ;
#1550 = EDGE_CURVE ( 'NONE', #3308, #5417, #157, .T. ) ;
#1551 = CARTESIAN_POINT ( 'NONE',  ( -1000.000000000000455, 1000.000000000000000, 903.9999999999998863 ) ) ;
#1552 = CARTESIAN_POINT ( 'NONE',  ( 3000.000000000000000, -1800.000000000000227, 603.0000000000000000 ) ) ;
#1553 = DIRECTION ( 'NONE',  ( -0.000000000000000000, -1.000000000000000000, -0.000000000000000000 ) ) ;
#1554 = VECTOR ( 'NONE', #4396, 1000.000000000000000 ) ;
#1555 = EDGE_LOOP ( 'NONE', ( #308, #912, #5341, #546 ) ) ;
#1556 = DIRECTION ( 'NONE',  ( 0.000000000000000000, -0.000000000000000000, -1.000000000000000000 ) ) ;
#1557 = ORIENTED_EDGE ( 'NONE', *, *, #1427, .T. ) ;
#1558 = DIRECTION ( 'NONE',  ( 1.000000000000000000, 0.000000000000000000, -0.000000000000000000 ) ) ;
#1559 = VECTOR ( 'NONE', #1692, 1000.000000000000000 ) ;
#1560 = CARTESIAN_POINT ( 'NONE',  ( -2200.000000000000000, 2950.000000000000000, 604.0000000000000000 ) ) ;
#1561 = DIRECTION ( 'NONE',  ( -0.000000000000000000, -0.000000000000000000, -1.000000000000000000 ) ) ;
#1562 = LINE ( 'NONE', #5315, #34 ) ;
#1563 = VECTOR ( 'NONE', #1835, 1000.000000000000000 ) ;
#1564 = VERTEX_POINT ( 'NONE', #250 ) ;
#1565 = EDGE_CURVE ( 'NONE', #5043, #1034, #3033, .T. ) ;
#1566 = LINE ( 'NONE', #4945, #3472 ) ;
#1567 = VERTEX_POINT ( 'NONE', #3931 ) ;
#1568 = CARTESIAN_POINT ( 'NONE',  ( 3000.000000000000000, -2100.000000000000455, 451.9999999999995453 ) ) ;
#1569 = EDGE_LOOP ( 'NONE', ( #797, #1395, #171, #1210, #4321 ) ) ;
#1570 = CARTESIAN_POINT ( 'NONE',  ( 25.00000000000000711, -3650.000000000001364, 52.00000000000000711 ) ) ;
#1571 = DIRECTION ( 'NONE',  ( 0.000000000000000000, 1.000000000000000000, -0.000000000000000000 ) ) ;
#1572 = EDGE_CURVE ( 'NONE', #3159, #2939, #4958, .T. ) ;
#1573 = FACE_OUTER_BOUND ( 'NONE', #4630, .T. ) ;
#1574 = ADVANCED_FACE ( 'NONE', ( #4523 ), #2134, .T. ) ;
#1575 = LINE ( 'NONE', #5821, #502 ) ;
#1576 = ADVANCED_FACE ( 'NONE', ( #1610 ), #5824, .F. ) ;
#1577 = ORIENTED_EDGE ( 'NONE', *, *, #1799, .T. ) ;
#1578 = DIRECTION ( 'NONE',  ( -1.000000000000000000, 0.000000000000000000, 0.000000000000000000 ) ) ;
#1579 = CARTESIAN_POINT ( 'NONE',  ( -599.9999999999984084, -4850.000000000000909, 4.000000000000000000 ) ) ;
#1580 = DIRECTION ( 'NONE',  ( 0.000000000000000000, -0.000000000000000000, -1.000000000000000000 ) ) ;
#1581 = CARTESIAN_POINT ( 'NONE',  ( -249.9999999999998863, -2950.000000000000000, 604.0000000000000000 ) ) ;
#1582 = LINE ( 'NONE', #3479, #2583 ) ;
#1583 = AXIS2_PLACEMENT_3D ( 'NONE', #4676, #1331, #1387 ) ;
#1584 = VECTOR ( 'NONE', #4589, 1000.000000000000000 ) ;
#1585 = EDGE_CURVE ( 'NONE', #1443, #1919, #4926, .T. ) ;
#1586 = ORIENTED_EDGE ( 'NONE', *, *, #4420, .T. ) ;
#1587 = CARTESIAN_POINT ( 'NONE',  ( -5600.000000000000909, 5600.000000000000000, 0.000000000000000000 ) ) ;
#1588 = ORIENTED_EDGE ( 'NONE', *, *, #2573, .T. ) ;
#1589 = VECTOR ( 'NONE', #1084, 1000.000000000000000 ) ;
#1590 = VECTOR ( 'NONE', #2624, 1000.000000000000000 ) ;
#1591 = CARTESIAN_POINT ( 'NONE',  ( -3000.000000000000000, 3000.000000000000000, 2.000000000000000000 ) ) ;
#1592 = AXIS2_PLACEMENT_3D ( 'NONE', #5961, #324, #5497 ) ;
#1593 = DIRECTION ( 'NONE',  ( 0.000000000000000000, -1.000000000000000000, 0.000000000000000000 ) ) ;
#1594 = CARTESIAN_POINT ( 'NONE',  ( 0.000000000000000000, 0.000000000000000000, 2.000000000000000000 ) ) ;
#1595 = CARTESIAN_POINT ( 'NONE',  ( 4000.000000000000000, -2700.000000000000000, 151.9999999999999432 ) ) ;
#1596 = ORIENTED_EDGE ( 'NONE', *, *, #4319, .T. ) ;
#1597 = FACE_OUTER_BOUND ( 'NONE', #3688, .T. ) ;
#1598 = ORIENTED_EDGE ( 'NONE', *, *, #3224, .F. ) ;
#1599 = VECTOR ( 'NONE', #5133, 1000.000000000000000 ) ;
#1600 = PLANE ( 'NONE',  #3892 ) ;
#1601 = VERTEX_POINT ( 'NONE', #3470 ) ;
#1602 = CARTESIAN_POINT ( 'NONE',  ( -4700.000000000000909, -5500.000000000000000, 4.000000000000000000 ) ) ;
#1603 = DIRECTION ( 'NONE',  ( 0.000000000000000000, 1.000000000000000000, 0.000000000000000000 ) ) ;
#1604 = VECTOR ( 'NONE', #3164, 1000.000000000000000 ) ;
#1605 = FACE_OUTER_BOUND ( 'NONE', #5250, .T. ) ;
#1606 = DIRECTION ( 'NONE',  ( -0.000000000000000000, 0.000000000000000000, -1.000000000000000000 ) ) ;
#1607 = LINE ( 'NONE', #4805, #4967 ) ;
#1608 = ADVANCED_FACE ( 'NONE', ( #5946 ), #3531, .F. ) ;
#1609 = ORIENTED_EDGE ( 'NONE', *, *, #3901, .F. ) ;
#1610 = FACE_OUTER_BOUND ( 'NONE', #3157, .T. ) ;
#1611 = AXIS2_PLACEMENT_3D ( 'NONE', #4540, #2713, #3238 ) ;
#1612 = ADVANCED_FACE ( 'NONE', ( #3597 ), #5485, .F. ) ;
#1613 = CARTESIAN_POINT ( 'NONE',  ( -135.0000000000005116, 4250.000000000002728, 502.0000000000000000 ) ) ;
#1614 = LINE ( 'NONE', #5395, #4177 ) ;
#1615 = DIRECTION ( 'NONE',  ( 1.000000000000000000, 0.000000000000000000, 0.000000000000000000 ) ) ;
#1616 = CARTESIAN_POINT ( 'NONE',  ( -249.9999999999995453, -2950.000000000000000, 604.0000000000000000 ) ) ;
#1617 = VECTOR ( 'NONE', #5758, 1000.000000000000000 ) ;
#1618 = ADVANCED_FACE ( 'NONE', ( #5392 ), #2608, .F. ) ;
#1619 = ORIENTED_EDGE ( 'NONE', *, *, #3813, .F. ) ;
#1620 = DIRECTION ( 'NONE',  ( -0.000000000000000000, -0.000000000000000000, -1.000000000000000000 ) ) ;
#1621 = ORIENTED_EDGE ( 'NONE', *, *, #3281, .F. ) ;
#1622 = CARTESIAN_POINT ( 'NONE',  ( 3000.000000000000000, -1800.000000000000227, 652.0000000000000000 ) ) ;
#1623 = PLANE ( 'NONE',  #612 ) ;
#1624 = FACE_OUTER_BOUND ( 'NONE', #3457, .T. ) ;
#1625 = CARTESIAN_POINT ( 'NONE',  ( 2199.999999999999545, 2250.000000000000000, 604.0000000000000000 ) ) ;
#1626 = ORIENTED_EDGE ( 'NONE', *, *, #1983, .F. ) ;
#1627 = VERTEX_POINT ( 'NONE', #3005 ) ;
#1628 = DIRECTION ( 'NONE',  ( 1.000000000000000000, 0.000000000000000000, 0.000000000000000000 ) ) ;
#1629 = ADVANCED_FACE ( 'NONE', ( #2542 ), #4432, .F. ) ;
#1630 = CARTESIAN_POINT ( 'NONE',  ( 3500.000000000000000, 5500.000000000000000, 4.000000000000000000 ) ) ;
#1631 = VERTEX_POINT ( 'NONE', #682 ) ;
#1632 = LINE ( 'NONE', #1072, #3343 ) ;
#1633 = DIRECTION ( 'NONE',  ( 1.000000000000000000, 0.000000000000000000, 0.000000000000000000 ) ) ;
#1634 = ORIENTED_EDGE ( 'NONE', *, *, #2675, .F. ) ;
#1635 = CARTESIAN_POINT ( 'NONE',  ( -1500.000000000000455, 1500.000000000000000, 903.9999999999998863 ) ) ;
#1636 = CARTESIAN_POINT ( 'NONE',  ( -3000.000000000000000, -800.0000000000002274, 603.0000000000000000 ) ) ;
#1637 = ORIENTED_EDGE ( 'NONE', *, *, #5119, .T. ) ;
#1638 = DIRECTION ( 'NONE',  ( -0.000000000000000000, -0.000000000000000000, 1.000000000000000000 ) ) ;
#1639 = ORIENTED_EDGE ( 'NONE', *, *, #3396, .T. ) ;
#1640 = CARTESIAN_POINT ( 'NONE',  ( -1500.000000000000455, 1000.000000000000000, 901.9999999999998863 ) ) ;
#1641 = EDGE_CURVE ( 'NONE', #275, #3557, #3503, .T. ) ;
#1642 = LINE ( 'NONE', #2666, #3683 ) ;
#1643 = DIRECTION ( 'NONE',  ( 0.000000000000000000, 0.000000000000000000, -1.000000000000000000 ) ) ;
#1644 = DIRECTION ( 'NONE',  ( 1.000000000000000000, 0.000000000000000000, 0.000000000000000000 ) ) ;
#1645 = EDGE_CURVE ( 'NONE', #1298, #1745, #370, .T. ) ;
#1646 = VERTEX_POINT ( 'NONE', #342 ) ;
#1647 = DIRECTION ( 'NONE',  ( 1.000000000000000000, 0.000000000000000000, 0.000000000000000000 ) ) ;
#1648 = ORIENTED_EDGE ( 'NONE', *, *, #5295, .T. ) ;
#1649 = FACE_OUTER_BOUND ( 'NONE', #5533, .T. ) ;
#1650 = ADVANCED_FACE ( 'NONE', ( #895 ), #2788, .T. ) ;
#1651 = EDGE_CURVE ( 'NONE', #5811, #2926, #1268, .T. ) ;
#1652 = DIRECTION ( 'NONE',  ( -1.000000000000000000, 0.000000000000000000, -0.000000000000000000 ) ) ;
#1653 = DIRECTION ( 'NONE',  ( 1.000000000000000000, 0.000000000000000000, 0.000000000000000000 ) ) ;
#1654 = LINE ( 'NONE', #1065, #728 ) ;
#1655 = ORIENTED_EDGE ( 'NONE', *, *, #3748, .F. ) ;
#1656 = ORIENTED_EDGE ( 'NONE', *, *, #1189, .F. ) ;
#1657 = AXIS2_PLACEMENT_3D ( 'NONE', #837, #5580, #5114 ) ;
#1658 = DIRECTION ( 'NONE',  ( 0.000000000000000000, 1.000000000000000000, 2.035408878479451948E-15 ) ) ;
#1659 = CARTESIAN_POINT ( 'NONE',  ( 2950.000000000000000, 2950.000000000000000, 652.0000000000000000 ) ) ;
#1660 = VECTOR ( 'NONE', #2952, 1000.000000000000000 ) ;
#1661 = LINE ( 'NONE', #3555, #4034 ) ;
#1662 = CARTESIAN_POINT ( 'NONE',  ( 0.000000000000000000, 0.000000000000000000, 1601.999999999999773 ) ) ;
#1663 = VERTEX_POINT ( 'NONE', #1333 ) ;
#1664 = DIRECTION ( 'NONE',  ( -0.000000000000000000, -0.000000000000000000, -1.000000000000000000 ) ) ;
#1665 = VECTOR ( 'NONE', #5885, 1000.000000000000000 ) ;
#1666 = ORIENTED_EDGE ( 'NONE', *, *, #4901, .T. ) ;
#1667 = LINE ( 'NONE', #3030, #5741 ) ;
#1668 = EDGE_LOOP ( 'NONE', ( #4851, #4364, #5767, #6088 ) ) ;
#1669 = DIRECTION ( 'NONE',  ( 0.000000000000000000, 0.000000000000000000, 1.000000000000000000 ) ) ;
#1670 = ORIENTED_EDGE ( 'NONE', *, *, #5326, .T. ) ;
#1671 = CARTESIAN_POINT ( 'NONE',  ( 5499.999999999999091, 5500.000000000000000, 100.0000000000000000 ) ) ;
#1672 = DIRECTION ( 'NONE',  ( -1.000000000000000000, -0.000000000000000000, -0.000000000000000000 ) ) ;
#1673 = DIRECTION ( 'NONE',  ( 0.000000000000000000, 1.000000000000000000, -3.700743415417190605E-16 ) ) ;
#1674 = FACE_OUTER_BOUND ( 'NONE', #4372, .T. ) ;
#1675 = ORIENTED_EDGE ( 'NONE', *, *, #5941, .F. ) ;
#1676 = CARTESIAN_POINT ( 'NONE',  ( -2999.900000000000091, -800.0000000000002274, 602.0000000000000000 ) ) ;
#1677 = ORIENTED_EDGE ( 'NONE', *, *, #5924, .T. ) ;
#1678 = VECTOR ( 'NONE', #1297, 1000.000000000000000 ) ;
#1679 = DIRECTION ( 'NONE',  ( -1.850371707708600602E-17, 1.000000000000000000, 0.000000000000000000 ) ) ;
#1680 = LINE ( 'NONE', #3579, #1795 ) ;
#1681 = EDGE_CURVE ( 'NONE', #1853, #3419, #3254, .T. ) ;
#1682 = CARTESIAN_POINT ( 'NONE',  ( 3000.000000000000000, -2700.000000000000000, 2.000000000000000000 ) ) ;
#1683 = DIRECTION ( 'NONE',  ( 0.000000000000000000, -1.000000000000000000, 0.000000000000000000 ) ) ;
#1684 = VECTOR ( 'NONE', #5004, 1000.000000000000000 ) ;
#1685 = EDGE_CURVE ( 'NONE', #5633, #3483, #4645, .T. ) ;
#1686 = EDGE_LOOP ( 'NONE', ( #1727, #1792, #5245, #5381, #1340 ) ) ;
#1687 = AXIS2_PLACEMENT_3D ( 'NONE', #3463, #618, #2602 ) ;
#1688 = ORIENTED_EDGE ( 'NONE', *, *, #368, .F. ) ;
#1689 = EDGE_CURVE ( 'NONE', #2762, #3233, #6102, .T. ) ;
#1690 = DIRECTION ( 'NONE',  ( -0.000000000000000000, 0.000000000000000000, -1.000000000000000000 ) ) ;
#1691 = CARTESIAN_POINT ( 'NONE',  ( 4000.000000000000000, -800.0000000000002274, 602.0000000000000000 ) ) ;
#1692 = DIRECTION ( 'NONE',  ( 0.000000000000000000, 0.000000000000000000, 1.000000000000000000 ) ) ;
#1693 = CARTESIAN_POINT ( 'NONE',  ( -2199.999999999999545, 2250.000000000000000, 604.0000000000000000 ) ) ;
#1694 = EDGE_CURVE ( 'NONE', #4006, #3855, #2226, .T. ) ;
#1695 = VECTOR ( 'NONE', #5990, 1000.000000000000000 ) ;
#1696 = ORIENTED_EDGE ( 'NONE', *, *, #1425, .T. ) ;
#1697 = DIRECTION ( 'NONE',  ( 0.000000000000000000, 0.000000000000000000, -1.000000000000000000 ) ) ;
#1698 = ORIENTED_EDGE ( 'NONE', *, *, #1109, .T. ) ;
#1699 = LINE ( 'NONE', #5015, #4356 ) ;
#1700 = ORIENTED_EDGE ( 'NONE', *, *, #104, .F. ) ;
#1701 = VECTOR ( 'NONE', #3387, 1000.000000000000000 ) ;
#1702 = CARTESIAN_POINT ( 'NONE',  ( -3000.000000000000000, -3000.000000000000000, 602.0000000000000000 ) ) ;
#1703 = ORIENTED_EDGE ( 'NONE', *, *, #5483, .F. ) ;
#1704 = EDGE_CURVE ( 'NONE', #393, #3225, #3226, .T. ) ;
#1705 = DIRECTION ( 'NONE',  ( 0.000000000000000000, 1.000000000000000000, 0.000000000000000000 ) ) ;
#1706 = VECTOR ( 'NONE', #1398, 1000.000000000000000 ) ;
#1707 = CARTESIAN_POINT ( 'NONE',  ( 4000.000000000000000, -800.0000000000002274, 603.0000000000000000 ) ) ;
#1708 = FACE_OUTER_BOUND ( 'NONE', #2785, .T. ) ;
#1709 = CARTESIAN_POINT ( 'NONE',  ( -1500.000000000000909, 500.0000000000000000, 752.0000000000000000 ) ) ;
#1710 = ORIENTED_EDGE ( 'NONE', *, *, #3131, .F. ) ;
#1711 = DIRECTION ( 'NONE',  ( -1.000000000000000000, -1.040834085586084133E-16, 0.000000000000000000 ) ) ;
#1712 = ORIENTED_EDGE ( 'NONE', *, *, #2635, .F. ) ;
#1713 = VECTOR ( 'NONE', #1633, 1000.000000000000000 ) ;
#1714 = CARTESIAN_POINT ( 'NONE',  ( 0.000000000000000000, 0.000000000000000000, 1702.000000000000000 ) ) ;
#1715 = PLANE ( 'NONE',  #1592 ) ;
#1716 = DIRECTION ( 'NONE',  ( 0.000000000000000000, 0.000000000000000000, -1.000000000000000000 ) ) ;
#1717 = VERTEX_POINT ( 'NONE', #2291 ) ;
#1718 = ORIENTED_EDGE ( 'NONE', *, *, #4398, .T. ) ;
#1719 = CARTESIAN_POINT ( 'NONE',  ( -599.9999999999984084, -3650.000000000001364, 2.000000000000000000 ) ) ;
#1720 = ADVANCED_FACE ( 'NONE', ( #3690 ), #2195, .T. ) ;
#1721 = CARTESIAN_POINT ( 'NONE',  ( 500.0000000000000000, 2950.000000000000000, 603.0000000000000000 ) ) ;
#1722 = ADVANCED_FACE ( 'NONE', ( #4585, #1854 ), #864, .T. ) ;
#1723 = CARTESIAN_POINT ( 'NONE',  ( -499.9999999999999432, 2200.000000000000000, 602.0000000000000000 ) ) ;
#1724 = ORIENTED_EDGE ( 'NONE', *, *, #4608, .T. ) ;
#1725 = EDGE_LOOP ( 'NONE', ( #4902, #2590, #1637, #2034 ) ) ;
#1726 = LINE ( 'NONE', #5507, #5052 ) ;
#1727 = ORIENTED_EDGE ( 'NONE', *, *, #3428, .T. ) ;
#1728 = CARTESIAN_POINT ( 'NONE',  ( -1500.000000000000682, -1000.000000000000000, 903.9999999999998863 ) ) ;
#1729 = EDGE_CURVE ( 'NONE', #5510, #882, #2760, .T. ) ;
#1730 = ORIENTED_EDGE ( 'NONE', *, *, #5317, .F. ) ;
#1731 = PLANE ( 'NONE',  #5125 ) ;
#1732 = CARTESIAN_POINT ( 'NONE',  ( 1800.000000000001819, -499.9999999999995453, 752.0000000000000000 ) ) ;
#1733 = ORIENTED_EDGE ( 'NONE', *, *, #2417, .T. ) ;
#1734 = CARTESIAN_POINT ( 'NONE',  ( -3500.000000000000909, 4499.999999999999091, 4.000000000000000000 ) ) ;
#1735 = LINE ( 'NONE', #3136, #1801 ) ;
#1736 = CARTESIAN_POINT ( 'NONE',  ( -4000.000000000000000, -1800.000000000000227, 452.0000000000001705 ) ) ;
#1737 = CARTESIAN_POINT ( 'NONE',  ( 134.9999999999994031, 4250.000000000002728, 502.0000000000000000 ) ) ;
#1738 = EDGE_CURVE ( 'NONE', #4491, #6032, #312, .T. ) ;
#1739 = VERTEX_POINT ( 'NONE', #772 ) ;
#1740 = PLANE ( 'NONE',  #183 ) ;
#1741 = CARTESIAN_POINT ( 'NONE',  ( -499.9999999999999432, 2950.000000000000000, 603.0000000000000000 ) ) ;
#1742 = DIRECTION ( 'NONE',  ( 0.000000000000000000, 0.000000000000000000, 1.000000000000000000 ) ) ;
#1743 = ORIENTED_EDGE ( 'NONE', *, *, #2391, .F. ) ;
#1744 = ORIENTED_EDGE ( 'NONE', *, *, #4276, .F. ) ;
#1745 = VERTEX_POINT ( 'NONE', #399 ) ;
#1746 = DIRECTION ( 'NONE',  ( 1.000000000000000000, 0.000000000000000000, 0.000000000000000000 ) ) ;
#1747 = LINE ( 'NONE', #5599, #4864 ) ;
#1748 = LINE ( 'NONE', #428, #1165 ) ;
#1749 = VERTEX_POINT ( 'NONE', #4215 ) ;
#1750 = VECTOR ( 'NONE', #2565, 1000.000000000000000 ) ;
#1751 = ORIENTED_EDGE ( 'NONE', *, *, #330, .F. ) ;
#1752 = DIRECTION ( 'NONE',  ( 1.000000000000000000, 0.000000000000000000, -0.000000000000000000 ) ) ;
#1753 = ORIENTED_EDGE ( 'NONE', *, *, #139, .T. ) ;
#1754 = CARTESIAN_POINT ( 'NONE',  ( 2950.000000000000000, -2950.000000000000000, 652.0000000000000000 ) ) ;
#1755 = VECTOR ( 'NONE', #5249, 1000.000000000000000 ) ;
#1756 = VECTOR ( 'NONE', #3946, 1000.000000000000000 ) ;
#1757 = ORIENTED_EDGE ( 'NONE', *, *, #814, .T. ) ;
#1758 = CARTESIAN_POINT ( 'NONE',  ( 2950.000000000000000, -800.0000000000002274, 652.0000000000000000 ) ) ;
#1759 = CARTESIAN_POINT ( 'NONE',  ( 0.000000000000000000, 0.000000000000000000, 1702.000000000000000 ) ) ;
#1760 = EDGE_CURVE ( 'NONE', #3530, #5981, #3625, .T. ) ;
#1761 = VERTEX_POINT ( 'NONE', #1826 ) ;
#1762 = AXIS2_PLACEMENT_3D ( 'NONE', #4897, #718, #5393 ) ;
#1763 = ADVANCED_FACE ( 'NONE', ( #5608 ), #1731, .F. ) ;
#1764 = CARTESIAN_POINT ( 'NONE',  ( -25.00000000000002487, 2200.000000000000000, 652.0000000000000000 ) ) ;
#1765 = EDGE_CURVE ( 'NONE', #808, #1916, #6074, .T. ) ;
#1766 = CARTESIAN_POINT ( 'NONE',  ( -3000.000000000000000, -3000.000000000000000, 2.000000000000000000 ) ) ;
#1767 = CARTESIAN_POINT ( 'NONE',  ( -3000.000000000000000, -3000.000000000000000, 2.000000000000000000 ) ) ;
#1768 = DIRECTION ( 'NONE',  ( -1.000000000000000000, 0.000000000000000000, 0.000000000000000000 ) ) ;
#1769 = EDGE_LOOP ( 'NONE', ( #1086, #4081, #4251, #3338 ) ) ;
#1770 = VERTEX_POINT ( 'NONE', #1299 ) ;
#1771 = PLANE ( 'NONE',  #1462 ) ;
#1772 = CARTESIAN_POINT ( 'NONE',  ( 2950.000000000000000, 2950.000000000000000, 652.0000000000000000 ) ) ;
#1773 = EDGE_CURVE ( 'NONE', #1110, #5954, #5234, .T. ) ;
#1774 = CARTESIAN_POINT ( 'NONE',  ( 1000.000000000000455, 1000.000000000000227, 901.9999999999998863 ) ) ;
#1775 = ORIENTED_EDGE ( 'NONE', *, *, #6036, .T. ) ;
#1776 = FACE_BOUND ( 'NONE', #3139, .T. ) ;
#1777 = ORIENTED_EDGE ( 'NONE', *, *, #3663, .F. ) ;
#1778 = VERTEX_POINT ( 'NONE', #3315 ) ;
#1779 = CARTESIAN_POINT ( 'NONE',  ( -499.9999999999999432, -2200.000000000000000, 603.0000000000000000 ) ) ;
#1780 = VECTOR ( 'NONE', #456, 1000.000000000000000 ) ;
#1781 = DIRECTION ( 'NONE',  ( 0.000000000000000000, -0.000000000000000000, 1.000000000000000000 ) ) ;
#1782 = VECTOR ( 'NONE', #3772, 1000.000000000000000 ) ;
#1783 = VECTOR ( 'NONE', #1920, 1000.000000000000000 ) ;
#1784 = CARTESIAN_POINT ( 'NONE',  ( -90.00000000000001421, 1.102182119232618069E-14, 1601.999999999999773 ) ) ;
#1785 = ORIENTED_EDGE ( 'NONE', *, *, #607, .F. ) ;
#1786 = ORIENTED_EDGE ( 'NONE', *, *, #4340, .T. ) ;
#1787 = CARTESIAN_POINT ( 'NONE',  ( -1499.999999999999773, 2249.999999999999545, 604.0000000000000000 ) ) ;
#1788 = VECTOR ( 'NONE', #5527, 1000.000000000000000 ) ;
#1789 = EDGE_LOOP ( 'NONE', ( #5711, #5178, #886, #614 ) ) ;
#1790 = AXIS2_PLACEMENT_3D ( 'NONE', #5901, #3054, #4016 ) ;
#1791 = CARTESIAN_POINT ( 'NONE',  ( 25.00000000000046541, -5500.000000000000000, 52.00000000000000711 ) ) ;
#1792 = ORIENTED_EDGE ( 'NONE', *, *, #3761, .F. ) ;
#1793 = CARTESIAN_POINT ( 'NONE',  ( 2999.900000000000091, -1800.000000000000227, 652.0000000000000000 ) ) ;
#1794 = CARTESIAN_POINT ( 'NONE',  ( -1800.000000000000909, -500.0000000000000000, 752.0000000000000000 ) ) ;
#1795 = VECTOR ( 'NONE', #5467, 1000.000000000000000 ) ;
#1796 = ORIENTED_EDGE ( 'NONE', *, *, #607, .T. ) ;
#1797 = CARTESIAN_POINT ( 'NONE',  ( 3000.000000000000000, -1800.000000000000227, 452.0000000000001705 ) ) ;
#1798 = DIRECTION ( 'NONE',  ( -1.000000000000000000, 6.344131569286608943E-16, 0.000000000000000000 ) ) ;
#1799 = EDGE_CURVE ( 'NONE', #5582, #5724, #495, .T. ) ;
#1800 = CARTESIAN_POINT ( 'NONE',  ( -499.9999999999999432, 2200.000000000000000, 603.0000000000000000 ) ) ;
#1801 = VECTOR ( 'NONE', #5022, 1000.000000000000000 ) ;
#1802 = VECTOR ( 'NONE', #2088, 1000.000000000000000 ) ;
#1803 = VERTEX_POINT ( 'NONE', #528 ) ;
#1804 = ADVANCED_FACE ( 'NONE', ( #4307 ), #2846, .F. ) ;
#1805 = ORIENTED_EDGE ( 'NONE', *, *, #527, .F. ) ;
#1806 = VECTOR ( 'NONE', #3348, 1000.000000000000000 ) ;
#1807 = CARTESIAN_POINT ( 'NONE',  ( -4700.000000000000909, -4800.000000000000000, 4.000000000000000000 ) ) ;
#1808 = DIRECTION ( 'NONE',  ( -0.000000000000000000, -0.000000000000000000, -1.000000000000000000 ) ) ;
#1809 = EDGE_CURVE ( 'NONE', #2443, #1079, #3804, .T. ) ;
#1810 = DIRECTION ( 'NONE',  ( 0.000000000000000000, -1.000000000000000000, 0.000000000000000000 ) ) ;
#1811 = ORIENTED_EDGE ( 'NONE', *, *, #252, .F. ) ;
#1812 = FILL_AREA_STYLE ('',( #5992 ) ) ;
#1813 =( GEOMETRIC_REPRESENTATION_CONTEXT ( 3 ) GLOBAL_UNCERTAINTY_ASSIGNED_CONTEXT ( ( #5337 ) ) GLOBAL_UNIT_ASSIGNED_CONTEXT ( ( #5100, #5564, #3146 ) ) REPRESENTATION_CONTEXT ( 'NONE', 'WORKASPACE' ) );
#1814 = ORIENTED_EDGE ( 'NONE', *, *, #2756, .T. ) ;
#1815 = ORIENTED_EDGE ( 'NONE', *, *, #1994, .F. ) ;
#1816 = CARTESIAN_POINT ( 'NONE',  ( 2450.000000000000000, -2950.000000000000000, 604.0000000000000000 ) ) ;
#1817 = EDGE_CURVE ( 'NONE', #3159, #1147, #5757, .T. ) ;
#1818 = CARTESIAN_POINT ( 'NONE',  ( -3000.000000000000000, -800.0000000000002274, 652.0000000000000000 ) ) ;
#1819 = ORIENTED_EDGE ( 'NONE', *, *, #1689, .F. ) ;
#1820 = ADVANCED_FACE ( 'NONE', ( #5725 ), #1449, .F. ) ;
#1821 = ORIENTED_EDGE ( 'NONE', *, *, #597, .T. ) ;
#1822 = CARTESIAN_POINT ( 'NONE',  ( -500.0000000000006821, 4750.000000000002728, 4.000000000000000000 ) ) ;
#1823 = ORIENTED_EDGE ( 'NONE', *, *, #2839, .F. ) ;
#1824 = LINE ( 'NONE', #951, #4755 ) ;
#1825 = ORIENTED_EDGE ( 'NONE', *, *, #3751, .F. ) ;
#1826 = CARTESIAN_POINT ( 'NONE',  ( 24.99999999999991118, -3000.000000000000000, 2.000000000000000000 ) ) ;
#1827 = CARTESIAN_POINT ( 'NONE',  ( -24.99999999999998224, -3000.000000000000000, 52.00000000000000711 ) ) ;
#1828 = ORIENTED_EDGE ( 'NONE', *, *, #537, .T. ) ;
#1829 = DIRECTION ( 'NONE',  ( -1.000000000000000000, -3.700743415417188139E-16, -0.000000000000000000 ) ) ;
#1830 = PLANE ( 'NONE',  #719 ) ;
#1831 = CARTESIAN_POINT ( 'NONE',  ( 5499.999999999999091, -4800.000000000000000, 4.000000000000000000 ) ) ;
#1832 = ORIENTED_EDGE ( 'NONE', *, *, #2446, .T. ) ;
#1833 = ADVANCED_FACE ( 'NONE', ( #3284 ), #2880, .F. ) ;
#1834 = ORIENTED_EDGE ( 'NONE', *, *, #4829, .F. ) ;
#1835 = DIRECTION ( 'NONE',  ( 0.000000000000000000, 1.000000000000000000, 0.000000000000000000 ) ) ;
#1836 = ADVANCED_FACE ( 'NONE', ( #3374 ), #984, .F. ) ;
#1837 = DIRECTION ( 'NONE',  ( -1.000000000000000000, 0.000000000000000000, 0.000000000000000000 ) ) ;
#1838 = CARTESIAN_POINT ( 'NONE',  ( -1500.000000000000455, -1000.000000000000000, 901.9999999999998863 ) ) ;
#1839 = VERTEX_POINT ( 'NONE', #3408 ) ;
#1840 = DIRECTION ( 'NONE',  ( 0.000000000000000000, 1.000000000000000000, 0.000000000000000000 ) ) ;
#1841 = ORIENTED_EDGE ( 'NONE', *, *, #5732, .T. ) ;
#1842 = ORIENTED_EDGE ( 'NONE', *, *, #3135, .T. ) ;
#1843 = EDGE_CURVE ( 'NONE', #1567, #45, #583, .T. ) ;
#1844 = EDGE_CURVE ( 'NONE', #4969, #5545, #2912, .T. ) ;
#1845 = CARTESIAN_POINT ( 'NONE',  ( -24.99999999999977263, 3750.000000000002728, 52.00000000000000711 ) ) ;
#1846 = FACE_OUTER_BOUND ( 'NONE', #1240, .T. ) ;
#1847 = ORIENTED_EDGE ( 'NONE', *, *, #407, .F. ) ;
#1848 = VERTEX_POINT ( 'NONE', #3777 ) ;
#1849 = LINE ( 'NONE', #6124, #2584 ) ;
#1850 = VERTEX_POINT ( 'NONE', #122 ) ;
#1851 = CARTESIAN_POINT ( 'NONE',  ( -2450.000000000000000, -2950.000000000000000, 604.0000000000000000 ) ) ;
#1852 = CARTESIAN_POINT ( 'NONE',  ( -4000.000000000000000, -800.0000000000002274, 603.0000000000000000 ) ) ;
#1853 = VERTEX_POINT ( 'NONE', #4800 ) ;
#1854 = FACE_OUTER_BOUND ( 'NONE', #559, .T. ) ;
#1855 = CARTESIAN_POINT ( 'NONE',  ( -599.9999999999984084, -4850.000000000000909, 4.000000000000000000 ) ) ;
#1856 = VERTEX_POINT ( 'NONE', #1046 ) ;
#1857 = LINE ( 'NONE', #2198, #4458 ) ;
#1858 = VECTOR ( 'NONE', #4117, 1000.000000000000000 ) ;
#1859 = LINE ( 'NONE', #5674, #5766 ) ;
#1860 = CARTESIAN_POINT ( 'NONE',  ( 4000.000000000000000, -2400.000000000000455, 301.9999999999999432 ) ) ;
#1861 = ORIENTED_EDGE ( 'NONE', *, *, #1817, .F. ) ;
#1862 = AXIS2_PLACEMENT_3D ( 'NONE', #2205, #3482, #5431 ) ;
#1863 = DIRECTION ( 'NONE',  ( 0.000000000000000000, -1.000000000000000000, 0.000000000000000000 ) ) ;
#1864 = DIRECTION ( 'NONE',  ( -0.000000000000000000, 1.000000000000000000, 0.000000000000000000 ) ) ;
#1865 = DIRECTION ( 'NONE',  ( -1.000000000000000000, 0.000000000000000000, -0.000000000000000000 ) ) ;
#1866 = ORIENTED_EDGE ( 'NONE', *, *, #3313, .F. ) ;
#1867 = ORIENTED_EDGE ( 'NONE', *, *, #401, .F. ) ;
#1868 = ORIENTED_EDGE ( 'NONE', *, *, #5247, .T. ) ;
#1869 = EDGE_CURVE ( 'NONE', #4920, #4037, #4365, .T. ) ;
#1870 = DIRECTION ( 'NONE',  ( -0.000000000000000000, -0.000000000000000000, -1.000000000000000000 ) ) ;
#1871 = ADVANCED_FACE ( 'NONE', ( #2006 ), #2444, .F. ) ;
#1872 = LINE ( 'NONE', #3854, #2054 ) ;
#1873 = LINE ( 'NONE', #2990, #1319 ) ;
#1874 = EDGE_CURVE ( 'NONE', #5099, #3012, #4823, .T. ) ;
#1875 = ORIENTED_EDGE ( 'NONE', *, *, #3653, .T. ) ;
#1876 = CARTESIAN_POINT ( 'NONE',  ( 24.99999999999997868, 2200.000000000000000, 652.0000000000000000 ) ) ;
#1877 = VERTEX_POINT ( 'NONE', #2353 ) ;
#1878 = DIRECTION ( 'NONE',  ( 0.000000000000000000, 1.000000000000000000, -3.700743415417190605E-16 ) ) ;
#1879 = VECTOR ( 'NONE', #891, 1000.000000000000000 ) ;
#1880 = AXIS2_PLACEMENT_3D ( 'NONE', #5081, #767, #5139 ) ;
#1881 = LINE ( 'NONE', #1852, #1957 ) ;
#1882 = ORIENTED_EDGE ( 'NONE', *, *, #454, .F. ) ;
#1883 = EDGE_CURVE ( 'NONE', #553, #2792, #4769, .T. ) ;
#1884 = DIRECTION ( 'NONE',  ( 0.000000000000000000, -1.000000000000000000, 0.000000000000000000 ) ) ;
#1885 = DIRECTION ( 'NONE',  ( 1.000000000000000000, 0.000000000000000000, 0.000000000000000000 ) ) ;
#1886 = APPLICATION_CONTEXT ( 'automotive_design' ) ;
#1887 = ORIENTED_EDGE ( 'NONE', *, *, #75, .F. ) ;
#1888 = VECTOR ( 'NONE', #1553, 1000.000000000000000 ) ;
#1889 = VECTOR ( 'NONE', #4336, 1000.000000000000000 ) ;
#1890 = CARTESIAN_POINT ( 'NONE',  ( -4000.000000000000000, -2100.000000000000455, 451.9999999999995453 ) ) ;
#1891 = CARTESIAN_POINT ( 'NONE',  ( 0.000000000000000000, 0.000000000000000000, 4.000000000000000000 ) ) ;
#1892 = DIRECTION ( 'NONE',  ( 0.000000000000000000, -0.000000000000000000, 1.000000000000000000 ) ) ;
#1893 = VECTOR ( 'NONE', #2614, 1000.000000000000000 ) ;
#1894 = ORIENTED_EDGE ( 'NONE', *, *, #5227, .F. ) ;
#1895 = ADVANCED_FACE ( 'NONE', ( #5668 ), #1423, .F. ) ;
#1896 = FACE_OUTER_BOUND ( 'NONE', #5389, .T. ) ;
#1897 = FACE_OUTER_BOUND ( 'NONE', #4496, .T. ) ;
#1898 = VECTOR ( 'NONE', #391, 1000.000000000000000 ) ;
#1899 = CARTESIAN_POINT ( 'NONE',  ( 4000.000000000000000, 2700.000000000000000, 2.000000000000000000 ) ) ;
#1900 = LINE ( 'NONE', #6087, #5061 ) ;
#1901 = VERTEX_POINT ( 'NONE', #1134 ) ;
#1902 = VECTOR ( 'NONE', #133, 1000.000000000000000 ) ;
#1903 = ORIENTED_EDGE ( 'NONE', *, *, #3168, .F. ) ;
#1904 = ORIENTED_EDGE ( 'NONE', *, *, #3324, .F. ) ;
#1905 = CARTESIAN_POINT ( 'NONE',  ( -25.00000000000002487, 2200.000000000000000, 652.0000000000000000 ) ) ;
#1906 = VECTOR ( 'NONE', #5980, 1000.000000000000000 ) ;
#1907 = DIRECTION ( 'NONE',  ( 0.000000000000000000, -1.000000000000000000, 0.000000000000000000 ) ) ;
#1908 = ORIENTED_EDGE ( 'NONE', *, *, #6132, .F. ) ;
#1909 = EDGE_LOOP ( 'NONE', ( #5202, #419, #494, #5802 ) ) ;
#1910 = EDGE_CURVE ( 'NONE', #5000, #1969, #3057, .T. ) ;
#1911 = LINE ( 'NONE', #3800, #3379 ) ;
#1912 = EDGE_LOOP ( 'NONE', ( #3930, #2246, #5978, #1355 ) ) ;
#1913 = VECTOR ( 'NONE', #5353, 1000.000000000000000 ) ;
#1914 = EDGE_CURVE ( 'NONE', #4167, #3607, #2963, .T. ) ;
#1915 = DIRECTION ( 'NONE',  ( 5.551115123125782702E-17, 1.000000000000000000, 0.000000000000000000 ) ) ;
#1916 = VERTEX_POINT ( 'NONE', #5816 ) ;
#1917 = CARTESIAN_POINT ( 'NONE',  ( 4000.000000000000000, -2400.000000000000455, 152.0000000000001705 ) ) ;
#1918 = CARTESIAN_POINT ( 'NONE',  ( -499.9999999999999432, 2200.000000000000000, 603.0000000000000000 ) ) ;
#1919 = VERTEX_POINT ( 'NONE', #4856 ) ;
#1920 = DIRECTION ( 'NONE',  ( -1.040834085586084010E-16, 1.000000000000000000, -0.000000000000000000 ) ) ;
#1921 = EDGE_CURVE ( 'NONE', #4293, #1761, #4020, .T. ) ;
#1922 = CARTESIAN_POINT ( 'NONE',  ( 25.00000000000002132, -3650.000000000001364, 4.000000000000000000 ) ) ;
#1923 = DIRECTION ( 'NONE',  ( 0.000000000000000000, 0.000000000000000000, 1.000000000000000000 ) ) ;
#1924 = ORIENTED_EDGE ( 'NONE', *, *, #4938, .T. ) ;
#1925 = FACE_OUTER_BOUND ( 'NONE', #2461, .T. ) ;
#1926 = CARTESIAN_POINT ( 'NONE',  ( -2950.000000000000000, -2950.000000000000000, 652.0000000000000000 ) ) ;
#1927 = CARTESIAN_POINT ( 'NONE',  ( -25.00000000000015987, 5500.000000000000000, 52.00000000000000711 ) ) ;
#1928 = CARTESIAN_POINT ( 'NONE',  ( 0.000000000000000000, 0.000000000000000000, 604.0000000000000000 ) ) ;
#1929 = ADVANCED_FACE ( 'NONE', ( #4488 ), #3496, .F. ) ;
#1930 = EDGE_LOOP ( 'NONE', ( #4055, #512, #2736, #237 ) ) ;
#1931 = ORIENTED_EDGE ( 'NONE', *, *, #27, .T. ) ;
#1932 = CARTESIAN_POINT ( 'NONE',  ( 3500.000000000000000, 5500.000000000000000, 4.000000000000000000 ) ) ;
#1933 = ORIENTED_EDGE ( 'NONE', *, *, #4842, .T. ) ;
#1934 = LINE ( 'NONE', #1845, #220 ) ;
#1935 = CARTESIAN_POINT ( 'NONE',  ( -1500.000000000000455, 1500.000000000000000, 901.9999999999998863 ) ) ;
#1936 = EDGE_LOOP ( 'NONE', ( #5727, #6068, #2607, #3799, #801, #2656, #3032 ) ) ;
#1937 = ORIENTED_EDGE ( 'NONE', *, *, #5142, .T. ) ;
#1938 = LINE ( 'NONE', #1445, #701 ) ;
#1939 = ORIENTED_EDGE ( 'NONE', *, *, #2920, .F. ) ;
#1940 = LINE ( 'NONE', #4305, #1370 ) ;
#1941 = EDGE_LOOP ( 'NONE', ( #4217, #3909, #2535, #5373 ) ) ;
#1942 = CARTESIAN_POINT ( 'NONE',  ( -5.551115123125782702E-13, 4250.000000000002728, 402.0000000000000000 ) ) ;
#1943 = CARTESIAN_POINT ( 'NONE',  ( -2999.899999999999636, -1800.000000000000227, 652.0000000000000000 ) ) ;
#1944 = ORIENTED_EDGE ( 'NONE', *, *, #283, .F. ) ;
#1945 = LINE ( 'NONE', #4803, #1192 ) ;
#1946 = DIRECTION ( 'NONE',  ( -0.000000000000000000, -0.000000000000000000, -1.000000000000000000 ) ) ;
#1947 = DIRECTION ( 'NONE',  ( 0.000000000000000000, -0.000000000000000000, 1.000000000000000000 ) ) ;
#1948 = EDGE_CURVE ( 'NONE', #3361, #1770, #645, .T. ) ;
#1949 = ORIENTED_EDGE ( 'NONE', *, *, #1565, .T. ) ;
#1950 = ADVANCED_FACE ( 'NONE', ( #2128 ), #5846, .F. ) ;
#1951 = EDGE_CURVE ( 'NONE', #6115, #2433, #1632, .T. ) ;
#1952 = VECTOR ( 'NONE', #5086, 1000.000000000000000 ) ;
#1953 = DIRECTION ( 'NONE',  ( 0.000000000000000000, -0.9856222548132665962, 0.1689638151108456554 ) ) ;
#1954 = LINE ( 'NONE', #1984, #5859 ) ;
#1955 = CARTESIAN_POINT ( 'NONE',  ( -3000.000000000000000, -2100.000000000000455, 301.9999999999998295 ) ) ;
#1956 = DIRECTION ( 'NONE',  ( -1.000000000000000000, -0.000000000000000000, -0.000000000000000000 ) ) ;
#1957 = VECTOR ( 'NONE', #5201, 1000.000000000000000 ) ;
#1958 = VECTOR ( 'NONE', #1096, 1000.000000000000000 ) ;
#1959 = VERTEX_POINT ( 'NONE', #2597 ) ;
#1960 = PLANE ( 'NONE',  #5914 ) ;
#1961 = ORIENTED_EDGE ( 'NONE', *, *, #858, .T. ) ;
#1962 = VECTOR ( 'NONE', #2296, 1000.000000000000000 ) ;
#1963 = CARTESIAN_POINT ( 'NONE',  ( 4000.000000000000000, -800.0000000000002274, 603.0000000000000000 ) ) ;
#1964 = DIRECTION ( 'NONE',  ( -0.000000000000000000, -0.000000000000000000, -1.000000000000000000 ) ) ;
#1965 = DIRECTION ( 'NONE',  ( 0.000000000000000000, -1.000000000000000000, 0.000000000000000000 ) ) ;
#1966 = EDGE_CURVE ( 'NONE', #5666, #2596, #242, .T. ) ;
#1967 = ORIENTED_EDGE ( 'NONE', *, *, #6122, .F. ) ;
#1968 = DIRECTION ( 'NONE',  ( -1.000000000000000000, -0.000000000000000000, -0.000000000000000000 ) ) ;
#1969 = VERTEX_POINT ( 'NONE', #151 ) ;
#1970 = DIRECTION ( 'NONE',  ( 0.000000000000000000, 1.000000000000000000, -0.000000000000000000 ) ) ;
#1971 = ORIENTED_EDGE ( 'NONE', *, *, #1910, .F. ) ;
#1972 = DIRECTION ( 'NONE',  ( 0.000000000000000000, -1.000000000000000000, 0.000000000000000000 ) ) ;
#1973 = DIRECTION ( 'NONE',  ( -1.000000000000000000, 6.344131569286606971E-16, 0.000000000000000000 ) ) ;
#1974 = ORIENTED_EDGE ( 'NONE', *, *, #4357, .T. ) ;
#1975 = DIRECTION ( 'NONE',  ( -0.000000000000000000, -0.000000000000000000, 1.000000000000000000 ) ) ;
#1976 = VECTOR ( 'NONE', #603, 1000.000000000000000 ) ;
#1977 = LINE ( 'NONE', #1050, #4953 ) ;
#1978 = CARTESIAN_POINT ( 'NONE',  ( 5599.999999999999091, 5600.000000000000000, 0.000000000000000000 ) ) ;
#1979 = ORIENTED_EDGE ( 'NONE', *, *, #4829, .T. ) ;
#1980 = VECTOR ( 'NONE', #134, 1000.000000000000000 ) ;
#1981 = VECTOR ( 'NONE', #5792, 1000.000000000000000 ) ;
#1982 = LINE ( 'NONE', #2395, #5526 ) ;
#1983 = EDGE_CURVE ( 'NONE', #2939, #2706, #5904, .T. ) ;
#1984 = CARTESIAN_POINT ( 'NONE',  ( -499.9999999999999432, 2200.000000000000000, 603.0000000000000000 ) ) ;
#1985 = CARTESIAN_POINT ( 'NONE',  ( -2450.000000000000000, 2950.000000000000000, 604.0000000000000000 ) ) ;
#1986 = VECTOR ( 'NONE', #4743, 1000.000000000000000 ) ;
#1987 = CARTESIAN_POINT ( 'NONE',  ( 1500.000000000001364, 500.0000000000003411, 752.0000000000000000 ) ) ;
#1988 = EDGE_CURVE ( 'NONE', #372, #2169, #208, .T. ) ;
#1989 = VECTOR ( 'NONE', #1152, 1000.000000000000000 ) ;
#1990 = EDGE_LOOP ( 'NONE', ( #4116, #1823, #3792, #258, #396 ) ) ;
#1991 = DIRECTION ( 'NONE',  ( 1.000000000000000000, -0.000000000000000000, -0.000000000000000000 ) ) ;
#1992 = ORIENTED_EDGE ( 'NONE', *, *, #293, .T. ) ;
#1993 = PLANE ( 'NONE',  #1183 ) ;
#1994 = EDGE_CURVE ( 'NONE', #4822, #4814, #1661, .T. ) ;
#1995 = VECTOR ( 'NONE', #299, 1000.000000000000000 ) ;
#1996 = CARTESIAN_POINT ( 'NONE',  ( -2450.000000000000000, 2950.000000000000000, 604.0000000000000000 ) ) ;
#1997 = PLANE ( 'NONE',  #3934 ) ;
#1998 = ORIENTED_EDGE ( 'NONE', *, *, #5182, .F. ) ;
#1999 = ORIENTED_EDGE ( 'NONE', *, *, #592, .T. ) ;
#2000 = VECTOR ( 'NONE', #3720, 1000.000000000000000 ) ;
#2001 = LINE ( 'NONE', #5786, #5059 ) ;
#2002 = ORIENTED_EDGE ( 'NONE', *, *, #3473, .F. ) ;
#2003 = ADVANCED_FACE ( 'NONE', ( #1199 ), #1104, .F. ) ;
#2004 = CARTESIAN_POINT ( 'NONE',  ( 1499.999999999999545, 500.0000000000004547, 752.0000000000000000 ) ) ;
#2005 = VERTEX_POINT ( 'NONE', #4517 ) ;
#2006 = FACE_OUTER_BOUND ( 'NONE', #2341, .T. ) ;
#2007 = CARTESIAN_POINT ( 'NONE',  ( -3000.000000000000000, 3000.000000000000000, 2.000000000000000000 ) ) ;
#2008 = EDGE_CURVE ( 'NONE', #4814, #4293, #3924, .T. ) ;
#2009 = ORIENTED_EDGE ( 'NONE', *, *, #4242, .F. ) ;
#2010 = DIRECTION ( 'NONE',  ( -0.000000000000000000, 0.000000000000000000, 1.000000000000000000 ) ) ;
#2011 = VECTOR ( 'NONE', #1515, 1000.000000000000000 ) ;
#2012 = CARTESIAN_POINT ( 'NONE',  ( 1499.999999999999773, 2249.999999999999545, 604.0000000000000000 ) ) ;
#2013 = CARTESIAN_POINT ( 'NONE',  ( 4000.000000000000000, -2700.000000000000000, 2.000000000000000000 ) ) ;
#2014 = ORIENTED_EDGE ( 'NONE', *, *, #3135, .F. ) ;
#2015 = DIRECTION ( 'NONE',  ( 1.000000000000000000, 0.000000000000000000, 0.000000000000000000 ) ) ;
#2016 = LINE ( 'NONE', #4780, #223 ) ;
#2017 = LINE ( 'NONE', #1955, #3089 ) ;
#2018 = LINE ( 'NONE', #5281, #1493 ) ;
#2019 = EDGE_CURVE ( 'NONE', #4383, #3123, #374, .T. ) ;
#2020 = ORIENTED_EDGE ( 'NONE', *, *, #873, .T. ) ;
#2021 = PLANE ( 'NONE',  #5225 ) ;
#2022 = EDGE_LOOP ( 'NONE', ( #922, #2193, #4482, #4980, #2339, #2741, #5109, #1262, #202, #4157, #1375, #1191 ) ) ;
#2023 = DIRECTION ( 'NONE',  ( 8.881784197001252323E-16, -1.000000000000000000, 0.000000000000000000 ) ) ;
#2024 = CARTESIAN_POINT ( 'NONE',  ( 3999.999999999999091, -5500.000000000000000, 2.000000000000000000 ) ) ;
#2025 = EDGE_CURVE ( 'NONE', #651, #4647, #737, .T. ) ;
#2026 = PLANE ( 'NONE',  #6017 ) ;
#2027 = CARTESIAN_POINT ( 'NONE',  ( 4000.000000000000000, -2100.000000000000455, 301.9999999999998295 ) ) ;
#2028 = EDGE_CURVE ( 'NONE', #2753, #1749, #2536, .T. ) ;
#2029 = ORIENTED_EDGE ( 'NONE', *, *, #1520, .F. ) ;
#2030 = EDGE_CURVE ( 'NONE', #3111, #2591, #2066, .T. ) ;
#2031 = DIRECTION ( 'NONE',  ( -1.000000000000000000, -0.000000000000000000, -0.000000000000000000 ) ) ;
#2032 = EDGE_LOOP ( 'NONE', ( #2914, #354, #3322, #1347 ) ) ;
#2033 = PLANE ( 'NONE',  #4788 ) ;
#2034 = ORIENTED_EDGE ( 'NONE', *, *, #4242, .T. ) ;
#2035 = CARTESIAN_POINT ( 'NONE',  ( 25.00000000000003553, -2200.000000000000000, 652.0000000000000000 ) ) ;
#2036 = DIRECTION ( 'NONE',  ( -1.000000000000000000, -0.000000000000000000, -0.000000000000000000 ) ) ;
#2037 = LINE ( 'NONE', #5907, #2975 ) ;
#2038 = ORIENTED_EDGE ( 'NONE', *, *, #3813, .T. ) ;
#2039 = CARTESIAN_POINT ( 'NONE',  ( 499.9999999999993179, 4750.000000000002728, 4.000000000000000000 ) ) ;
#2040 = EDGE_CURVE ( 'NONE', #1317, #1303, #2317, .T. ) ;
#2041 = PLANE ( 'NONE',  #3868 ) ;
#2042 = ORIENTED_EDGE ( 'NONE', *, *, #3751, .T. ) ;
#2043 = DIRECTION ( 'NONE',  ( 1.000000000000000000, 0.000000000000000000, 0.000000000000000000 ) ) ;
#2044 = DIRECTION ( 'NONE',  ( 1.000000000000000000, -0.000000000000000000, -0.000000000000000000 ) ) ;
#2045 = CARTESIAN_POINT ( 'NONE',  ( 4799.999999999999091, -5500.000000000000000, 4.000000000000000000 ) ) ;
#2046 = CARTESIAN_POINT ( 'NONE',  ( -4000.000000000000000, -1800.000000000000227, 602.0000000000000000 ) ) ;
#2047 = DIRECTION ( 'NONE',  ( -0.000000000000000000, -0.000000000000000000, -1.000000000000000000 ) ) ;
#2048 = VECTOR ( 'NONE', #2325, 1000.000000000000000 ) ;
#2049 = VERTEX_POINT ( 'NONE', #829 ) ;
#2050 = CARTESIAN_POINT ( 'NONE',  ( 1800.000000000001364, 500.0000000000005684, 602.0000000000000000 ) ) ;
#2051 = ORIENTED_EDGE ( 'NONE', *, *, #1738, .F. ) ;
#2052 = VECTOR ( 'NONE', #1468, 1000.000000000000000 ) ;
#2053 = CARTESIAN_POINT ( 'NONE',  ( -4000.000000000000000, -800.0000000000002274, 603.0000000000000000 ) ) ;
#2054 = VECTOR ( 'NONE', #5747, 1000.000000000000000 ) ;
#2055 = DIRECTION ( 'NONE',  ( 4.440448053695257548E-16, -1.000000000000000000, 0.000000000000000000 ) ) ;
#2056 = DIRECTION ( 'NONE',  ( -1.000000000000000000, 0.000000000000000000, -0.000000000000000000 ) ) ;
#2057 = CARTESIAN_POINT ( 'NONE',  ( 0.000000000000000000, 0.000000000000000000, 2.000000000000000000 ) ) ;
#2058 = AXIS2_PLACEMENT_3D ( 'NONE', #2700, #3659, #900 ) ;
#2059 = ORIENTED_EDGE ( 'NONE', *, *, #4343, .F. ) ;
#2060 = LINE ( 'NONE', #2125, #4464 ) ;
#2061 = ADVANCED_FACE ( 'NONE', ( #4576 ), #1290, .T. ) ;
#2062 = ORIENTED_EDGE ( 'NONE', *, *, #3321, .T. ) ;
#2063 = FACE_OUTER_BOUND ( 'NONE', #5166, .T. ) ;
#2064 = EDGE_CURVE ( 'NONE', #4627, #1422, #1325, .T. ) ;
#2065 = ORIENTED_EDGE ( 'NONE', *, *, #4911, .T. ) ;
#2066 = LINE ( 'NONE', #3954, #3833 ) ;
#2067 = DIRECTION ( 'NONE',  ( 1.000000000000000000, 0.000000000000000000, -0.000000000000000000 ) ) ;
#2068 = DIRECTION ( 'NONE',  ( 0.000000000000000000, 0.000000000000000000, 1.000000000000000000 ) ) ;
#2069 = CARTESIAN_POINT ( 'NONE',  ( 25.00000000000046541, -4850.000000000000909, 52.00000000000000711 ) ) ;
#2070 =( LENGTH_UNIT ( ) NAMED_UNIT ( * ) SI_UNIT ( .MILLI., .METRE. ) );
#2071 = ADVANCED_FACE ( 'NONE', ( #6066 ), #2749, .F. ) ;
#2072 = ORIENTED_EDGE ( 'NONE', *, *, #2520, .T. ) ;
#2073 = DIRECTION ( 'NONE',  ( 0.000000000000000000, 0.000000000000000000, -1.000000000000000000 ) ) ;
#2074 = DIRECTION ( 'NONE',  ( -1.000000000000000000, 0.000000000000000000, -0.000000000000000000 ) ) ;
#2075 = LINE ( 'NONE', #2612, #5955 ) ;
#2076 = CARTESIAN_POINT ( 'NONE',  ( -1800.000000000000909, 500.0000000000000000, 752.0000000000000000 ) ) ;
#2077 = CARTESIAN_POINT ( 'NONE',  ( 25.00000000000003553, -2200.000000000000000, 652.0000000000000000 ) ) ;
#2078 = VECTOR ( 'NONE', #6098, 1000.000000000000000 ) ;
#2079 = VECTOR ( 'NONE', #4828, 1000.000000000000000 ) ;
#2080 = EDGE_CURVE ( 'NONE', #1353, #5666, #5971, .T. ) ;
#2081 = ORIENTED_EDGE ( 'NONE', *, *, #4268, .T. ) ;
#2082 = CARTESIAN_POINT ( 'NONE',  ( 500.0000000000000000, -2950.000000000000000, 603.0000000000000000 ) ) ;
#2083 = ORIENTED_EDGE ( 'NONE', *, *, #3281, .T. ) ;
#2084 = AXIS2_PLACEMENT_3D ( 'NONE', #1987, #5772, #4932 ) ;
#2085 = CIRCLE ( 'NONE', #11, 90.00000000000001421 ) ;
#2086 = DIRECTION ( 'NONE',  ( 0.000000000000000000, 0.000000000000000000, 1.000000000000000000 ) ) ;
#2087 = VECTOR ( 'NONE', #2162, 1000.000000000000000 ) ;
#2088 = DIRECTION ( 'NONE',  ( 1.000000000000000000, 6.344131569286608943E-16, -0.000000000000000000 ) ) ;
#2089 = VECTOR ( 'NONE', #5613, 1000.000000000000000 ) ;
#2090 = DIRECTION ( 'NONE',  ( 0.000000000000000000, 0.000000000000000000, 1.000000000000000000 ) ) ;
#2091 = DIRECTION ( 'NONE',  ( -1.000000000000000000, 4.440892098500626162E-16, 0.000000000000000000 ) ) ;
#2092 = VERTEX_POINT ( 'NONE', #1784 ) ;
#2093 = CARTESIAN_POINT ( 'NONE',  ( -249.9999999999998295, -2450.000000000000000, 604.0000000000000000 ) ) ;
#2094 = VECTOR ( 'NONE', #3587, 1000.000000000000227 ) ;
#2095 = CARTESIAN_POINT ( 'NONE',  ( 1000.000000000000909, -999.9999999999997726, 903.9999999999998863 ) ) ;
#2096 = ORIENTED_EDGE ( 'NONE', *, *, #4528, .T. ) ;
#2097 = DIRECTION ( 'NONE',  ( 1.982541115402064678E-17, -1.000000000000000000, 0.000000000000000000 ) ) ;
#2098 = DIRECTION ( 'NONE',  ( 1.000000000000000000, 0.000000000000000000, 0.000000000000000000 ) ) ;
#2099 = EDGE_CURVE ( 'NONE', #5000, #2425, #5571, .T. ) ;
#2100 = AXIS2_PLACEMENT_3D ( 'NONE', #540, #5369, #1082 ) ;
#2101 = VERTEX_POINT ( 'NONE', #5600 ) ;
#2102 = DIRECTION ( 'NONE',  ( 0.000000000000000000, 0.000000000000000000, 1.000000000000000000 ) ) ;
#2103 = EDGE_CURVE ( 'NONE', #4814, #4885, #3244, .T. ) ;
#2104 = VERTEX_POINT ( 'NONE', #5477 ) ;
#2105 = CARTESIAN_POINT ( 'NONE',  ( -25.00000000000002487, 2200.000000000000000, 602.0000000000000000 ) ) ;
#2106 = ORIENTED_EDGE ( 'NONE', *, *, #5590, .T. ) ;
#2107 = LINE ( 'NONE', #4462, #2087 ) ;
#2108 = VECTOR ( 'NONE', #169, 1000.000000000000000 ) ;
#2109 = EDGE_CURVE ( 'NONE', #3855, #4542, #4606, .T. ) ;
#2110 = LINE ( 'NONE', #1579, #1665 ) ;
#2111 = LINE ( 'NONE', #5426, #5368 ) ;
#2112 = PLANE ( 'NONE',  #3881 ) ;
#2113 = LINE ( 'NONE', #2980, #1980 ) ;
#2114 = AXIS2_PLACEMENT_3D ( 'NONE', #4454, #209, #2098 ) ;
#2115 = ORIENTED_EDGE ( 'NONE', *, *, #2030, .F. ) ;
#2116 = DIRECTION ( 'NONE',  ( 1.000000000000000000, -0.000000000000000000, -0.000000000000000000 ) ) ;
#2117 = ORIENTED_EDGE ( 'NONE', *, *, #5810, .F. ) ;
#2118 = CARTESIAN_POINT ( 'NONE',  ( 2450.000000000000000, -2950.000000000000000, 602.0000000000000000 ) ) ;
#2119 = ADVANCED_FACE ( 'NONE', ( #6030 ), #1229, .F. ) ;
#2120 = DIRECTION ( 'NONE',  ( 1.000000000000000000, 6.344131569286606971E-16, -0.000000000000000000 ) ) ;
#2121 = FACE_OUTER_BOUND ( 'NONE', #1123, .T. ) ;
#2122 = DIRECTION ( 'NONE',  ( -1.000000000000000000, 0.000000000000000000, -0.000000000000000000 ) ) ;
#2123 = VERTEX_POINT ( 'NONE', #5997 ) ;
#2124 = ORIENTED_EDGE ( 'NONE', *, *, #4561, .T. ) ;
#2125 = CARTESIAN_POINT ( 'NONE',  ( 1500.000000000001364, 500.0000000000003411, 752.0000000000000000 ) ) ;
#2126 = DIRECTION ( 'NONE',  ( 8.881784197001244435E-16, 1.000000000000000000, 0.000000000000000000 ) ) ;
#2127 = ORIENTED_EDGE ( 'NONE', *, *, #5108, .T. ) ;
#2128 = FACE_OUTER_BOUND ( 'NONE', #4269, .T. ) ;
#2129 = FACE_OUTER_BOUND ( 'NONE', #3583, .T. ) ;
#2130 = VERTEX_POINT ( 'NONE', #1818 ) ;
#2131 = DIRECTION ( 'NONE',  ( 0.000000000000000000, 1.000000000000000000, 0.000000000000000000 ) ) ;
#2132 = CARTESIAN_POINT ( 'NONE',  ( 1000.000000000000455, 1500.000000000000227, 903.9999999999998863 ) ) ;
#2133 = ORIENTED_EDGE ( 'NONE', *, *, #5673, .T. ) ;
#2134 = PLANE ( 'NONE',  #4764 ) ;
#2135 = VERTEX_POINT ( 'NONE', #3680 ) ;
#2136 = CARTESIAN_POINT ( 'NONE',  ( -1500.000000000000909, 500.0000000000000000, 602.0000000000000000 ) ) ;
#2137 = CARTESIAN_POINT ( 'NONE',  ( 4699.999999999999091, -5500.000000000000000, 4.000000000000000000 ) ) ;
#2138 = CARTESIAN_POINT ( 'NONE',  ( -1500.000000000000455, -1500.000000000000000, 602.0000000000000000 ) ) ;
#2139 = EDGE_CURVE ( 'NONE', #5486, #1303, #3647, .T. ) ;
#2140 = DIRECTION ( 'NONE',  ( -0.000000000000000000, -0.000000000000000000, -1.000000000000000000 ) ) ;
#2141 = EDGE_CURVE ( 'NONE', #4483, #4167, #5106, .T. ) ;
#2142 = EDGE_CURVE ( 'NONE', #2818, #979, #1748, .T. ) ;
#2143 = VERTEX_POINT ( 'NONE', #2281 ) ;
#2144 = LINE ( 'NONE', #3075, #3252 ) ;
#2145 = ORIENTED_EDGE ( 'NONE', *, *, #5794, .F. ) ;
#2146 = CARTESIAN_POINT ( 'NONE',  ( -2950.000000000000000, -2450.000000000000000, 602.0000000000000000 ) ) ;
#2147 = DIRECTION ( 'NONE',  ( 1.000000000000000000, 0.000000000000000000, 0.000000000000000000 ) ) ;
#2148 = DIRECTION ( 'NONE',  ( -1.000000000000000000, 0.000000000000000000, -0.000000000000000000 ) ) ;
#2149 = CARTESIAN_POINT ( 'NONE',  ( -4000.000000000000000, -800.0000000000002274, 602.0000000000000000 ) ) ;
#2150 = VERTEX_POINT ( 'NONE', #4545 ) ;
#2151 = EDGE_LOOP ( 'NONE', ( #3681, #4671, #1903, #5391 ) ) ;
#2152 = VECTOR ( 'NONE', #271, 1000.000000000000000 ) ;
#2153 = PLANE ( 'NONE',  #2896 ) ;
#2154 = CARTESIAN_POINT ( 'NONE',  ( -2950.000000000000000, -1800.000000000000227, 602.0000000000000000 ) ) ;
#2155 = VECTOR ( 'NONE', #1122, 1000.000000000000000 ) ;
#2156 = CARTESIAN_POINT ( 'NONE',  ( 1499.999999999999773, 2950.000000000000000, 604.0000000000000000 ) ) ;
#2157 = DIRECTION ( 'NONE',  ( 1.000000000000000000, 0.000000000000000000, 0.000000000000000000 ) ) ;
#2158 = ORIENTED_EDGE ( 'NONE', *, *, #937, .T. ) ;
#2159 = PLANE ( 'NONE',  #3668 ) ;
#2160 = CARTESIAN_POINT ( 'NONE',  ( -599.9999999999984084, -3650.000000000001364, 4.000000000000000000 ) ) ;
#2161 = VERTEX_POINT ( 'NONE', #3708 ) ;
#2162 = DIRECTION ( 'NONE',  ( -0.000000000000000000, -1.000000000000000000, -0.000000000000000000 ) ) ;
#2163 = ORIENTED_EDGE ( 'NONE', *, *, #454, .T. ) ;
#2164 = DIRECTION ( 'NONE',  ( -0.000000000000000000, -0.000000000000000000, -1.000000000000000000 ) ) ;
#2165 = LINE ( 'NONE', #1707, #5660 ) ;
#2166 = CARTESIAN_POINT ( 'NONE',  ( -5500.000000000000909, -4800.000000000000000, 4.000000000000000000 ) ) ;
#2167 = DIRECTION ( 'NONE',  ( 0.000000000000000000, 0.000000000000000000, 1.000000000000000000 ) ) ;
#2168 = EDGE_CURVE ( 'NONE', #5339, #1443, #2655, .T. ) ;
#2169 = VERTEX_POINT ( 'NONE', #1723 ) ;
#2170 = CARTESIAN_POINT ( 'NONE',  ( 3999.999999999999091, -5500.000000000000000, 2.000000000000000000 ) ) ;
#2171 = ORIENTED_EDGE ( 'NONE', *, *, #2375, .T. ) ;
#2172 = EDGE_CURVE ( 'NONE', #5582, #4303, #5136, .T. ) ;
#2173 = VECTOR ( 'NONE', #4879, 1000.000000000000000 ) ;
#2174 = FACE_OUTER_BOUND ( 'NONE', #5841, .T. ) ;
#2175 = DIRECTION ( 'NONE',  ( -1.000000000000000000, -2.220446049250313081E-16, 0.000000000000000000 ) ) ;
#2176 = LINE ( 'NONE', #355, #231 ) ;
#2177 = VECTOR ( 'NONE', #2860, 1000.000000000000000 ) ;
#2178 = ORIENTED_EDGE ( 'NONE', *, *, #2635, .T. ) ;
#2179 = VECTOR ( 'NONE', #4859, 1000.000000000000000 ) ;
#2180 = EDGE_LOOP ( 'NONE', ( #3747, #5042, #564, #4126, #3469, #2072 ) ) ;
#2181 = EDGE_CURVE ( 'NONE', #5892, #303, #5536, .T. ) ;
#2182 = DIRECTION ( 'NONE',  ( -0.000000000000000000, -1.000000000000000000, -0.000000000000000000 ) ) ;
#2183 = DIRECTION ( 'NONE',  ( -0.000000000000000000, -1.000000000000000000, -0.000000000000000000 ) ) ;
#2184 = DIRECTION ( 'NONE',  ( 1.000000000000000000, 1.850371707708594070E-16, 0.000000000000000000 ) ) ;
#2185 = ORIENTED_EDGE ( 'NONE', *, *, #3901, .T. ) ;
#2186 = ORIENTED_EDGE ( 'NONE', *, *, #1869, .F. ) ;
#2187 = AXIS2_PLACEMENT_3D ( 'NONE', #360, #4138, #1781 ) ;
#2188 = CARTESIAN_POINT ( 'NONE',  ( -249.9999999999998295, -2450.000000000000000, 603.0000000000000000 ) ) ;
#2189 = ORIENTED_EDGE ( 'NONE', *, *, #2731, .T. ) ;
#2190 = ADVANCED_FACE ( 'NONE', ( #1257 ), #3153, .F. ) ;
#2191 = FACE_OUTER_BOUND ( 'NONE', #5911, .T. ) ;
#2192 = ADVANCED_FACE ( 'NONE', ( #1846 ), #5195, .F. ) ;
#2193 = ORIENTED_EDGE ( 'NONE', *, *, #1380, .F. ) ;
#2194 = AXIS2_PLACEMENT_3D ( 'NONE', #4836, #5769, #4288 ) ;
#2195 = PLANE ( 'NONE',  #868 ) ;
#2196 = DIRECTION ( 'NONE',  ( 0.000000000000000000, 0.000000000000000000, 1.000000000000000000 ) ) ;
#2197 = EDGE_LOOP ( 'NONE', ( #4571, #4570 ) ) ;
#2198 = CARTESIAN_POINT ( 'NONE',  ( -499.9999999999999432, -2950.000000000000000, 603.0000000000000000 ) ) ;
#2199 = AXIS2_PLACEMENT_3D ( 'NONE', #4742, #5642, #1798 ) ;
#2200 = DIRECTION ( 'NONE',  ( 0.000000000000000000, 0.000000000000000000, 1.000000000000000000 ) ) ;
#2201 = CARTESIAN_POINT ( 'NONE',  ( -24.99999999999952394, -5500.000000000000000, 52.00000000000000711 ) ) ;
#2202 = CARTESIAN_POINT ( 'NONE',  ( 500.0000000000000000, 2200.000000000000000, 603.0000000000000000 ) ) ;
#2203 = AXIS2_PLACEMENT_3D ( 'NONE', #5498, #1346, #4044 ) ;
#2204 = ORIENTED_EDGE ( 'NONE', *, *, #1057, .T. ) ;
#2205 = CARTESIAN_POINT ( 'NONE',  ( -5.551115123125782702E-13, 4250.000000000002728, 4.000000000000003553 ) ) ;
#2206 = ORIENTED_EDGE ( 'NONE', *, *, #1773, .F. ) ;
#2207 = AXIS2_PLACEMENT_3D ( 'NONE', #1918, #1603, #5478 ) ;
#2208 = CARTESIAN_POINT ( 'NONE',  ( -5.551115123125782702E-13, 4250.000000000002728, 502.0000000000000000 ) ) ;
#2209 = EDGE_CURVE ( 'NONE', #5161, #2521, #1010, .T. ) ;
#2210 = DIRECTION ( 'NONE',  ( 0.000000000000000000, 1.000000000000000000, 0.000000000000000000 ) ) ;
#2211 = CARTESIAN_POINT ( 'NONE',  ( -4000.000000000000000, -2700.000000000000000, 2.000000000000000000 ) ) ;
#2212 = ORIENTED_EDGE ( 'NONE', *, *, #2554, .F. ) ;
#2213 = ORIENTED_EDGE ( 'NONE', *, *, #4718, .F. ) ;
#2214 = LINE ( 'NONE', #1719, #2987 ) ;
#2215 = EDGE_CURVE ( 'NONE', #6123, #4995, #548, .T. ) ;
#2216 = LINE ( 'NONE', #3185, #4071 ) ;
#2217 = EDGE_CURVE ( 'NONE', #1253, #5784, #2811, .T. ) ;
#2218 = CARTESIAN_POINT ( 'NONE',  ( 4799.999999999999091, -5500.000000000000000, 2.000000000000000000 ) ) ;
#2219 = ORIENTED_EDGE ( 'NONE', *, *, #1315, .T. ) ;
#2220 = ADVANCED_FACE ( 'NONE', ( #4325 ), #5715, .F. ) ;
#2221 = ORIENTED_EDGE ( 'NONE', *, *, #2488, .F. ) ;
#2222 = CARTESIAN_POINT ( 'NONE',  ( 600.0000000000018190, -4850.000000000000909, 4.000000000000000000 ) ) ;
#2223 = ORIENTED_EDGE ( 'NONE', *, *, #825, .F. ) ;
#2224 = CARTESIAN_POINT ( 'NONE',  ( 250.0000000000002274, -2950.000000000000000, 604.0000000000000000 ) ) ;
#2225 = ORIENTED_EDGE ( 'NONE', *, *, #3224, .T. ) ;
#2226 = LINE ( 'NONE', #6038, #1062 ) ;
#2227 = CARTESIAN_POINT ( 'NONE',  ( -5500.000000000000909, -5500.000000000000000, 2.000000000000000000 ) ) ;
#2228 = ORIENTED_EDGE ( 'NONE', *, *, #5712, .F. ) ;
#2229 = CARTESIAN_POINT ( 'NONE',  ( -249.9999999999998863, 2950.000000000000000, 603.0000000000000000 ) ) ;
#2230 = EDGE_CURVE ( 'NONE', #3530, #1067, #79, .T. ) ;
#2231 = CARTESIAN_POINT ( 'NONE',  ( 4000.000000000000000, -2100.000000000000455, 301.9999999999998295 ) ) ;
#2232 = FACE_OUTER_BOUND ( 'NONE', #5693, .T. ) ;
#2233 = PLANE ( 'NONE',  #2973 ) ;
#2234 = ORIENTED_EDGE ( 'NONE', *, *, #1277, .F. ) ;
#2235 = ORIENTED_EDGE ( 'NONE', *, *, #3413, .F. ) ;
#2236 = DIRECTION ( 'NONE',  ( -0.000000000000000000, -0.000000000000000000, -1.000000000000000000 ) ) ;
#2237 = CARTESIAN_POINT ( 'NONE',  ( 500.0000000000000000, 2200.000000000000000, 603.0000000000000000 ) ) ;
#2238 = CARTESIAN_POINT ( 'NONE',  ( -599.9999999999984084, -3650.000000000001364, 2.000000000000000000 ) ) ;
#2239 = ORIENTED_EDGE ( 'NONE', *, *, #5273, .F. ) ;
#2240 = LINE ( 'NONE', #3178, #5866 ) ;
#2241 = EDGE_LOOP ( 'NONE', ( #771, #339, #4594, #138 ) ) ;
#2242 = ORIENTED_EDGE ( 'NONE', *, *, #778, .F. ) ;
#2243 = PLANE ( 'NONE',  #3981 ) ;
#2244 = LINE ( 'NONE', #4107, #5761 ) ;
#2245 = CARTESIAN_POINT ( 'NONE',  ( -4000.000000000000000, -2400.000000000000455, 152.0000000000001705 ) ) ;
#2246 = ORIENTED_EDGE ( 'NONE', *, *, #3975, .T. ) ;
#2247 = AXIS2_PLACEMENT_3D ( 'NONE', #4890, #5878, #3093 ) ;
#2248 = ORIENTED_EDGE ( 'NONE', *, *, #5659, .T. ) ;
#2249 = EDGE_CURVE ( 'NONE', #2294, #1326, #1872, .T. ) ;
#2250 = PLANE ( 'NONE',  #602 ) ;
#2251 = ORIENTED_EDGE ( 'NONE', *, *, #4990, .T. ) ;
#2252 = CARTESIAN_POINT ( 'NONE',  ( 4699.999999999999091, -5500.000000000000000, 4.000000000000000000 ) ) ;
#2253 = EDGE_CURVE ( 'NONE', #4822, #1901, #5165, .T. ) ;
#2254 = VECTOR ( 'NONE', #5154, 1000.000000000000000 ) ;
#2255 = VECTOR ( 'NONE', #4790, 1000.000000000000000 ) ;
#2256 = ORIENTED_EDGE ( 'NONE', *, *, #4603, .F. ) ;
#2257 = CARTESIAN_POINT ( 'NONE',  ( 4699.999999999999091, -5500.000000000000000, 2.000000000000000000 ) ) ;
#2258 = DIRECTION ( 'NONE',  ( -1.850371707708594070E-16, 1.000000000000000000, 0.000000000000000000 ) ) ;
#2259 = ORIENTED_EDGE ( 'NONE', *, *, #1232, .T. ) ;
#2260 = AXIS2_PLACEMENT_3D ( 'NONE', #5277, #2454, #98 ) ;
#2261 = CARTESIAN_POINT ( 'NONE',  ( -5500.000000000000909, 4500.000000000000000, 4.000000000000000000 ) ) ;
#2262 = ADVANCED_FACE ( 'NONE', ( #3824 ), #2837, .F. ) ;
#2263 = CARTESIAN_POINT ( 'NONE',  ( 1000.000000000000455, 1000.000000000000227, 903.9999999999998863 ) ) ;
#2264 = CARTESIAN_POINT ( 'NONE',  ( -2950.000000000000000, -800.0000000000002274, 652.0000000000000000 ) ) ;
#2265 = VERTEX_POINT ( 'NONE', #946 ) ;
#2266 = ORIENTED_EDGE ( 'NONE', *, *, #2209, .F. ) ;
#2267 = DIRECTION ( 'NONE',  ( 0.000000000000000000, -0.000000000000000000, -1.000000000000000000 ) ) ;
#2268 = ADVANCED_FACE ( 'NONE', ( #3765 ), #5287, .F. ) ;
#2269 = FACE_OUTER_BOUND ( 'NONE', #5045, .T. ) ;
#2270 = DIRECTION ( 'NONE',  ( 0.000000000000000000, -1.000000000000000000, 0.000000000000000000 ) ) ;
#2271 = EDGE_CURVE ( 'NONE', #429, #3314, #4266, .T. ) ;
#2272 = EDGE_LOOP ( 'NONE', ( #1609, #1933, #88, #2688 ) ) ;
#2273 = DIRECTION ( 'NONE',  ( 1.000000000000000000, 0.000000000000000000, 0.000000000000000000 ) ) ;
#2274 = ORIENTED_EDGE ( 'NONE', *, *, #5492, .F. ) ;
#2275 = ORIENTED_EDGE ( 'NONE', *, *, #146, .F. ) ;
#2276 = VECTOR ( 'NONE', #1206, 1000.000000000000000 ) ;
#2277 = AXIS2_PLACEMENT_3D ( 'NONE', #3274, #1965, #4235 ) ;
#2278 = LINE ( 'NONE', #3679, #1898 ) ;
#2279 = VECTOR ( 'NONE', #4893, 1000.000000000000000 ) ;
#2280 = VECTOR ( 'NONE', #809, 1000.000000000000000 ) ;
#2281 = CARTESIAN_POINT ( 'NONE',  ( 90.00000000000001421, 0.000000000000000000, 1702.000000000000000 ) ) ;
#2282 = EDGE_LOOP ( 'NONE', ( #1013, #2610, #6005, #4267, #1967, #766, #4667, #4584 ) ) ;
#2283 = ORIENTED_EDGE ( 'NONE', *, *, #1645, .F. ) ;
#2284 = LINE ( 'NONE', #4640, #3272 ) ;
#2285 = VECTOR ( 'NONE', #3390, 1000.000000000000000 ) ;
#2286 = ORIENTED_EDGE ( 'NONE', *, *, #4873, .F. ) ;
#2287 = VECTOR ( 'NONE', #523, 1000.000000000000000 ) ;
#2288 = CARTESIAN_POINT ( 'NONE',  ( 1000.000000000001364, -1499.999999999999773, 903.9999999999998863 ) ) ;
#2289 = ADVANCED_FACE ( 'NONE', ( #4699 ), #2408, .F. ) ;
#2290 = ORIENTED_EDGE ( 'NONE', *, *, #1817, .T. ) ;
#2291 = CARTESIAN_POINT ( 'NONE',  ( 1000.000000000000455, 1000.000000000000227, 901.9999999999998863 ) ) ;
#2292 = CARTESIAN_POINT ( 'NONE',  ( 24.99999999999991118, -1500.000000000000000, 602.0000000000000000 ) ) ;
#2293 = VECTOR ( 'NONE', #758, 1000.000000000000000 ) ;
#2294 = VERTEX_POINT ( 'NONE', #4298 ) ;
#2295 = EDGE_CURVE ( 'NONE', #4772, #1060, #4206, .T. ) ;
#2296 = DIRECTION ( 'NONE',  ( -0.000000000000000000, -0.000000000000000000, -1.000000000000000000 ) ) ;
#2297 = CARTESIAN_POINT ( 'NONE',  ( 2950.000000000000000, -2450.000000000000000, 602.0000000000000000 ) ) ;
#2298 = CARTESIAN_POINT ( 'NONE',  ( -25.00000000000002132, -3650.000000000001364, 2.000000000000000000 ) ) ;
#2299 = VECTOR ( 'NONE', #2574, 1000.000000000000000 ) ;
#2300 = VECTOR ( 'NONE', #3217, 1000.000000000000000 ) ;
#2301 = EDGE_LOOP ( 'NONE', ( #4111, #5748, #3245, #3074 ) ) ;
#2302 = ADVANCED_FACE ( 'NONE', ( #50 ), #5687, .F. ) ;
#2303 = EDGE_CURVE ( 'NONE', #798, #2787, #918, .T. ) ;
#2304 = ORIENTED_EDGE ( 'NONE', *, *, #4844, .F. ) ;
#2305 = VECTOR ( 'NONE', #3107, 1000.000000000000000 ) ;
#2306 = PLANE ( 'NONE',  #3446 ) ;
#2307 = CARTESIAN_POINT ( 'NONE',  ( 500.0000000000000000, -2950.000000000000000, 603.0000000000000000 ) ) ;
#2308 = DIRECTION ( 'NONE',  ( -1.000000000000000000, -0.000000000000000000, -0.000000000000000000 ) ) ;
#2309 = VERTEX_POINT ( 'NONE', #1414 ) ;
#2310 = DIRECTION ( 'NONE',  ( 0.000000000000000000, -1.000000000000000000, 0.000000000000000000 ) ) ;
#2311 = VECTOR ( 'NONE', #422, 1000.000000000000000 ) ;
#2312 = ORIENTED_EDGE ( 'NONE', *, *, #1565, .F. ) ;
#2313 = ORIENTED_EDGE ( 'NONE', *, *, #2672, .T. ) ;
#2314 = VECTOR ( 'NONE', #3921, 1000.000000000000000 ) ;
#2315 = ADVANCED_FACE ( 'NONE', ( #3306 ), #4480, .T. ) ;
#2316 = CARTESIAN_POINT ( 'NONE',  ( -2950.000000000000000, 2950.000000000000000, 602.0000000000000000 ) ) ;
#2317 = LINE ( 'NONE', #2218, #76 ) ;
#2318 = ORIENTED_EDGE ( 'NONE', *, *, #359, .F. ) ;
#2319 = EDGE_LOOP ( 'NONE', ( #2324, #4875, #521, #4053 ) ) ;
#2320 = LINE ( 'NONE', #4085, #2484 ) ;
#2321 = ORIENTED_EDGE ( 'NONE', *, *, #2253, .F. ) ;
#2322 = DIRECTION ( 'NONE',  ( -1.000000000000000000, 0.000000000000000000, 0.000000000000000000 ) ) ;
#2323 = PLANE ( 'NONE',  #4536 ) ;
#2324 = ORIENTED_EDGE ( 'NONE', *, *, #4689, .T. ) ;
#2325 = DIRECTION ( 'NONE',  ( -0.000000000000000000, -0.000000000000000000, -1.000000000000000000 ) ) ;
#2326 = LINE ( 'NONE', #5115, #5082 ) ;
#2327 = ORIENTED_EDGE ( 'NONE', *, *, #4000, .F. ) ;
#2328 = DIRECTION ( 'NONE',  ( -0.000000000000000000, -0.000000000000000000, -1.000000000000000000 ) ) ;
#2329 = LINE ( 'NONE', #902, #1213 ) ;
#2330 = DIRECTION ( 'NONE',  ( 1.000000000000000000, -0.000000000000000000, -0.000000000000000000 ) ) ;
#2331 = ORIENTED_EDGE ( 'NONE', *, *, #6122, .T. ) ;
#2332 = PLANE ( 'NONE',  #482 ) ;
#2333 = ADVANCED_BREP_SHAPE_REPRESENTATION ( 'ABU2027_field_v1', ( #217, #4858 ), #5064 ) ;
#2334 = EDGE_CURVE ( 'NONE', #4895, #3302, #1153, .T. ) ;
#2335 = CARTESIAN_POINT ( 'NONE',  ( -2200.000000000000000, 2950.000000000000000, 602.0000000000000000 ) ) ;
#2336 = EDGE_CURVE ( 'NONE', #1564, #4627, #235, .T. ) ;
#2337 = ADVANCED_FACE ( 'NONE', ( #692 ), #3018, .F. ) ;
#2338 = LINE ( 'NONE', #44, #2393 ) ;
#2339 = ORIENTED_EDGE ( 'NONE', *, *, #2295, .F. ) ;
#2340 = EDGE_LOOP ( 'NONE', ( #2628, #519, #5651, #5072 ) ) ;
#2341 = EDGE_LOOP ( 'NONE', ( #5923, #2503, #981, #481 ) ) ;
#2342 = ADVANCED_FACE ( 'NONE', ( #2500 ), #5805, .T. ) ;
#2343 = CARTESIAN_POINT ( 'NONE',  ( 250.0000000000000000, 2950.000000000000000, 604.0000000000000000 ) ) ;
#2344 = CARTESIAN_POINT ( 'NONE',  ( -4000.000000000000000, -2700.000000000000000, 151.9999999999999432 ) ) ;
#2345 = CARTESIAN_POINT ( 'NONE',  ( -2950.000000000000000, 2450.000000000000000, 604.0000000000000000 ) ) ;
#2346 = ORIENTED_EDGE ( 'NONE', *, *, #4076, .T. ) ;
#2347 = LINE ( 'NONE', #2411, #5746 ) ;
#2348 = VERTEX_POINT ( 'NONE', #2989 ) ;
#2349 = LINE ( 'NONE', #3251, #2776 ) ;
#2350 = ADVANCED_FACE ( 'NONE', ( #2121 ), #4445, .F. ) ;
#2351 = LINE ( 'NONE', #1447, #378 ) ;
#2352 = ORIENTED_EDGE ( 'NONE', *, *, #3353, .T. ) ;
#2353 = CARTESIAN_POINT ( 'NONE',  ( 24.99999999999997868, 2200.000000000000000, 603.0000000000000000 ) ) ;
#2354 = FACE_OUTER_BOUND ( 'NONE', #2282, .T. ) ;
#2355 = AXIS2_PLACEMENT_3D ( 'NONE', #1111, #3064, #1239 ) ;
#2356 = ORIENTED_EDGE ( 'NONE', *, *, #2711, .T. ) ;
#2357 = FACE_OUTER_BOUND ( 'NONE', #2998, .T. ) ;
#2358 = VECTOR ( 'NONE', #20, 1000.000000000000000 ) ;
#2359 = CARTESIAN_POINT ( 'NONE',  ( -1500.000000000000455, 999.9999999999998863, 903.9999999999998863 ) ) ;
#2360 = LINE ( 'NONE', #4250, #3082 ) ;
#2361 = ORIENTED_EDGE ( 'NONE', *, *, #778, .T. ) ;
#2362 = VECTOR ( 'NONE', #4623, 1000.000000000000000 ) ;
#2363 = CARTESIAN_POINT ( 'NONE',  ( 0.000000000000000000, 0.000000000000000000, 652.0000000000000000 ) ) ;
#2364 = CARTESIAN_POINT ( 'NONE',  ( -499.9999999999999432, 2950.000000000000000, 603.0000000000000000 ) ) ;
#2365 = DIRECTION ( 'NONE',  ( -0.000000000000000000, -1.000000000000000000, -0.000000000000000000 ) ) ;
#2366 = DIRECTION ( 'NONE',  ( -0.000000000000000000, -0.000000000000000000, -1.000000000000000000 ) ) ;
#2367 = EDGE_CURVE ( 'NONE', #439, #833, #143, .T. ) ;
#2368 = ORIENTED_EDGE ( 'NONE', *, *, #2573, .F. ) ;
#2369 = ORIENTED_EDGE ( 'NONE', *, *, #4170, .F. ) ;
#2370 = ORIENTED_EDGE ( 'NONE', *, *, #4311, .F. ) ;
#2371 = ADVANCED_FACE ( 'NONE', ( #1187 ), #2026, .F. ) ;
#2372 = LINE ( 'NONE', #2316, #421 ) ;
#2373 = CARTESIAN_POINT ( 'NONE',  ( -24.99999999999998224, -3650.000000000001364, 52.00000000000000711 ) ) ;
#2374 = VERTEX_POINT ( 'NONE', #605 ) ;
#2375 = EDGE_CURVE ( 'NONE', #5789, #1663, #3453, .T. ) ;
#2376 = VERTEX_POINT ( 'NONE', #5870 ) ;
#2377 = FACE_BOUND ( 'NONE', #5874, .T. ) ;
#2378 = ORIENTED_EDGE ( 'NONE', *, *, #3913, .T. ) ;
#2379 = PLANE ( 'NONE',  #694 ) ;
#2380 = VECTOR ( 'NONE', #587, 1000.000000000000000 ) ;
#2381 = VECTOR ( 'NONE', #5641, 1000.000000000000000 ) ;
#2382 = LINE ( 'NONE', #2909, #4337 ) ;
#2383 = VERTEX_POINT ( 'NONE', #638 ) ;
#2384 = CARTESIAN_POINT ( 'NONE',  ( 3999.999999999999091, -5500.000000000000000, 4.000000000000000000 ) ) ;
#2385 = DIRECTION ( 'NONE',  ( -0.000000000000000000, -0.000000000000000000, -1.000000000000000000 ) ) ;
#2386 = ORIENTED_EDGE ( 'NONE', *, *, #2028, .T. ) ;
#2387 = VECTOR ( 'NONE', #2140, 1000.000000000000000 ) ;
#2388 = VECTOR ( 'NONE', #2031, 1000.000000000000000 ) ;
#2389 = CARTESIAN_POINT ( 'NONE',  ( 24.99999999999997868, 2200.000000000000000, 652.0000000000000000 ) ) ;
#2390 = DIRECTION ( 'NONE',  ( -0.000000000000000000, -1.000000000000000000, -0.000000000000000000 ) ) ;
#2391 = EDGE_CURVE ( 'NONE', #4622, #3239, #5835, .T. ) ;
#2392 = FACE_OUTER_BOUND ( 'NONE', #328, .T. ) ;
#2393 = VECTOR ( 'NONE', #2366, 1000.000000000000000 ) ;
#2394 = VERTEX_POINT ( 'NONE', #4881 ) ;
#2395 = CARTESIAN_POINT ( 'NONE',  ( -1000.000000000000455, -1000.000000000000000, 901.9999999999998863 ) ) ;
#2396 = CARTESIAN_POINT ( 'NONE',  ( -499.9999999999999432, -2200.000000000000000, 603.0000000000000000 ) ) ;
#2397 = VECTOR ( 'NONE', #5443, 1000.000000000000000 ) ;
#2398 = CARTESIAN_POINT ( 'NONE',  ( 3999.999999999999091, -4800.000000000000000, 4.000000000000000000 ) ) ;
#2399 = CARTESIAN_POINT ( 'NONE',  ( 4000.000000000000000, 2700.000000000000000, 2.000000000000000000 ) ) ;
#2400 = ORIENTED_EDGE ( 'NONE', *, *, #2748, .F. ) ;
#2401 = VECTOR ( 'NONE', #4515, 1000.000000000000000 ) ;
#2402 = ORIENTED_EDGE ( 'NONE', *, *, #1080, .T. ) ;
#2403 = DIRECTION ( 'NONE',  ( 1.000000000000000000, 4.440892098500626162E-16, -0.000000000000000000 ) ) ;
#2404 = ORIENTED_EDGE ( 'NONE', *, *, #3011, .T. ) ;
#2405 = APPLICATION_CONTEXT ( 'automotive_design' ) ;
#2406 = CARTESIAN_POINT ( 'NONE',  ( 135.0000000000000000, 1.653273178848927024E-14, 1702.000000000000000 ) ) ;
#2407 = AXIS2_PLACEMENT_3D ( 'NONE', #4165, #1683, #6060 ) ;
#2408 = PLANE ( 'NONE',  #4928 ) ;
#2409 = ORIENTED_EDGE ( 'NONE', *, *, #966, .F. ) ;
#2410 = ORIENTED_EDGE ( 'NONE', *, *, #539, .T. ) ;
#2411 = CARTESIAN_POINT ( 'NONE',  ( 1000.000000000000455, 1000.000000000000227, 901.9999999999998863 ) ) ;
#2412 = EDGE_CURVE ( 'NONE', #1377, #3220, #5344, .T. ) ;
#2413 = VERTEX_POINT ( 'NONE', #4354 ) ;
#2414 = AXIS2_PLACEMENT_3D ( 'NONE', #1047, #5324, #1885 ) ;
#2415 = ADVANCED_FACE ( 'NONE', ( #1624 ), #1997, .F. ) ;
#2416 = PLANE ( 'NONE',  #5328 ) ;
#2417 = EDGE_CURVE ( 'NONE', #973, #5582, #168, .T. ) ;
#2418 = ORIENTED_EDGE ( 'NONE', *, *, #5587, .F. ) ;
#2419 = DIRECTION ( 'NONE',  ( -0.000000000000000000, -1.000000000000000000, -0.000000000000000000 ) ) ;
#2420 = CARTESIAN_POINT ( 'NONE',  ( -5500.000000000000909, 4500.000000000000000, 4.000000000000000000 ) ) ;
#2421 = ORIENTED_EDGE ( 'NONE', *, *, #1765, .T. ) ;
#2422 = CARTESIAN_POINT ( 'NONE',  ( 0.000000000000000000, 0.000000000000000000, 604.0000000000000000 ) ) ;
#2423 = CARTESIAN_POINT ( 'NONE',  ( -90.00000000000001421, 1.102182119232618069E-14, 1702.000000000000000 ) ) ;
#2424 = DIRECTION ( 'NONE',  ( 0.000000000000000000, 0.000000000000000000, 1.000000000000000000 ) ) ;
#2425 = VERTEX_POINT ( 'NONE', #5379 ) ;
#2426 = ADVANCED_FACE ( 'NONE', ( #1126 ), #4908, .F. ) ;
#2427 = PLANE ( 'NONE',  #4734 ) ;
#2428 = LINE ( 'NONE', #505, #5760 ) ;
#2429 = PLANE ( 'NONE',  #1503 ) ;
#2430 = LINE ( 'NONE', #542, #5256 ) ;
#2431 = ADVANCED_FACE ( 'NONE', ( #1533 ), #3424, .F. ) ;
#2432 = ORIENTED_EDGE ( 'NONE', *, *, #4723, .T. ) ;
#2433 = VERTEX_POINT ( 'NONE', #1682 ) ;
#2434 = DIRECTION ( 'NONE',  ( 0.000000000000000000, -1.000000000000000000, 3.700743415417190605E-16 ) ) ;
#2435 = ORIENTED_EDGE ( 'NONE', *, *, #4649, .F. ) ;
#2436 = DIRECTION ( 'NONE',  ( 0.000000000000000000, -1.000000000000000000, 0.000000000000000000 ) ) ;
#2437 = CARTESIAN_POINT ( 'NONE',  ( 4000.000000000000000, -800.0000000000002274, 602.0000000000000000 ) ) ;
#2438 = CARTESIAN_POINT ( 'NONE',  ( -4000.000000000000000, -2700.000000000000000, 2.000000000000000000 ) ) ;
#2439 = ORIENTED_EDGE ( 'NONE', *, *, #963, .T. ) ;
#2440 = DIRECTION ( 'NONE',  ( 1.000000000000000000, 0.000000000000000000, 0.000000000000000000 ) ) ;
#2441 = ORIENTED_EDGE ( 'NONE', *, *, #5570, .F. ) ;
#2442 = CARTESIAN_POINT ( 'NONE',  ( -25.00000000000015987, 4750.000000000002728, 4.000000000000003553 ) ) ;
#2443 = VERTEX_POINT ( 'NONE', #1223 ) ;
#2444 = PLANE ( 'NONE',  #3637 ) ;
#2445 = CARTESIAN_POINT ( 'NONE',  ( -499.9999999999999432, -2950.000000000000000, 603.0000000000000000 ) ) ;
#2446 = EDGE_CURVE ( 'NONE', #5439, #2470, #3580, .T. ) ;
#2447 = EDGE_LOOP ( 'NONE', ( #4524, #1733, #1577, #4607 ) ) ;
#2448 = CARTESIAN_POINT ( 'NONE',  ( 3000.000000000000000, -1800.000000000000227, 652.0000000000000000 ) ) ;
#2449 = EDGE_CURVE ( 'NONE', #1147, #681, #2620, .T. ) ;
#2450 = CARTESIAN_POINT ( 'NONE',  ( -4000.000000000000000, -2100.000000000000455, 451.9999999999995453 ) ) ;
#2451 = ORIENTED_EDGE ( 'NONE', *, *, #520, .F. ) ;
#2452 = EDGE_CURVE ( 'NONE', #2470, #288, #731, .T. ) ;
#2453 = VECTOR ( 'NONE', #615, 1000.000000000000000 ) ;
#2454 = DIRECTION ( 'NONE',  ( -1.000000000000000000, 0.000000000000000000, 0.000000000000000000 ) ) ;
#2455 = CARTESIAN_POINT ( 'NONE',  ( 24.99999999999982947, 5500.000000000000000, 52.00000000000000711 ) ) ;
#2456 = DIRECTION ( 'NONE',  ( 1.000000000000000000, -0.000000000000000000, -0.000000000000000000 ) ) ;
#2457 = DIRECTION ( 'NONE',  ( -1.000000000000000000, -0.000000000000000000, -0.000000000000000000 ) ) ;
#2458 = VECTOR ( 'NONE', #1512, 1000.000000000000000 ) ;
#2459 = ORIENTED_EDGE ( 'NONE', *, *, #3848, .T. ) ;
#2460 = CARTESIAN_POINT ( 'NONE',  ( 5599.999999999999091, -5600.000000000000000, 0.000000000000000000 ) ) ;
#2461 = EDGE_LOOP ( 'NONE', ( #5298, #5407, #4099, #1696 ) ) ;
#2462 = VECTOR ( 'NONE', #2636, 1000.000000000000000 ) ;
#2463 = EDGE_CURVE ( 'NONE', #1067, #2807, #5692, .T. ) ;
#2464 = EDGE_CURVE ( 'NONE', #651, #2918, #1940, .T. ) ;
#2465 = LINE ( 'NONE', #5804, #2494 ) ;
#2466 = CARTESIAN_POINT ( 'NONE',  ( 24.99999999999984013, 4750.000000000002728, 52.00000000000000711 ) ) ;
#2467 = ORIENTED_EDGE ( 'NONE', *, *, #1474, .F. ) ;
#2468 = ORIENTED_EDGE ( 'NONE', *, *, #4261, .F. ) ;
#2469 = CARTESIAN_POINT ( 'NONE',  ( 3000.000000000000000, -1800.100000000000136, 602.0000000000000000 ) ) ;
#2470 = VERTEX_POINT ( 'NONE', #2442 ) ;
#2471 = CARTESIAN_POINT ( 'NONE',  ( -5500.000000000000909, 4500.000000000000000, 4.000000000000000000 ) ) ;
#2472 = ORIENTED_EDGE ( 'NONE', *, *, #5476, .F. ) ;
#2473 = DIRECTION ( 'NONE',  ( 1.000000000000000000, 0.000000000000000000, 0.000000000000000000 ) ) ;
#2474 = CARTESIAN_POINT ( 'NONE',  ( 2200.000000000000000, 2950.000000000000000, 604.0000000000000000 ) ) ;
#2475 = ORIENTED_EDGE ( 'NONE', *, *, #304, .F. ) ;
#2476 = CARTESIAN_POINT ( 'NONE',  ( -2950.000000000000000, 2450.000000000000000, 602.0000000000000000 ) ) ;
#2477 = AXIS2_PLACEMENT_3D ( 'NONE', #635, #2954, #5779 ) ;
#2478 = CARTESIAN_POINT ( 'NONE',  ( -599.9999999999984084, -4850.000000000000909, 4.000000000000000000 ) ) ;
#2479 = ADVANCED_FACE ( 'NONE', ( #3829 ), #4330, .F. ) ;
#2480 = CARTESIAN_POINT ( 'NONE',  ( 25.00000000000021672, 3000.000000000000000, 2.000000000000000000 ) ) ;
#2481 = VERTEX_POINT ( 'NONE', #4767 ) ;
#2482 = EDGE_CURVE ( 'NONE', #2101, #4221, #2382, .T. ) ;
#2483 = VECTOR ( 'NONE', #4039, 1000.000000000000000 ) ;
#2484 = VECTOR ( 'NONE', #832, 1000.000000000000000 ) ;
#2485 = DIRECTION ( 'NONE',  ( -0.000000000000000000, 0.000000000000000000, -1.000000000000000000 ) ) ;
#2486 = FACE_OUTER_BOUND ( 'NONE', #1328, .T. ) ;
#2487 = DIRECTION ( 'NONE',  ( 1.000000000000000000, -0.000000000000000000, -0.000000000000000000 ) ) ;
#2488 = EDGE_CURVE ( 'NONE', #288, #3513, #1421, .T. ) ;
#2489 = CARTESIAN_POINT ( 'NONE',  ( -4700.000000000000909, -5500.000000000000000, 4.000000000000000000 ) ) ;
#2490 = EDGE_CURVE ( 'NONE', #5604, #5000, #1881, .T. ) ;
#2491 = EDGE_CURVE ( 'NONE', #2787, #2832, #2351, .T. ) ;
#2492 = VECTOR ( 'NONE', #279, 1000.000000000000000 ) ;
#2493 = ORIENTED_EDGE ( 'NONE', *, *, #1585, .T. ) ;
#2494 = VECTOR ( 'NONE', #2988, 1000.000000000000000 ) ;
#2495 = CARTESIAN_POINT ( 'NONE',  ( 24.99999999999984013, 4750.000000000002728, 52.00000000000000711 ) ) ;
#2496 = VERTEX_POINT ( 'NONE', #5172 ) ;
#2497 = DIRECTION ( 'NONE',  ( 0.000000000000000000, 1.000000000000000000, 0.000000000000000000 ) ) ;
#2498 = VECTOR ( 'NONE', #3068, 1000.000000000000000 ) ;
#2499 = CARTESIAN_POINT ( 'NONE',  ( 24.99999999999984013, 4750.000000000002728, 52.00000000000000711 ) ) ;
#2500 = FACE_OUTER_BOUND ( 'NONE', #3897, .T. ) ;
#2501 = DIRECTION ( 'NONE',  ( 0.000000000000000000, 0.000000000000000000, -1.000000000000000000 ) ) ;
#2502 = ADVANCED_FACE ( 'NONE', ( #87 ), #3743, .F. ) ;
#2503 = ORIENTED_EDGE ( 'NONE', *, *, #5103, .T. ) ;
#2504 = AXIS2_PLACEMENT_3D ( 'NONE', #2450, #184, #4428 ) ;
#2505 = CARTESIAN_POINT ( 'NONE',  ( -5500.000000000000909, -4800.000000000000000, 2.000000000000000000 ) ) ;
#2506 = ORIENTED_EDGE ( 'NONE', *, *, #3886, .T. ) ;
#2507 = PLANE ( 'NONE',  #6059 ) ;
#2508 = ORIENTED_EDGE ( 'NONE', *, *, #6010, .T. ) ;
#2509 = CARTESIAN_POINT ( 'NONE',  ( -4000.000000000000000, -800.0000000000002274, 603.0000000000000000 ) ) ;
#2510 = CARTESIAN_POINT ( 'NONE',  ( -499.9999999999999432, -2200.000000000000000, 602.0000000000000000 ) ) ;
#2511 = LINE ( 'NONE', #2538, #1489 ) ;
#2512 = VECTOR ( 'NONE', #272, 1000.000000000000000 ) ;
#2513 = DIRECTION ( 'NONE',  ( -5.551115123125782702E-17, -1.000000000000000000, -0.000000000000000000 ) ) ;
#2514 = ORIENTED_EDGE ( 'NONE', *, *, #1765, .F. ) ;
#2515 = FACE_OUTER_BOUND ( 'NONE', #2301, .T. ) ;
#2516 = FACE_OUTER_BOUND ( 'NONE', #3753, .T. ) ;
#2517 = DIRECTION ( 'NONE',  ( -0.000000000000000000, 0.000000000000000000, -1.000000000000000000 ) ) ;
#2518 = LINE ( 'NONE', #5396, #1902 ) ;
#2519 = CARTESIAN_POINT ( 'NONE',  ( -5600.000000000000909, 5600.000000000000000, 100.0000000000000000 ) ) ;
#2520 = EDGE_CURVE ( 'NONE', #2130, #5000, #5232, .T. ) ;
#2521 = VERTEX_POINT ( 'NONE', #925 ) ;
#2522 = LINE ( 'NONE', #4411, #2052 ) ;
#2523 = ORIENTED_EDGE ( 'NONE', *, *, #3168, .T. ) ;
#2524 = ADVANCED_FACE ( 'NONE', ( #952 ), #2416, .F. ) ;
#2525 = ADVANCED_FACE ( 'NONE', ( #1390 ), #4736, .F. ) ;
#2526 = FACE_OUTER_BOUND ( 'NONE', #2781, .T. ) ;
#2527 = LINE ( 'NONE', #4386, #3287 ) ;
#2528 = DIRECTION ( 'NONE',  ( 4.440448053695257548E-16, -1.000000000000000000, 0.000000000000000000 ) ) ;
#2529 = CARTESIAN_POINT ( 'NONE',  ( -24.99999999999952394, -4850.000000000000909, 52.00000000000000711 ) ) ;
#2530 = ORIENTED_EDGE ( 'NONE', *, *, #5361, .F. ) ;
#2531 = EDGE_CURVE ( 'NONE', #6032, #4051, #4705, .T. ) ;
#2532 = CARTESIAN_POINT ( 'NONE',  ( 0.000000000000000000, 0.000000000000000000, 1601.999999999999773 ) ) ;
#2533 = VERTEX_POINT ( 'NONE', #4797 ) ;
#2534 = FACE_OUTER_BOUND ( 'NONE', #1260, .T. ) ;
#2535 = ORIENTED_EDGE ( 'NONE', *, *, #1198, .F. ) ;
#2536 = LINE ( 'NONE', #2156, #3038 ) ;
#2537 = CARTESIAN_POINT ( 'NONE',  ( 0.000000000000000000, 0.000000000000000000, 604.0000000000000000 ) ) ;
#2538 = CARTESIAN_POINT ( 'NONE',  ( 3000.000000000000000, -1800.100000000000136, 602.0000000000000000 ) ) ;
#2539 = PLANE ( 'NONE',  #2504 ) ;
#2540 = CARTESIAN_POINT ( 'NONE',  ( -4000.000000000000000, -2400.000000000000455, 301.9999999999999432 ) ) ;
#2541 = ORIENTED_EDGE ( 'NONE', *, *, #94, .F. ) ;
#2542 = FACE_OUTER_BOUND ( 'NONE', #1440, .T. ) ;
#2543 = LINE ( 'NONE', #5858, #5135 ) ;
#2544 = DIRECTION ( 'NONE',  ( 1.000000000000000000, -0.000000000000000000, -0.000000000000000000 ) ) ;
#2545 = DIRECTION ( 'NONE',  ( 1.000000000000000000, 0.000000000000000000, -0.000000000000000000 ) ) ;
#2546 = LINE ( 'NONE', #2077, #108 ) ;
#2547 = VECTOR ( 'NONE', #437, 1000.000000000000000 ) ;
#2548 = ORIENTED_EDGE ( 'NONE', *, *, #2172, .T. ) ;
#2549 = DIRECTION ( 'NONE',  ( -0.000000000000000000, -0.000000000000000000, -1.000000000000000000 ) ) ;
#2550 = ORIENTED_EDGE ( 'NONE', *, *, #3241, .F. ) ;
#2551 = VECTOR ( 'NONE', #3372, 1000.000000000000000 ) ;
#2552 = CARTESIAN_POINT ( 'NONE',  ( 1000.000000000000909, -999.9999999999997726, 901.9999999999998863 ) ) ;
#2553 = VECTOR ( 'NONE', #1964, 1000.000000000000000 ) ;
#2554 = EDGE_CURVE ( 'NONE', #2521, #5644, #3863, .T. ) ;
#2555 = DIRECTION ( 'NONE',  ( -0.000000000000000000, -1.000000000000000000, -0.000000000000000000 ) ) ;
#2556 = CARTESIAN_POINT ( 'NONE',  ( -249.9999999999998863, 2950.000000000000000, 604.0000000000000000 ) ) ;
#2557 = CARTESIAN_POINT ( 'NONE',  ( -500.0000000000006821, 4750.000000000002728, 2.000000000000000000 ) ) ;
#2558 = ADVANCED_FACE ( 'NONE', ( #3406 ), #4274, .F. ) ;
#2559 = AXIS2_PLACEMENT_3D ( 'NONE', #2802, #4691, #4252 ) ;
#2560 = ORIENTED_EDGE ( 'NONE', *, *, #2734, .F. ) ;
#2561 = FACE_OUTER_BOUND ( 'NONE', #1555, .T. ) ;
#2562 = CARTESIAN_POINT ( 'NONE',  ( 2950.000000000000000, -1800.000000000000227, 652.0000000000000000 ) ) ;
#2563 = ORIENTED_EDGE ( 'NONE', *, *, #3732, .F. ) ;
#2564 = ADVANCED_FACE ( 'NONE', ( #435 ), #2323, .F. ) ;
#2565 = DIRECTION ( 'NONE',  ( -1.000000000000000000, 0.000000000000000000, 0.000000000000000000 ) ) ;
#2566 = LINE ( 'NONE', #5817, #2512 ) ;
#2567 = EDGE_LOOP ( 'NONE', ( #3867, #2321, #2669, #622 ) ) ;
#2568 = CARTESIAN_POINT ( 'NONE',  ( -2450.000000000000000, 2950.000000000000000, 604.0000000000000000 ) ) ;
#2569 = CARTESIAN_POINT ( 'NONE',  ( -1000.000000000000455, -1500.000000000000000, 901.9999999999998863 ) ) ;
#2570 = ORIENTED_EDGE ( 'NONE', *, *, #5517, .F. ) ;
#2571 = CARTESIAN_POINT ( 'NONE',  ( 4000.000000000000000, 0.000000000000000000, 0.000000000000000000 ) ) ;
#2572 = CARTESIAN_POINT ( 'NONE',  ( 135.0000000000000000, 1.653273178848927024E-14, 1702.000000000000000 ) ) ;
#2573 = EDGE_CURVE ( 'NONE', #4514, #393, #73, .T. ) ;
#2574 = DIRECTION ( 'NONE',  ( -0.000000000000000000, -0.000000000000000000, -1.000000000000000000 ) ) ;
#2575 = DIRECTION ( 'NONE',  ( 1.000000000000000000, -0.000000000000000000, -0.000000000000000000 ) ) ;
#2576 = VECTOR ( 'NONE', #4791, 1000.000000000000000 ) ;
#2577 = LINE ( 'NONE', #3880, #5745 ) ;
#2578 = AXIS2_PLACEMENT_3D ( 'NONE', #1419, #5867, #2086 ) ;
#2579 = VECTOR ( 'NONE', #5299, 1000.000000000000000 ) ;
#2580 = ORIENTED_EDGE ( 'NONE', *, *, #5712, .T. ) ;
#2581 = CARTESIAN_POINT ( 'NONE',  ( -1499.999999999999773, 2950.000000000000000, 602.0000000000000000 ) ) ;
#2582 = ORIENTED_EDGE ( 'NONE', *, *, #4872, .F. ) ;
#2583 = VECTOR ( 'NONE', #5371, 1000.000000000000000 ) ;
#2584 = VECTOR ( 'NONE', #579, 1000.000000000000000 ) ;
#2585 = CARTESIAN_POINT ( 'NONE',  ( 3000.000000000000000, -3000.000000000000000, 2.000000000000000000 ) ) ;
#2586 = VECTOR ( 'NONE', #2270, 1000.000000000000000 ) ;
#2587 = FACE_OUTER_BOUND ( 'NONE', #5085, .T. ) ;
#2588 = DIRECTION ( 'NONE',  ( 0.000000000000000000, -1.000000000000000000, 0.000000000000000000 ) ) ;
#2589 = DIRECTION ( 'NONE',  ( 0.000000000000000000, 0.000000000000000000, -1.000000000000000000 ) ) ;
#2590 = ORIENTED_EDGE ( 'NONE', *, *, #1844, .T. ) ;
#2591 = VERTEX_POINT ( 'NONE', #4786 ) ;
#2592 = DIRECTION ( 'NONE',  ( 1.110223024625156540E-16, 1.000000000000000000, 0.000000000000000000 ) ) ;
#2593 = AXIS2_PLACEMENT_3D ( 'NONE', #2231, #4121, #595 ) ;
#2594 = VECTOR ( 'NONE', #2055, 1000.000000000000000 ) ;
#2595 = LINE ( 'NONE', #2562, #1913 ) ;
#2596 = VERTEX_POINT ( 'NONE', #2050 ) ;
#2597 = CARTESIAN_POINT ( 'NONE',  ( -3500.000000000000909, 4499.999999999999091, 2.000000000000000000 ) ) ;
#2598 = LINE ( 'NONE', #243, #1713 ) ;
#2599 = VECTOR ( 'NONE', #811, 1000.000000000000000 ) ;
#2600 = EDGE_LOOP ( 'NONE', ( #3654, #298, #3807, #4327 ) ) ;
#2601 = EDGE_CURVE ( 'NONE', #2962, #4258, #3360, .T. ) ;
#2602 = DIRECTION ( 'NONE',  ( 1.000000000000000000, 0.000000000000000000, 0.000000000000000000 ) ) ;
#2603 = VERTEX_POINT ( 'NONE', #2865 ) ;
#2604 = ADVANCED_FACE ( 'NONE', ( #5710 ), #1960, .T. ) ;
#2605 = CARTESIAN_POINT ( 'NONE',  ( 250.0000000000002274, -2950.000000000000000, 603.0000000000000000 ) ) ;
#2606 = ADVANCED_FACE ( 'NONE', ( #4876 ), #2898, .F. ) ;
#2607 = ORIENTED_EDGE ( 'NONE', *, *, #1235, .T. ) ;
#2608 = PLANE ( 'NONE',  #5713 ) ;
#2609 = MECHANICAL_DESIGN_GEOMETRIC_PRESENTATION_REPRESENTATION (  '', ( #822 ), #1813 ) ;
#2610 = ORIENTED_EDGE ( 'NONE', *, *, #3975, .F. ) ;
#2611 = FACE_OUTER_BOUND ( 'NONE', #350, .T. ) ;
#2612 = CARTESIAN_POINT ( 'NONE',  ( 4000.000000000000000, -2700.000000000000000, 2.000000000000000000 ) ) ;
#2613 = DIRECTION ( 'NONE',  ( 0.000000000000000000, -0.000000000000000000, -1.000000000000000000 ) ) ;
#2614 = DIRECTION ( 'NONE',  ( -1.110223024625156540E-16, -1.000000000000000000, 0.000000000000000000 ) ) ;
#2615 = VERTEX_POINT ( 'NONE', #571 ) ;
#2616 = DIRECTION ( 'NONE',  ( -0.000000000000000000, 1.000000000000000000, -0.000000000000000000 ) ) ;
#2617 = ORIENTED_EDGE ( 'NONE', *, *, #3949, .F. ) ;
#2618 = DIRECTION ( 'NONE',  ( -1.000000000000000000, -0.000000000000000000, -0.000000000000000000 ) ) ;
#2619 = LINE ( 'NONE', #4626, #1695 ) ;
#2620 = LINE ( 'NONE', #5927, #577 ) ;
#2621 = DIRECTION ( 'NONE',  ( -0.000000000000000000, 1.000000000000000000, -0.000000000000000000 ) ) ;
#2622 = ORIENTED_EDGE ( 'NONE', *, *, #1271, .F. ) ;
#2623 = ORIENTED_EDGE ( 'NONE', *, *, #6086, .F. ) ;
#2624 = DIRECTION ( 'NONE',  ( 0.000000000000000000, 0.000000000000000000, 1.000000000000000000 ) ) ;
#2625 = LINE ( 'NONE', #1816, #2691 ) ;
#2626 = DIRECTION ( 'NONE',  ( -1.000000000000000000, -1.982541115402064678E-17, 0.000000000000000000 ) ) ;
#2627 = DIRECTION ( 'NONE',  ( -0.000000000000000000, -0.000000000000000000, -1.000000000000000000 ) ) ;
#2628 = ORIENTED_EDGE ( 'NONE', *, *, #3485, .T. ) ;
#2629 = LINE ( 'NONE', #4399, #899 ) ;
#2630 = DIRECTION ( 'NONE',  ( -0.000000000000000000, -0.000000000000000000, -1.000000000000000000 ) ) ;
#2631 = ADVANCED_FACE ( 'NONE', ( #4840 ), #3851, .F. ) ;
#2632 = ORIENTED_EDGE ( 'NONE', *, *, #2008, .T. ) ;
#2633 = CARTESIAN_POINT ( 'NONE',  ( -90.00000000000044054, 4250.000000000002728, 402.0000000000000000 ) ) ;
#2634 = ORIENTED_EDGE ( 'NONE', *, *, #2675, .T. ) ;
#2635 = EDGE_CURVE ( 'NONE', #2161, #436, #1033, .T. ) ;
#2636 = DIRECTION ( 'NONE',  ( -0.000000000000000000, -0.000000000000000000, -1.000000000000000000 ) ) ;
#2637 = CARTESIAN_POINT ( 'NONE',  ( -2999.900000000000091, -800.0000000000002274, 603.0000000000000000 ) ) ;
#2638 = LINE ( 'NONE', #2359, #1706 ) ;
#2639 = LINE ( 'NONE', #4999, #5058 ) ;
#2640 = EDGE_CURVE ( 'NONE', #4006, #5811, #3910, .T. ) ;
#2641 = ORIENTED_EDGE ( 'NONE', *, *, #2746, .F. ) ;
#2642 = CARTESIAN_POINT ( 'NONE',  ( -5500.000000000000909, -4800.000000000000000, 2.000000000000000000 ) ) ;
#2643 = ORIENTED_EDGE ( 'NONE', *, *, #4826, .F. ) ;
#2644 = LINE ( 'NONE', #3576, #3378 ) ;
#2645 = CARTESIAN_POINT ( 'NONE',  ( -249.9999999999999147, 2450.000000000000000, 604.0000000000000000 ) ) ;
#2646 = PLANE ( 'NONE',  #1517 ) ;
#2647 = EDGE_CURVE ( 'NONE', #1770, #2726, #1004, .T. ) ;
#2648 = VERTEX_POINT ( 'NONE', #3394 ) ;
#2649 = ORIENTED_EDGE ( 'NONE', *, *, #2793, .T. ) ;
#2650 = AXIS2_PLACEMENT_3D ( 'NONE', #5203, #4738, #1542 ) ;
#2651 = CARTESIAN_POINT ( 'NONE',  ( -1000.000000000000455, 1500.000000000000000, 903.9999999999998863 ) ) ;
#2652 = EDGE_CURVE ( 'NONE', #4431, #1369, #5739, .T. ) ;
#2653 = DIRECTION ( 'NONE',  ( 0.000000000000000000, 1.000000000000000000, 0.000000000000000000 ) ) ;
#2654 = VECTOR ( 'NONE', #3013, 1000.000000000000000 ) ;
#2655 = LINE ( 'NONE', #302, #968 ) ;
#2656 = ORIENTED_EDGE ( 'NONE', *, *, #1146, .T. ) ;
#2657 = ORIENTED_EDGE ( 'NONE', *, *, #457, .F. ) ;
#2658 = CARTESIAN_POINT ( 'NONE',  ( -2950.000000000000000, 2950.000000000000000, 604.0000000000000000 ) ) ;
#2659 = ORIENTED_EDGE ( 'NONE', *, *, #4125, .T. ) ;
#2660 = DIRECTION ( 'NONE',  ( -1.000000000000000000, -6.344131569286608943E-16, 0.000000000000000000 ) ) ;
#2661 = ORIENTED_EDGE ( 'NONE', *, *, #3773, .T. ) ;
#2662 = DIRECTION ( 'NONE',  ( -0.000000000000000000, 1.000000000000000000, -0.000000000000000000 ) ) ;
#2663 = ORIENTED_EDGE ( 'NONE', *, *, #3582, .T. ) ;
#2664 = DIRECTION ( 'NONE',  ( -0.000000000000000000, -0.000000000000000000, -1.000000000000000000 ) ) ;
#2665 = EDGE_CURVE ( 'NONE', #4349, #4514, #3420, .T. ) ;
#2666 = CARTESIAN_POINT ( 'NONE',  ( 4000.000000000000000, -2100.000000000000455, 451.9999999999995453 ) ) ;
#2667 = DIRECTION ( 'NONE',  ( 1.000000000000000000, 0.000000000000000000, 0.000000000000000000 ) ) ;
#2668 = CARTESIAN_POINT ( 'NONE',  ( -3000.000000000000000, -2700.000000000000000, 151.9999999999999147 ) ) ;
#2669 = ORIENTED_EDGE ( 'NONE', *, *, #5959, .F. ) ;
#2670 = DIRECTION ( 'NONE',  ( -1.982541115402064678E-17, 1.000000000000000000, 0.000000000000000000 ) ) ;
#2671 = ORIENTED_EDGE ( 'NONE', *, *, #4418, .T. ) ;
#2672 = EDGE_CURVE ( 'NONE', #3617, #6114, #4813, .T. ) ;
#2673 = VECTOR ( 'NONE', #4704, 1000.000000000000000 ) ;
#2674 = FACE_OUTER_BOUND ( 'NONE', #4195, .T. ) ;
#2675 = EDGE_CURVE ( 'NONE', #2481, #3275, #137, .T. ) ;
#2676 = CIRCLE ( 'NONE', #6, 89.99999999999988631 ) ;
#2677 = EDGE_CURVE ( 'NONE', #535, #5510, #1059, .T. ) ;
#2678 = DIRECTION ( 'NONE',  ( -1.000000000000000000, -0.000000000000000000, -0.000000000000000000 ) ) ;
#2679 = LINE ( 'NONE', #6089, #4982 ) ;
#2680 = AXIS2_PLACEMENT_3D ( 'NONE', #5124, #1864, #5648 ) ;
#2681 = VERTEX_POINT ( 'NONE', #3942 ) ;
#2682 = AXIS2_PLACEMENT_3D ( 'NONE', #2093, #173, #2592 ) ;
#2683 = ORIENTED_EDGE ( 'NONE', *, *, #3046, .T. ) ;
#2684 = CARTESIAN_POINT ( 'NONE',  ( -2199.999999999999545, 2250.000000000000000, 602.0000000000000000 ) ) ;
#2685 = VECTOR ( 'NONE', #716, 1000.000000000000000 ) ;
#2686 = PLANE ( 'NONE',  #1404 ) ;
#2687 = DIRECTION ( 'NONE',  ( -0.000000000000000000, 1.000000000000000000, -0.000000000000000000 ) ) ;
#2688 = ORIENTED_EDGE ( 'NONE', *, *, #6051, .F. ) ;
#2689 = ADVANCED_FACE ( 'NONE', ( #106 ), #2021, .F. ) ;
#2690 = ORIENTED_EDGE ( 'NONE', *, *, #1694, .T. ) ;
#2691 = VECTOR ( 'NONE', #2183, 1000.000000000000000 ) ;
#2692 = LINE ( 'NONE', #3249, #5942 ) ;
#2693 = VERTEX_POINT ( 'NONE', #5340 ) ;
#2694 = CARTESIAN_POINT ( 'NONE',  ( 3000.000000000000000, -2100.000000000000455, 301.9999999999998295 ) ) ;
#2695 = ORIENTED_EDGE ( 'NONE', *, *, #2412, .T. ) ;
#2696 = AXIS2_PLACEMENT_3D ( 'NONE', #4899, #5798, #655 ) ;
#2697 = DIRECTION ( 'NONE',  ( 0.000000000000000000, -1.000000000000000000, 0.000000000000000000 ) ) ;
#2698 = DIRECTION ( 'NONE',  ( -0.000000000000000000, -0.000000000000000000, -1.000000000000000000 ) ) ;
#2699 = ORIENTED_EDGE ( 'NONE', *, *, #283, .T. ) ;
#2700 = CARTESIAN_POINT ( 'NONE',  ( -4000.000000000000000, -2700.000000000000000, 2.000000000000000000 ) ) ;
#2701 = DIRECTION ( 'NONE',  ( -4.440448053695257548E-16, 1.000000000000000000, -0.000000000000000000 ) ) ;
#2702 = CARTESIAN_POINT ( 'NONE',  ( -249.9999999999998295, -2450.000000000000000, 603.0000000000000000 ) ) ;
#2703 = CARTESIAN_POINT ( 'NONE',  ( 0.000000000000000000, 0.000000000000000000, 901.9999999999998863 ) ) ;
#2704 = AXIS2_PLACEMENT_3D ( 'NONE', #1334, #3656, #5087 ) ;
#2705 = ORIENTED_EDGE ( 'NONE', *, *, #1119, .T. ) ;
#2706 = VERTEX_POINT ( 'NONE', #1932 ) ;
#2707 = DIRECTION ( 'NONE',  ( 0.000000000000000000, -1.000000000000000000, 0.000000000000000000 ) ) ;
#2708 = VECTOR ( 'NONE', #1164, 1000.000000000000000 ) ;
#2709 = CARTESIAN_POINT ( 'NONE',  ( -5600.000000000000909, 5600.000000000000000, 100.0000000000000000 ) ) ;
#2710 = CARTESIAN_POINT ( 'NONE',  ( -2950.000000000000000, 2950.000000000000000, 602.0000000000000000 ) ) ;
#2711 = EDGE_CURVE ( 'NONE', #2615, #4335, #1087, .T. ) ;
#2712 = ORIENTED_EDGE ( 'NONE', *, *, #3439, .F. ) ;
#2713 = DIRECTION ( 'NONE',  ( 0.000000000000000000, 0.000000000000000000, 1.000000000000000000 ) ) ;
#2714 = ORIENTED_EDGE ( 'NONE', *, *, #2064, .T. ) ;
#2715 = ORIENTED_EDGE ( 'NONE', *, *, #3963, .T. ) ;
#2716 = EDGE_CURVE ( 'NONE', #1326, #6049, #2522, .T. ) ;
#2717 = CARTESIAN_POINT ( 'NONE',  ( 3000.000000000000000, -3000.000000000000000, 602.0000000000000000 ) ) ;
#2718 = DIRECTION ( 'NONE',  ( 1.000000000000000000, 0.000000000000000000, 0.000000000000000000 ) ) ;
#2719 = DIRECTION ( 'NONE',  ( 0.000000000000000000, 0.9856222548132665962, -0.1689638151108456554 ) ) ;
#2720 = VERTEX_POINT ( 'NONE', #2581 ) ;
#2721 = EDGE_CURVE ( 'NONE', #1248, #4230, #289, .T. ) ;
#2722 = VERTEX_POINT ( 'NONE', #2170 ) ;
#2723 = DIRECTION ( 'NONE',  ( 0.000000000000000000, 1.000000000000000000, 2.035408878479451948E-15 ) ) ;
#2724 = ORIENTED_EDGE ( 'NONE', *, *, #1057, .F. ) ;
#2725 = CARTESIAN_POINT ( 'NONE',  ( 2950.000000000000000, -800.0000000000002274, 652.0000000000000000 ) ) ;
#2726 = VERTEX_POINT ( 'NONE', #4534 ) ;
#2727 = CARTESIAN_POINT ( 'NONE',  ( 1800.000000000001364, 500.0000000000004547, 752.0000000000000000 ) ) ;
#2728 = CARTESIAN_POINT ( 'NONE',  ( 5499.999999999999091, -4800.000000000000000, 2.000000000000000000 ) ) ;
#2729 = AXIS2_PLACEMENT_3D ( 'NONE', #1415, #3307, #2838 ) ;
#2730 = ORIENTED_EDGE ( 'NONE', *, *, #1433, .T. ) ;
#2731 = EDGE_CURVE ( 'NONE', #5094, #2104, #5001, .T. ) ;
#2732 = LINE ( 'NONE', #440, #2381 ) ;
#2733 = CARTESIAN_POINT ( 'NONE',  ( 24.99999999999984013, 4750.000000000002728, 52.00000000000000711 ) ) ;
#2734 = EDGE_CURVE ( 'NONE', #4849, #979, #5029, .T. ) ;
#2735 = LINE ( 'NONE', #5521, #204 ) ;
#2736 = ORIENTED_EDGE ( 'NONE', *, *, #5627, .T. ) ;
#2737 = ORIENTED_EDGE ( 'NONE', *, *, #29, .T. ) ;
#2738 = DIRECTION ( 'NONE',  ( 0.000000000000000000, -1.000000000000000000, 0.000000000000000000 ) ) ;
#2739 = CARTESIAN_POINT ( 'NONE',  ( -24.99999999999952394, -5500.000000000000000, 52.00000000000000711 ) ) ;
#2740 = LINE ( 'NONE', #295, #3383 ) ;
#2741 = ORIENTED_EDGE ( 'NONE', *, *, #484, .F. ) ;
#2742 = CARTESIAN_POINT ( 'NONE',  ( 3000.000000000000000, -800.0000000000002274, 652.0000000000000000 ) ) ;
#2743 = VERTEX_POINT ( 'NONE', #2642 ) ;
#2744 = ORIENTED_EDGE ( 'NONE', *, *, #4938, .F. ) ;
#2745 = CARTESIAN_POINT ( 'NONE',  ( 0.000000000000000000, 0.000000000000000000, 903.9999999999998863 ) ) ;
#2746 = EDGE_CURVE ( 'NONE', #4772, #3455, #2144, .T. ) ;
#2747 = CARTESIAN_POINT ( 'NONE',  ( -2999.900000000000091, -800.0000000000002274, 603.0000000000000000 ) ) ;
#2748 = EDGE_CURVE ( 'NONE', #83, #303, #281, .T. ) ;
#2749 = PLANE ( 'NONE',  #6111 ) ;
#2750 = ORIENTED_EDGE ( 'NONE', *, *, #5132, .T. ) ;
#2751 = ORIENTED_EDGE ( 'NONE', *, *, #214, .T. ) ;
#2752 = PLANE ( 'NONE',  #5347 ) ;
#2753 = VERTEX_POINT ( 'NONE', #4066 ) ;
#2754 = DIRECTION ( 'NONE',  ( 0.000000000000000000, -0.000000000000000000, -1.000000000000000000 ) ) ;
#2755 = VECTOR ( 'NONE', #1991, 1000.000000000000000 ) ;
#2756 = EDGE_CURVE ( 'NONE', #3275, #3617, #4007, .T. ) ;
#2757 = VECTOR ( 'NONE', #3218, 1000.000000000000000 ) ;
#2758 = EDGE_CURVE ( 'NONE', #1916, #1248, #4441, .T. ) ;
#2759 = ORIENTED_EDGE ( 'NONE', *, *, #3822, .T. ) ;
#2760 = LINE ( 'NONE', #3655, #2945 ) ;
#2761 = CARTESIAN_POINT ( 'NONE',  ( 2450.000000000000000, 2450.000000000000000, 604.0000000000000000 ) ) ;
#2762 = VERTEX_POINT ( 'NONE', #4935 ) ;
#2763 = VECTOR ( 'NONE', #593, 1000.000000000000000 ) ;
#2764 = DIRECTION ( 'NONE',  ( -0.000000000000000000, -0.000000000000000000, -1.000000000000000000 ) ) ;
#2765 = DIRECTION ( 'NONE',  ( -1.000000000000000000, 0.000000000000000000, -0.000000000000000000 ) ) ;
#2766 = CARTESIAN_POINT ( 'NONE',  ( 3000.000000000000000, -1800.000000000000227, 652.0000000000000000 ) ) ;
#2767 = ORIENTED_EDGE ( 'NONE', *, *, #4618, .T. ) ;
#2768 = VERTEX_POINT ( 'NONE', #4100 ) ;
#2769 = CARTESIAN_POINT ( 'NONE',  ( 3000.000000000000000, -3000.000000000000000, 2.000000000000000000 ) ) ;
#2770 = CARTESIAN_POINT ( 'NONE',  ( 250.0000000000002274, 2950.000000000000000, 604.0000000000000000 ) ) ;
#2771 = FACE_OUTER_BOUND ( 'NONE', #4455, .T. ) ;
#2772 = ORIENTED_EDGE ( 'NONE', *, *, #3175, .T. ) ;
#2773 = CARTESIAN_POINT ( 'NONE',  ( -1500.000000000000909, -500.0000000000000000, 752.0000000000000000 ) ) ;
#2774 = ORIENTED_EDGE ( 'NONE', *, *, #5682, .T. ) ;
#2775 = ORIENTED_EDGE ( 'NONE', *, *, #4415, .F. ) ;
#2776 = VECTOR ( 'NONE', #3193, 1000.000000000000000 ) ;
#2777 = CARTESIAN_POINT ( 'NONE',  ( -499.9999999999999432, 2200.000000000000000, 602.0000000000000000 ) ) ;
#2778 = VECTOR ( 'NONE', #3445, 1000.000000000000000 ) ;
#2779 = VECTOR ( 'NONE', #5206, 1000.000000000000000 ) ;
#2780 = DIRECTION ( 'NONE',  ( -0.000000000000000000, -0.000000000000000000, -1.000000000000000000 ) ) ;
#2781 = EDGE_LOOP ( 'NONE', ( #3194, #6131, #3927, #4519 ) ) ;
#2782 = ORIENTED_EDGE ( 'NONE', *, *, #2025, .T. ) ;
#2783 = DIRECTION ( 'NONE',  ( 1.000000000000000000, 0.000000000000000000, 0.000000000000000000 ) ) ;
#2784 = AXIS2_PLACEMENT_3D ( 'NONE', #1800, #1455, #1892 ) ;
#2785 = EDGE_LOOP ( 'NONE', ( #5883, #2845, #2570, #2459 ) ) ;
#2786 = DIRECTION ( 'NONE',  ( 1.000000000000000000, 0.000000000000000000, 0.000000000000000000 ) ) ;
#2787 = VERTEX_POINT ( 'NONE', #4475 ) ;
#2788 = CYLINDRICAL_SURFACE ( 'NONE', #5808, 135.0000000000000000 ) ;
#2789 = DIRECTION ( 'NONE',  ( -1.000000000000000000, -0.000000000000000000, -0.000000000000000000 ) ) ;
#2790 = VECTOR ( 'NONE', #4010, 1000.000000000000000 ) ;
#2791 = EDGE_CURVE ( 'NONE', #4722, #2005, #5956, .T. ) ;
#2792 = VERTEX_POINT ( 'NONE', #3540 ) ;
#2793 = EDGE_CURVE ( 'NONE', #5595, #5633, #4563, .T. ) ;
#2794 = CARTESIAN_POINT ( 'NONE',  ( 2200.000000000000000, 2950.000000000000000, 602.0000000000000000 ) ) ;
#2795 = ADVANCED_FACE ( 'NONE', ( #3978 ), #1247, .F. ) ;
#2796 = PLANE ( 'NONE',  #4478 ) ;
#2797 = FACE_OUTER_BOUND ( 'NONE', #3492, .T. ) ;
#2798 = VECTOR ( 'NONE', #2182, 1000.000000000000000 ) ;
#2799 = ORIENTED_EDGE ( 'NONE', *, *, #3849, .F. ) ;
#2800 = EDGE_CURVE ( 'NONE', #3014, #1254, #688, .T. ) ;
#2801 = VECTOR ( 'NONE', #4003, 1000.000000000000000 ) ;
#2802 = CARTESIAN_POINT ( 'NONE',  ( 0.000000000000000000, 0.000000000000000000, 603.0000000000000000 ) ) ;
#2803 = CARTESIAN_POINT ( 'NONE',  ( -4700.000000000000909, -4800.000000000000000, 2.000000000000000000 ) ) ;
#2804 = DIRECTION ( 'NONE',  ( 0.000000000000000000, 0.000000000000000000, -1.000000000000000000 ) ) ;
#2805 = ORIENTED_EDGE ( 'NONE', *, *, #1074, .T. ) ;
#2806 = ORIENTED_EDGE ( 'NONE', *, *, #3773, .F. ) ;
#2807 = VERTEX_POINT ( 'NONE', #5988 ) ;
#2808 = VECTOR ( 'NONE', #1481, 1000.000000000000000 ) ;
#2809 = EDGE_CURVE ( 'NONE', #3455, #15, #726, .T. ) ;
#2810 = CARTESIAN_POINT ( 'NONE',  ( 5499.999999999999091, -4800.000000000000000, 4.000000000000000000 ) ) ;
#2811 = LINE ( 'NONE', #2437, #4434 ) ;
#2812 = ORIENTED_EDGE ( 'NONE', *, *, #5182, .T. ) ;
#2813 = ORIENTED_EDGE ( 'NONE', *, *, #2991, .F. ) ;
#2814 = CARTESIAN_POINT ( 'NONE',  ( -4000.000000000000000, -2400.000000000000455, 152.0000000000001705 ) ) ;
#2815 = EDGE_LOOP ( 'NONE', ( #765, #5302, #2862, #1979 ) ) ;
#2816 = LINE ( 'NONE', #1851, #2078 ) ;
#2817 = CARTESIAN_POINT ( 'NONE',  ( 500.0000000000000000, 2200.000000000000000, 603.0000000000000000 ) ) ;
#2818 = VERTEX_POINT ( 'NONE', #5400 ) ;
#2819 = DIRECTION ( 'NONE',  ( 0.000000000000000000, 0.000000000000000000, 1.000000000000000000 ) ) ;
#2820 = DIRECTION ( 'NONE',  ( -1.000000000000000000, 0.000000000000000000, 0.000000000000000000 ) ) ;
#2821 = ORIENTED_EDGE ( 'NONE', *, *, #2867, .T. ) ;
#2822 = PLANE ( 'NONE',  #2876 ) ;
#2823 = CARTESIAN_POINT ( 'NONE',  ( -1500.000000000000455, -1500.000000000000000, 903.9999999999998863 ) ) ;
#2824 = EDGE_CURVE ( 'NONE', #4320, #4621, #4506, .T. ) ;
#2825 = DIRECTION ( 'NONE',  ( 1.000000000000000000, 0.000000000000000000, 0.000000000000000000 ) ) ;
#2826 = VERTEX_POINT ( 'NONE', #259 ) ;
#2827 = EDGE_CURVE ( 'NONE', #755, #1839, #4903, .T. ) ;
#2828 = CARTESIAN_POINT ( 'NONE',  ( 250.0000000000002274, -2450.000000000000000, 604.0000000000000000 ) ) ;
#2829 = DIRECTION ( 'NONE',  ( 1.000000000000000000, 1.850371707708594070E-16, 0.000000000000000000 ) ) ;
#2830 = ADVANCED_FACE ( 'NONE', ( #229 ), #5893, .F. ) ;
#2831 = CARTESIAN_POINT ( 'NONE',  ( 250.0000000000002274, 2450.000000000000000, 603.0000000000000000 ) ) ;
#2832 = VERTEX_POINT ( 'NONE', #5922 ) ;
#2833 = EDGE_LOOP ( 'NONE', ( #1908, #1283 ) ) ;
#2834 = VERTEX_POINT ( 'NONE', #1676 ) ;
#2835 = DIRECTION ( 'NONE',  ( 1.000000000000000000, 1.239088197126290324E-16, -0.000000000000000000 ) ) ;
#2836 = EDGE_CURVE ( 'NONE', #2394, #424, #5463, .T. ) ;
#2837 = PLANE ( 'NONE',  #5718 ) ;
#2838 = DIRECTION ( 'NONE',  ( -0.000000000000000000, 0.000000000000000000, -1.000000000000000000 ) ) ;
#2839 = EDGE_CURVE ( 'NONE', #4885, #6067, #4655, .T. ) ;
#2840 = ORIENTED_EDGE ( 'NONE', *, *, #2981, .F. ) ;
#2841 = DIRECTION ( 'NONE',  ( -0.000000000000000000, 1.000000000000000000, -0.000000000000000000 ) ) ;
#2842 = VERTEX_POINT ( 'NONE', #4158 ) ;
#2843 = PLANE ( 'NONE',  #793 ) ;
#2844 = DIRECTION ( 'NONE',  ( 0.000000000000000000, 0.000000000000000000, 1.000000000000000000 ) ) ;
#2845 = ORIENTED_EDGE ( 'NONE', *, *, #3401, .F. ) ;
#2846 = PLANE ( 'NONE',  #1158 ) ;
#2847 = FACE_OUTER_BOUND ( 'NONE', #3344, .T. ) ;
#2848 = VECTOR ( 'NONE', #652, 1000.000000000000000 ) ;
#2849 = ORIENTED_EDGE ( 'NONE', *, *, #1738, .T. ) ;
#2850 = FACE_BOUND ( 'NONE', #2197, .T. ) ;
#2851 = VECTOR ( 'NONE', #5494, 1000.000000000000000 ) ;
#2852 = VECTOR ( 'NONE', #1561, 1000.000000000000000 ) ;
#2853 = PLANE ( 'NONE',  #5174 ) ;
#2854 = CARTESIAN_POINT ( 'NONE',  ( -3000.000000000000000, -1800.000000000000227, 652.0000000000000000 ) ) ;
#2855 = ORIENTED_EDGE ( 'NONE', *, *, #492, .F. ) ;
#2856 = VECTOR ( 'NONE', #4435, 1000.000000000000000 ) ;
#2857 = EDGE_CURVE ( 'NONE', #2603, #4647, #3698, .T. ) ;
#2858 = LINE ( 'NONE', #4807, #4342 ) ;
#2859 = CARTESIAN_POINT ( 'NONE',  ( -2950.000000000000000, 2450.000000000000000, 604.0000000000000000 ) ) ;
#2860 = DIRECTION ( 'NONE',  ( -0.000000000000000000, -0.000000000000000000, -1.000000000000000000 ) ) ;
#2861 = CARTESIAN_POINT ( 'NONE',  ( 3000.000000000000000, -3000.000000000000000, 603.0000000000000000 ) ) ;
#2862 = ORIENTED_EDGE ( 'NONE', *, *, #2800, .F. ) ;
#2863 = ADVANCED_FACE ( 'NONE', ( #1372 ), #1771, .F. ) ;
#2864 = VERTEX_POINT ( 'NONE', #817 ) ;
#2865 = CARTESIAN_POINT ( 'NONE',  ( 25.00000000000035527, 5500.000000000000000, 52.00000000000000711 ) ) ;
#2866 = EDGE_LOOP ( 'NONE', ( #1937, #1016, #2259, #4541 ) ) ;
#2867 = EDGE_CURVE ( 'NONE', #4954, #2826, #473, .T. ) ;
#2868 = ADVANCED_FACE ( 'NONE', ( #6082 ), #2306, .F. ) ;
#2869 = CARTESIAN_POINT ( 'NONE',  ( -1500.000000000000455, 1500.000000000000000, 602.0000000000000000 ) ) ;
#2870 = CARTESIAN_POINT ( 'NONE',  ( -1499.999999999999773, 2950.000000000000000, 604.0000000000000000 ) ) ;
#2871 = DIRECTION ( 'NONE',  ( -0.000000000000000000, -0.000000000000000000, -1.000000000000000000 ) ) ;
#2872 = VERTEX_POINT ( 'NONE', #5646 ) ;
#2873 = CARTESIAN_POINT ( 'NONE',  ( -2950.000000000000000, -800.0000000000002274, 652.0000000000000000 ) ) ;
#2874 = ORIENTED_EDGE ( 'NONE', *, *, #3629, .F. ) ;
#2875 = VECTOR ( 'NONE', #3902, 1000.000000000000000 ) ;
#2876 = AXIS2_PLACEMENT_3D ( 'NONE', #2448, #3345, #61 ) ;
#2877 = ADVANCED_FACE ( 'NONE', ( #1403 ), #3263, .F. ) ;
#2878 = DIRECTION ( 'NONE',  ( -1.000000000000000000, 0.000000000000000000, 0.000000000000000000 ) ) ;
#2879 = ORIENTED_EDGE ( 'NONE', *, *, #442, .T. ) ;
#2880 = PLANE ( 'NONE',  #1259 ) ;
#2881 = FACE_OUTER_BOUND ( 'NONE', #5762, .T. ) ;
#2882 = ORIENTED_EDGE ( 'NONE', *, *, #1572, .T. ) ;
#2883 = VECTOR ( 'NONE', #447, 1000.000000000000000 ) ;
#2884 = VECTOR ( 'NONE', #5501, 1000.000000000000000 ) ;
#2885 = CARTESIAN_POINT ( 'NONE',  ( 3000.000000000000000, -2700.000000000000000, 151.9999999999999432 ) ) ;
#2886 = CARTESIAN_POINT ( 'NONE',  ( 25.00000000000046541, -5500.000000000000000, 52.00000000000000711 ) ) ;
#2887 = DIRECTION ( 'NONE',  ( -1.000000000000000000, -1.850371707708601219E-17, 0.000000000000000000 ) ) ;
#2888 = AXIS2_PLACEMENT_3D ( 'NONE', #3115, #4102, #730 ) ;
#2889 = CIRCLE ( 'NONE', #112, 135.0000000000000000 ) ;
#2890 = VERTEX_POINT ( 'NONE', #4196 ) ;
#2891 = DIRECTION ( 'NONE',  ( 1.000000000000000000, 0.000000000000000000, -0.000000000000000000 ) ) ;
#2892 = CARTESIAN_POINT ( 'NONE',  ( 0.000000000000000000, 0.000000000000000000, 903.9999999999998863 ) ) ;
#2893 = VECTOR ( 'NONE', #3733, 1000.000000000000000 ) ;
#2894 = CARTESIAN_POINT ( 'NONE',  ( -2999.900000000000091, -800.0000000000002274, 603.0000000000000000 ) ) ;
#2895 = ORIENTED_EDGE ( 'NONE', *, *, #1000, .F. ) ;
#2896 = AXIS2_PLACEMENT_3D ( 'NONE', #3326, #1746, #3644 ) ;
#2897 = EDGE_LOOP ( 'NONE', ( #2705, #2409, #3943, #5670 ) ) ;
#2898 = PLANE ( 'NONE',  #1161 ) ;
#2899 = ORIENTED_EDGE ( 'NONE', *, *, #4231, .T. ) ;
#2900 = ADVANCED_FACE ( 'NONE', ( #5123 ), #2332, .F. ) ;
#2901 = CARTESIAN_POINT ( 'NONE',  ( -3000.000000000000000, -3000.000000000000000, 602.0000000000000000 ) ) ;
#2902 = VECTOR ( 'NONE', #3947, 1000.000000000000000 ) ;
#2903 = CARTESIAN_POINT ( 'NONE',  ( 0.000000000000000000, 0.000000000000000000, 52.00000000000000711 ) ) ;
#2904 = LINE ( 'NONE', #2345, #2576 ) ;
#2905 = EDGE_CURVE ( 'NONE', #836, #871, #5188, .T. ) ;
#2906 = ORIENTED_EDGE ( 'NONE', *, *, #4385, .T. ) ;
#2907 = DIRECTION ( 'NONE',  ( 0.000000000000000000, 0.000000000000000000, 1.000000000000000000 ) ) ;
#2908 = ORIENTED_EDGE ( 'NONE', *, *, #3559, .F. ) ;
#2909 = CARTESIAN_POINT ( 'NONE',  ( -24.99999999999977263, 3000.000000000000000, 2.000000000000000000 ) ) ;
#2910 = ORIENTED_EDGE ( 'NONE', *, *, #269, .T. ) ;
#2911 = ADVANCED_FACE ( 'NONE', ( #1341 ), #4595, .F. ) ;
#2912 = LINE ( 'NONE', #1019, #1458 ) ;
#2913 = LINE ( 'NONE', #2420, #5773 ) ;
#2914 = ORIENTED_EDGE ( 'NONE', *, *, #5208, .T. ) ;
#2915 = LINE ( 'NONE', #5672, #4260 ) ;
#2916 = CARTESIAN_POINT ( 'NONE',  ( 5499.999999999999091, -5500.000000000000000, 100.0000000000000000 ) ) ;
#2917 = FACE_OUTER_BOUND ( 'NONE', #1246, .T. ) ;
#2918 = VERTEX_POINT ( 'NONE', #4127 ) ;
#2919 = DIRECTION ( 'NONE',  ( 0.000000000000000000, 0.000000000000000000, -1.000000000000000000 ) ) ;
#2920 = EDGE_CURVE ( 'NONE', #1359, #4230, #5525, .T. ) ;
#2921 = LINE ( 'NONE', #2859, #1701 ) ;
#2922 = PLANE ( 'NONE',  #2696 ) ;
#2923 = LINE ( 'NONE', #5397, #2285 ) ;
#2924 = ORIENTED_EDGE ( 'NONE', *, *, #4942, .F. ) ;
#2925 = CARTESIAN_POINT ( 'NONE',  ( -3000.000000000000000, -3000.000000000000000, 2.000000000000000000 ) ) ;
#2926 = VERTEX_POINT ( 'NONE', #3724 ) ;
#2927 = DIRECTION ( 'NONE',  ( -0.000000000000000000, -0.000000000000000000, -1.000000000000000000 ) ) ;
#2928 = DIRECTION ( 'NONE',  ( 0.000000000000000000, 0.000000000000000000, 1.000000000000000000 ) ) ;
#2929 = ORIENTED_EDGE ( 'NONE', *, *, #3241, .T. ) ;
#2930 = ORIENTED_EDGE ( 'NONE', *, *, #4094, .T. ) ;
#2931 = EDGE_CURVE ( 'NONE', #5083, #5807, #6054, .T. ) ;
#2932 = DIRECTION ( 'NONE',  ( -0.000000000000000000, -0.000000000000000000, -1.000000000000000000 ) ) ;
#2933 = EDGE_LOOP ( 'NONE', ( #3941, #3731, #1332, #444 ) ) ;
#2934 = EDGE_CURVE ( 'NONE', #2842, #2376, #845, .T. ) ;
#2935 = DIRECTION ( 'NONE',  ( -0.000000000000000000, -0.000000000000000000, -1.000000000000000000 ) ) ;
#2936 = ORIENTED_EDGE ( 'NONE', *, *, #404, .F. ) ;
#2937 = DIRECTION ( 'NONE',  ( -0.000000000000000000, 0.000000000000000000, -1.000000000000000000 ) ) ;
#2938 = LINE ( 'NONE', #2964, #2808 ) ;
#2939 = VERTEX_POINT ( 'NONE', #6019 ) ;
#2940 = CARTESIAN_POINT ( 'NONE',  ( 1800.000000000001364, 500.0000000000004547, 752.0000000000000000 ) ) ;
#2941 = ADVANCED_FACE ( 'NONE', ( #382 ), #4714, .F. ) ;
#2942 = CARTESIAN_POINT ( 'NONE',  ( -249.9999999999999147, 2450.000000000000000, 604.0000000000000000 ) ) ;
#2943 = ADVANCED_FACE ( 'NONE', ( #446 ), #1740, .F. ) ;
#2944 = VERTEX_POINT ( 'NONE', #5768 ) ;
#2945 = VECTOR ( 'NONE', #5018, 1000.000000000000000 ) ;
#2946 = CARTESIAN_POINT ( 'NONE',  ( 2450.000000000000000, 2950.000000000000000, 604.0000000000000000 ) ) ;
#2947 = DIRECTION ( 'NONE',  ( -1.000000000000000000, -0.000000000000000000, -0.000000000000000000 ) ) ;
#2948 = LINE ( 'NONE', #4837, #3586 ) ;
#2949 = CARTESIAN_POINT ( 'NONE',  ( 24.99999999999991118, -3000.000000000000000, 52.00000000000004263 ) ) ;
#2950 = AXIS2_PLACEMENT_3D ( 'NONE', #3140, #1711, #3606 ) ;
#2951 = ORIENTED_EDGE ( 'NONE', *, *, #2446, .F. ) ;
#2952 = DIRECTION ( 'NONE',  ( -0.000000000000000000, -0.000000000000000000, -1.000000000000000000 ) ) ;
#2953 = ORIENTED_EDGE ( 'NONE', *, *, #2934, .T. ) ;
#2954 = DIRECTION ( 'NONE',  ( 0.000000000000000000, -7.401486830834381209E-16, 1.000000000000000000 ) ) ;
#2955 = CARTESIAN_POINT ( 'NONE',  ( 3000.000000000000000, 3000.000000000000000, 652.0000000000000000 ) ) ;
#2956 = CARTESIAN_POINT ( 'NONE',  ( 2950.000000000000000, -2950.000000000000000, 652.0000000000000000 ) ) ;
#2957 = CARTESIAN_POINT ( 'NONE',  ( -499.9999999999999432, -2200.000000000000000, 602.0000000000000000 ) ) ;
#2958 = ORIENTED_EDGE ( 'NONE', *, *, #1232, .F. ) ;
#2959 = DIRECTION ( 'NONE',  ( -1.000000000000000000, -3.700743415417188139E-16, -0.000000000000000000 ) ) ;
#2960 = ORIENTED_EDGE ( 'NONE', *, *, #3243, .T. ) ;
#2961 = FACE_OUTER_BOUND ( 'NONE', #1912, .T. ) ;
#2962 = VERTEX_POINT ( 'NONE', #4373 ) ;
#2963 = LINE ( 'NONE', #5445, #4923 ) ;
#2964 = CARTESIAN_POINT ( 'NONE',  ( -1500.000000000000455, -1500.000000000000000, 901.9999999999998863 ) ) ;
#2965 = DIRECTION ( 'NONE',  ( -1.000000000000000000, 0.000000000000000000, -0.000000000000000000 ) ) ;
#2966 = AXIS2_PLACEMENT_3D ( 'NONE', #3741, #6126, #5605 ) ;
#2967 = ORIENTED_EDGE ( 'NONE', *, *, #1520, .T. ) ;
#2968 = DIRECTION ( 'NONE',  ( -0.000000000000000000, -0.000000000000000000, -1.000000000000000000 ) ) ;
#2969 = SHAPE_DEFINITION_REPRESENTATION ( #5163, #2333 ) ;
#2970 = EDGE_CURVE ( 'NONE', #2130, #2864, #538, .T. ) ;
#2971 = ORIENTED_EDGE ( 'NONE', *, *, #2734, .T. ) ;
#2972 = FACE_OUTER_BOUND ( 'NONE', #5401, .T. ) ;
#2973 = AXIS2_PLACEMENT_3D ( 'NONE', #752, #3604, #2167 ) ;
#2974 = ADVANCED_FACE ( 'NONE', ( #5796 ), #3325, .F. ) ;
#2975 = VECTOR ( 'NONE', #2102, 1000.000000000000000 ) ;
#2976 = EDGE_CURVE ( 'NONE', #5080, #65, #1982, .T. ) ;
#2977 = CARTESIAN_POINT ( 'NONE',  ( 2950.000000000000000, -2450.000000000000000, 604.0000000000000000 ) ) ;
#2978 = DIRECTION ( 'NONE',  ( -1.000000000000000000, 0.000000000000000000, 0.000000000000000000 ) ) ;
#2979 = PLANE ( 'NONE',  #1106 ) ;
#2980 = CARTESIAN_POINT ( 'NONE',  ( 5599.999999999999091, -5600.000000000000000, 100.0000000000000000 ) ) ;
#2981 = EDGE_CURVE ( 'NONE', #174, #3574, #3352, .T. ) ;
#2982 = ORIENTED_EDGE ( 'NONE', *, *, #5754, .F. ) ;
#2983 = VECTOR ( 'NONE', #4479, 1000.000000000000000 ) ;
#2984 = CARTESIAN_POINT ( 'NONE',  ( -3500.000000000001819, 5500.000000000000000, 4.000000000000000000 ) ) ;
#2985 = ORIENTED_EDGE ( 'NONE', *, *, #269, .F. ) ;
#2986 = LINE ( 'NONE', #196, #2173 ) ;
#2987 = VECTOR ( 'NONE', #3613, 1000.000000000000000 ) ;
#2988 = DIRECTION ( 'NONE',  ( -0.000000000000000000, -0.000000000000000000, -1.000000000000000000 ) ) ;
#2989 = CARTESIAN_POINT ( 'NONE',  ( -2450.000000000000000, -2450.000000000000000, 604.0000000000000000 ) ) ;
#2990 = CARTESIAN_POINT ( 'NONE',  ( -4000.000000000000000, -2400.000000000000455, 301.9999999999999432 ) ) ;
#2991 = EDGE_CURVE ( 'NONE', #6123, #1422, #3876, .T. ) ;
#2992 = ORIENTED_EDGE ( 'NONE', *, *, #1120, .T. ) ;
#2993 = VECTOR ( 'NONE', #2513, 1000.000000000000000 ) ;
#2994 = CARTESIAN_POINT ( 'NONE',  ( -4000.000000000000000, -2700.000000000000000, 151.9999999999999432 ) ) ;
#2995 = ORIENTED_EDGE ( 'NONE', *, *, #3362, .F. ) ;
#2996 = VECTOR ( 'NONE', #2698, 1000.000000000000000 ) ;
#2997 = DIRECTION ( 'NONE',  ( -0.000000000000000000, -0.000000000000000000, -1.000000000000000000 ) ) ;
#2998 = EDGE_LOOP ( 'NONE', ( #3459, #1992, #3744, #490 ) ) ;
#2999 = DIRECTION ( 'NONE',  ( -0.000000000000000000, -0.000000000000000000, -1.000000000000000000 ) ) ;
#3000 = CARTESIAN_POINT ( 'NONE',  ( -25.00000000000002487, 2200.000000000000000, 603.0000000000000000 ) ) ;
#3001 = LINE ( 'NONE', #3097, #3174 ) ;
#3002 = VECTOR ( 'NONE', #2789, 1000.000000000000000 ) ;
#3003 = LINE ( 'NONE', #3467, #5051 ) ;
#3004 = EDGE_LOOP ( 'NONE', ( #2799, #6031, #5144, #3953 ) ) ;
#3005 = CARTESIAN_POINT ( 'NONE',  ( 25.00000000000035527, -5500.000000000000000, 2.000000000000000000 ) ) ;
#3006 = DIRECTION ( 'NONE',  ( 1.000000000000000000, 0.000000000000000000, -0.000000000000000000 ) ) ;
#3007 = EDGE_CURVE ( 'NONE', #424, #4721, #962, .T. ) ;
#3008 = DIRECTION ( 'NONE',  ( -1.000000000000000000, -4.440448053695257548E-16, 0.000000000000000000 ) ) ;
#3009 = FACE_OUTER_BOUND ( 'NONE', #1990, .T. ) ;
#3010 = LINE ( 'NONE', #2519, #2778 ) ;
#3011 = EDGE_CURVE ( 'NONE', #6049, #3335, #3905, .T. ) ;
#3012 = VERTEX_POINT ( 'NONE', #5241 ) ;
#3013 = DIRECTION ( 'NONE',  ( 1.000000000000000000, 0.000000000000000000, 0.000000000000000000 ) ) ;
#3014 = VERTEX_POINT ( 'NONE', #2977 ) ;
#3015 = DIRECTION ( 'NONE',  ( -0.000000000000000000, 0.000000000000000000, -1.000000000000000000 ) ) ;
#3016 = ADVANCED_FACE ( 'NONE', ( #1896 ), #2427, .F. ) ;
#3017 = DIRECTION ( 'NONE',  ( -1.000000000000000000, -2.220446049250312095E-16, -0.000000000000000000 ) ) ;
#3018 = PLANE ( 'NONE',  #3044 ) ;
#3019 = CARTESIAN_POINT ( 'NONE',  ( -135.0000000000005116, 4250.000000000002728, 4.000000000000003553 ) ) ;
#3020 = VERTEX_POINT ( 'NONE', #1490 ) ;
#3021 = DIRECTION ( 'NONE',  ( -0.000000000000000000, -0.000000000000000000, -1.000000000000000000 ) ) ;
#3022 = ORIENTED_EDGE ( 'NONE', *, *, #1212, .T. ) ;
#3023 = CARTESIAN_POINT ( 'NONE',  ( -499.9999999999999432, -2200.000000000000000, 603.0000000000000000 ) ) ;
#3024 = ORIENTED_EDGE ( 'NONE', *, *, #3658, .T. ) ;
#3025 = DIRECTION ( 'NONE',  ( -1.000000000000000000, 0.000000000000000000, 0.000000000000000000 ) ) ;
#3026 = CARTESIAN_POINT ( 'NONE',  ( 4000.000000000000000, -2400.000000000000455, 152.0000000000001705 ) ) ;
#3027 = ADVANCED_FACE ( 'NONE', ( #2516 ), #994, .F. ) ;
#3028 = CARTESIAN_POINT ( 'NONE',  ( -500.0000000000006821, 4750.000000000002728, 2.000000000000000000 ) ) ;
#3029 = ORIENTED_EDGE ( 'NONE', *, *, #6000, .F. ) ;
#3030 = CARTESIAN_POINT ( 'NONE',  ( -2950.000000000000000, -2950.000000000000000, 652.0000000000000000 ) ) ;
#3031 = DIRECTION ( 'NONE',  ( 0.000000000000000000, 0.000000000000000000, 1.000000000000000000 ) ) ;
#3032 = ORIENTED_EDGE ( 'NONE', *, *, #825, .T. ) ;
#3033 = LINE ( 'NONE', #4404, #2685 ) ;
#3034 = DIRECTION ( 'NONE',  ( 0.000000000000000000, -0.000000000000000000, 1.000000000000000000 ) ) ;
#3035 = LINE ( 'NONE', #3970, #2299 ) ;
#3036 = CARTESIAN_POINT ( 'NONE',  ( -4800.000000000000909, -5500.000000000000000, 4.000000000000000000 ) ) ;
#3037 = LINE ( 'NONE', #3973, #601 ) ;
#3038 = VECTOR ( 'NONE', #4425, 1000.000000000000000 ) ;
#3039 = ORIENTED_EDGE ( 'NONE', *, *, #2716, .T. ) ;
#3040 = DIRECTION ( 'NONE',  ( -0.000000000000000000, -0.000000000000000000, -1.000000000000000000 ) ) ;
#3041 = ORIENTED_EDGE ( 'NONE', *, *, #5066, .T. ) ;
#3042 = VECTOR ( 'NONE', #3820, 1000.000000000000000 ) ;
#3043 = LINE ( 'NONE', #2552, #1085 ) ;
#3044 = AXIS2_PLACEMENT_3D ( 'NONE', #4977, #1653, #663 ) ;
#3045 = LINE ( 'NONE', #574, #5261 ) ;
#3046 = EDGE_CURVE ( 'NONE', #65, #1439, #4779, .T. ) ;
#3047 = DIRECTION ( 'NONE',  ( 0.000000000000000000, -0.000000000000000000, 1.000000000000000000 ) ) ;
#3048 = LINE ( 'NONE', #1595, #3102 ) ;
#3049 = VECTOR ( 'NONE', #131, 1000.000000000000000 ) ;
#3050 = EDGE_CURVE ( 'NONE', #15, #5014, #1028, .T. ) ;
#3051 = VERTEX_POINT ( 'NONE', #1081 ) ;
#3052 = ORIENTED_EDGE ( 'NONE', *, *, #5455, .F. ) ;
#3053 = ADVANCED_FACE ( 'NONE', ( #67 ), #1459, .F. ) ;
#3054 = DIRECTION ( 'NONE',  ( 0.000000000000000000, -1.000000000000000000, 0.000000000000000000 ) ) ;
#3055 = CARTESIAN_POINT ( 'NONE',  ( -2450.000000000000000, 2450.000000000000000, 602.0000000000000000 ) ) ;
#3056 = ORIENTED_EDGE ( 'NONE', *, *, #5303, .F. ) ;
#3057 = LINE ( 'NONE', #2509, #5910 ) ;
#3058 = DIRECTION ( 'NONE',  ( 0.000000000000000000, 0.000000000000000000, 1.000000000000000000 ) ) ;
#3059 = ORIENTED_EDGE ( 'NONE', *, *, #5215, .F. ) ;
#3060 = LINE ( 'NONE', #741, #4955 ) ;
#3061 = ORIENTED_EDGE ( 'NONE', *, *, #1198, .T. ) ;
#3062 = DIRECTION ( 'NONE',  ( 1.000000000000000000, 0.000000000000000000, 0.000000000000000000 ) ) ;
#3063 = VERTEX_POINT ( 'NONE', #7 ) ;
#3064 = DIRECTION ( 'NONE',  ( -1.000000000000000000, 0.000000000000000000, 0.000000000000000000 ) ) ;
#3065 = ORIENTED_EDGE ( 'NONE', *, *, #189, .T. ) ;
#3066 = VECTOR ( 'NONE', #4443, 1000.000000000000000 ) ;
#3067 = PLANE ( 'NONE',  #4933 ) ;
#3068 = DIRECTION ( 'NONE',  ( 1.000000000000000000, 0.000000000000000000, 0.000000000000000000 ) ) ;
#3069 = PLANE ( 'NONE',  #6064 ) ;
#3070 = AXIS2_PLACEMENT_3D ( 'NONE', #1507, #3365, #549 ) ;
#3071 = CARTESIAN_POINT ( 'NONE',  ( 3000.000000000000000, -2400.000000000000455, 301.9999999999999432 ) ) ;
#3072 = VECTOR ( 'NONE', #4838, 1000.000000000000000 ) ;
#3073 = VECTOR ( 'NONE', #2328, 1000.000000000000000 ) ;
#3074 = ORIENTED_EDGE ( 'NONE', *, *, #561, .T. ) ;
#3075 = CARTESIAN_POINT ( 'NONE',  ( -1000.000000000000455, -1500.000000000000000, 903.9999999999998863 ) ) ;
#3076 = VERTEX_POINT ( 'NONE', #1434 ) ;
#3077 = AXIS2_PLACEMENT_3D ( 'NONE', #1714, #5496, #43 ) ;
#3078 = AXIS2_PLACEMENT_3D ( 'NONE', #4819, #5291, #1039 ) ;
#3079 = CARTESIAN_POINT ( 'NONE',  ( -2950.000000000000000, 2950.000000000000000, 652.0000000000000000 ) ) ;
#3080 = AXIS2_PLACEMENT_3D ( 'NONE', #1928, #3236, #5190 ) ;
#3081 = CARTESIAN_POINT ( 'NONE',  ( 4800.000000000000000, -5500.000000000000000, 2.000000000000000000 ) ) ;
#3082 = VECTOR ( 'NONE', #5239, 1000.000000000000000 ) ;
#3083 = DIRECTION ( 'NONE',  ( -0.000000000000000000, -0.000000000000000000, -1.000000000000000000 ) ) ;
#3084 = LINE ( 'NONE', #4978, #326 ) ;
#3085 = ORIENTED_EDGE ( 'NONE', *, *, #2836, .F. ) ;
#3086 = ORIENTED_EDGE ( 'NONE', *, *, #3806, .T. ) ;
#3087 = LINE ( 'NONE', #2505, #998 ) ;
#3088 = EDGE_CURVE ( 'NONE', #1426, #429, #2858, .T. ) ;
#3089 = VECTOR ( 'NONE', #567, 1000.000000000000000 ) ;
#3090 = VECTOR ( 'NONE', #1870, 1000.000000000000000 ) ;
#3091 = CARTESIAN_POINT ( 'NONE',  ( 25.00000000000021672, 3000.000000000000000, 52.00000000000000711 ) ) ;
#3092 = ADVANCED_FACE ( 'NONE', ( #1925 ), #4835, .T. ) ;
#3093 = DIRECTION ( 'NONE',  ( 1.000000000000000000, 0.000000000000000000, 0.000000000000000000 ) ) ;
#3094 = CARTESIAN_POINT ( 'NONE',  ( 2200.000000000000909, 2950.000000000000000, 604.0000000000000000 ) ) ;
#3095 = VECTOR ( 'NONE', #1337, 1000.000000000000000 ) ;
#3096 = ORIENTED_EDGE ( 'NONE', *, *, #5303, .T. ) ;
#3097 = CARTESIAN_POINT ( 'NONE',  ( 1500.000000000001137, -999.9999999999996589, 903.9999999999998863 ) ) ;
#3098 = FACE_OUTER_BOUND ( 'NONE', #2897, .T. ) ;
#3099 = ADVANCED_FACE ( 'NONE', ( #3814 ), #3844, .T. ) ;
#3100 = VERTEX_POINT ( 'NONE', #4028 ) ;
#3101 = DIRECTION ( 'NONE',  ( 0.000000000000000000, 0.000000000000000000, -1.000000000000000000 ) ) ;
#3102 = VECTOR ( 'NONE', #5406, 1000.000000000000000 ) ;
#3103 = ORIENTED_EDGE ( 'NONE', *, *, #3143, .F. ) ;
#3104 = AXIS2_PLACEMENT_3D ( 'NONE', #1662, #4518, #2157 ) ;
#3105 = CARTESIAN_POINT ( 'NONE',  ( 4000.000000000000000, -1800.100000000000136, 603.0000000000000000 ) ) ;
#3106 = DIRECTION ( 'NONE',  ( 0.000000000000000000, 0.000000000000000000, -1.000000000000000000 ) ) ;
#3107 = DIRECTION ( 'NONE',  ( -1.000000000000000000, -0.000000000000000000, -0.000000000000000000 ) ) ;
#3108 = DIRECTION ( 'NONE',  ( 0.000000000000000000, 1.000000000000000000, 0.000000000000000000 ) ) ;
#3109 = EDGE_CURVE ( 'NONE', #2521, #4814, #1113, .T. ) ;
#3110 = ADVANCED_FACE ( 'NONE', ( #2611 ), #4500, .T. ) ;
#3111 = VERTEX_POINT ( 'NONE', #5915 ) ;
#3112 = CARTESIAN_POINT ( 'NONE',  ( 3000.000000000000000, 3000.000000000000000, 652.0000000000000000 ) ) ;
#3113 = EDGE_LOOP ( 'NONE', ( #1466, #1345, #3904, #713 ) ) ;
#3114 = PLANE ( 'NONE',  #4463 ) ;
#3115 = CARTESIAN_POINT ( 'NONE',  ( -2950.000000000000000, -2950.000000000000000, 652.0000000000000000 ) ) ;
#3116 = DIRECTION ( 'NONE',  ( 0.000000000000000000, 0.000000000000000000, -1.000000000000000000 ) ) ;
#3117 = DIRECTION ( 'NONE',  ( 0.000000000000000000, 0.000000000000000000, 1.000000000000000000 ) ) ;
#3118 = EDGE_LOOP ( 'NONE', ( #4598, #85, #2951, #3029, #6015 ) ) ;
#3119 = ORIENTED_EDGE ( 'NONE', *, *, #4231, .F. ) ;
#3120 = CARTESIAN_POINT ( 'NONE',  ( 250.0000000000002274, 2450.000000000000000, 604.0000000000000000 ) ) ;
#3121 = CARTESIAN_POINT ( 'NONE',  ( 25.00000000000046541, -5500.000000000000000, 2.000000000000000000 ) ) ;
#3122 = CARTESIAN_POINT ( 'NONE',  ( 0.000000000000000000, 0.000000000000000000, 52.00000000000000711 ) ) ;
#3123 = VERTEX_POINT ( 'NONE', #2572 ) ;
#3124 = ADVANCED_FACE ( 'NONE', ( #1142 ), #3067, .T. ) ;
#3125 = ORIENTED_EDGE ( 'NONE', *, *, #5326, .F. ) ;
#3126 = LINE ( 'NONE', #1293, #405 ) ;
#3127 = ORIENTED_EDGE ( 'NONE', *, *, #4409, .F. ) ;
#3128 = DIRECTION ( 'NONE',  ( -0.000000000000000000, -0.000000000000000000, -1.000000000000000000 ) ) ;
#3129 = ORIENTED_EDGE ( 'NONE', *, *, #3714, .F. ) ;
#3130 = CARTESIAN_POINT ( 'NONE',  ( -2950.000000000000000, -800.0000000000002274, 652.0000000000000000 ) ) ;
#3131 = EDGE_CURVE ( 'NONE', #164, #3738, #2110, .T. ) ;
#3132 = VERTEX_POINT ( 'NONE', #5825 ) ;
#3133 = EDGE_CURVE ( 'NONE', #4144, #4491, #653, .T. ) ;
#3134 = CARTESIAN_POINT ( 'NONE',  ( 3499.999999999999091, 4499.999999999999091, 4.000000000000000000 ) ) ;
#3135 = EDGE_CURVE ( 'NONE', #632, #2753, #2543, .T. ) ;
#3136 = CARTESIAN_POINT ( 'NONE',  ( 2950.000000000000000, 2950.000000000000000, 604.0000000000000000 ) ) ;
#3137 = CARTESIAN_POINT ( 'NONE',  ( 1500.000000000000455, 1000.000000000000227, 903.9999999999998863 ) ) ;
#3138 = DIRECTION ( 'NONE',  ( -0.000000000000000000, -1.000000000000000000, -0.000000000000000000 ) ) ;
#3139 = EDGE_LOOP ( 'NONE', ( #3920, #1730 ) ) ;
#3140 = CARTESIAN_POINT ( 'NONE',  ( 24.99999999999997868, 2200.000000000000000, 652.0000000000000000 ) ) ;
#3141 = ORIENTED_EDGE ( 'NONE', *, *, #539, .F. ) ;
#3142 = LINE ( 'NONE', #2237, #2483 ) ;
#3143 = EDGE_CURVE ( 'NONE', #2807, #2787, #5367, .T. ) ;
#3144 = VECTOR ( 'NONE', #6006, 1000.000000000000000 ) ;
#3145 = CARTESIAN_POINT ( 'NONE',  ( 2450.000000000000000, -2450.000000000000000, 604.0000000000000000 ) ) ;
#3146 =( NAMED_UNIT ( * ) SI_UNIT ( $, .STERADIAN. ) SOLID_ANGLE_UNIT ( ) );
#3147 = VERTEX_POINT ( 'NONE', #1613 ) ;
#3148 = ORIENTED_EDGE ( 'NONE', *, *, #291, .T. ) ;
#3149 = VECTOR ( 'NONE', #5436, 1000.000000000000000 ) ;
#3150 = CARTESIAN_POINT ( 'NONE',  ( -1500.000000000000455, -500.0000000000000000, 752.0000000000000000 ) ) ;
#3151 = LINE ( 'NONE', #5105, #4178 ) ;
#3152 = VECTOR ( 'NONE', #1181, 1000.000000000000000 ) ;
#3153 = PLANE ( 'NONE',  #5523 ) ;
#3154 = VERTEX_POINT ( 'NONE', #1640 ) ;
#3155 = ORIENTED_EDGE ( 'NONE', *, *, #4000, .T. ) ;
#3156 = DIRECTION ( 'NONE',  ( 1.000000000000000000, 0.000000000000000000, 0.000000000000000000 ) ) ;
#3157 = EDGE_LOOP ( 'NONE', ( #3410, #1027, #4672, #3612 ) ) ;
#3158 = CARTESIAN_POINT ( 'NONE',  ( 3000.000000000000000, -2400.000000000000455, 152.0000000000001421 ) ) ;
#3159 = VERTEX_POINT ( 'NONE', #1671 ) ;
#3160 = DIRECTION ( 'NONE',  ( 0.000000000000000000, 1.000000000000000000, 7.401486830834381209E-16 ) ) ;
#3161 = CARTESIAN_POINT ( 'NONE',  ( 5499.999999999999091, -5500.000000000000000, 4.000000000000000000 ) ) ;
#3162 = ORIENTED_EDGE ( 'NONE', *, *, #4583, .F. ) ;
#3163 = LINE ( 'NONE', #5053, #2280 ) ;
#3164 = DIRECTION ( 'NONE',  ( -1.000000000000000000, -0.000000000000000000, -0.000000000000000000 ) ) ;
#3165 = LINE ( 'NONE', #2702, #1411 ) ;
#3166 = ADVANCED_FACE ( 'NONE', ( #1176 ), #3600, .F. ) ;
#3167 = PLANE ( 'NONE',  #307 ) ;
#3168 = EDGE_CURVE ( 'NONE', #5607, #1469, #5456, .T. ) ;
#3169 = EDGE_CURVE ( 'NONE', #5292, #3819, #3474, .T. ) ;
#3170 = ORIENTED_EDGE ( 'NONE', *, *, #4605, .T. ) ;
#3171 = DIRECTION ( 'NONE',  ( -1.000000000000000000, -4.440892098500626162E-16, 0.000000000000000000 ) ) ;
#3172 = VECTOR ( 'NONE', #4550, 1000.000000000000000 ) ;
#3173 = CARTESIAN_POINT ( 'NONE',  ( 1500.000000000001819, -499.9999999999996021, 752.0000000000000000 ) ) ;
#3174 = VECTOR ( 'NONE', #1664, 1000.000000000000000 ) ;
#3175 = EDGE_CURVE ( 'NONE', #1601, #4092, #1241, .T. ) ;
#3176 = PLANE ( 'NONE',  #4467 ) ;
#3177 = ORIENTED_EDGE ( 'NONE', *, *, #5625, .F. ) ;
#3178 = CARTESIAN_POINT ( 'NONE',  ( -24.99999999999977263, 3750.000000000002728, 52.00000000000000711 ) ) ;
#3179 = VECTOR ( 'NONE', #5617, 1000.000000000000000 ) ;
#3180 = ORIENTED_EDGE ( 'NONE', *, *, #4311, .T. ) ;
#3181 = VECTOR ( 'NONE', #1658, 1000.000000000000000 ) ;
#3182 = ORIENTED_EDGE ( 'NONE', *, *, #1354, .T. ) ;
#3183 = CARTESIAN_POINT ( 'NONE',  ( 499.9999999999993179, 3750.000000000002728, 4.000000000000000000 ) ) ;
#3184 = VECTOR ( 'NONE', #1810, 1000.000000000000000 ) ;
#3185 = CARTESIAN_POINT ( 'NONE',  ( -3999.999999999999545, -1800.100000000000136, 603.0000000000000000 ) ) ;
#3186 = CARTESIAN_POINT ( 'NONE',  ( 2950.000000000000000, -2950.000000000000000, 652.0000000000000000 ) ) ;
#3187 = ORIENTED_EDGE ( 'NONE', *, *, #5108, .F. ) ;
#3188 = EDGE_CURVE ( 'NONE', #1839, #1778, #3533, .T. ) ;
#3189 = EDGE_LOOP ( 'NONE', ( #3061, #5756, #1677, #2081 ) ) ;
#3190 = VECTOR ( 'NONE', #2653, 1000.000000000000000 ) ;
#3191 = PLANE ( 'NONE',  #1880 ) ;
#3192 = ORIENTED_EDGE ( 'NONE', *, *, #5180, .F. ) ;
#3193 = DIRECTION ( 'NONE',  ( -0.000000000000000000, -0.000000000000000000, -1.000000000000000000 ) ) ;
#3194 = ORIENTED_EDGE ( 'NONE', *, *, #1550, .F. ) ;
#3195 = VECTOR ( 'NONE', #99, 1000.000000000000000 ) ;
#3196 = DIRECTION ( 'NONE',  ( 0.000000000000000000, -0.000000000000000000, -1.000000000000000000 ) ) ;
#3197 = CARTESIAN_POINT ( 'NONE',  ( 134.9999999999994031, 4250.000000000002728, 4.000000000000003553 ) ) ;
#3198 = ORIENTED_EDGE ( 'NONE', *, *, #4276, .T. ) ;
#3199 = CARTESIAN_POINT ( 'NONE',  ( -500.0000000000006821, 4750.000000000002728, 2.000000000000000000 ) ) ;
#3200 = DIRECTION ( 'NONE',  ( -1.000000000000000000, 0.000000000000000000, -0.000000000000000000 ) ) ;
#3201 = DIRECTION ( 'NONE',  ( 0.000000000000000000, 1.000000000000000000, -0.000000000000000000 ) ) ;
#3202 = AXIS2_PLACEMENT_3D ( 'NONE', #4681, #2258, #400 ) ;
#3203 = EDGE_LOOP ( 'NONE', ( #1234, #3359, #3834, #4256 ) ) ;
#3204 = EDGE_CURVE ( 'NONE', #585, #3550, #1211, .T. ) ;
#3205 = ORIENTED_EDGE ( 'NONE', *, *, #4151, .T. ) ;
#3206 = DIRECTION ( 'NONE',  ( 0.000000000000000000, -1.000000000000000000, 0.000000000000000000 ) ) ;
#3207 = VECTOR ( 'NONE', #5049, 1000.000000000000000 ) ;
#3208 = EDGE_CURVE ( 'NONE', #2161, #2918, #4996, .T. ) ;
#3209 = DIRECTION ( 'NONE',  ( -0.000000000000000000, -0.000000000000000000, -1.000000000000000000 ) ) ;
#3210 = PLANE ( 'NONE',  #2888 ) ;
#3211 = VERTEX_POINT ( 'NONE', #4525 ) ;
#3212 = DIRECTION ( 'NONE',  ( 0.000000000000000000, 0.000000000000000000, 1.000000000000000000 ) ) ;
#3213 = ORIENTED_EDGE ( 'NONE', *, *, #27, .F. ) ;
#3214 = ORIENTED_EDGE ( 'NONE', *, *, #2367, .F. ) ;
#3215 = EDGE_CURVE ( 'NONE', #4144, #1162, #5021, .T. ) ;
#3216 = LINE ( 'NONE', #4633, #2401 ) ;
#3217 = DIRECTION ( 'NONE',  ( -0.000000000000000000, 1.000000000000000000, -0.000000000000000000 ) ) ;
#3218 = DIRECTION ( 'NONE',  ( -0.000000000000000000, -0.000000000000000000, -1.000000000000000000 ) ) ;
#3219 = EDGE_LOOP ( 'NONE', ( #5685, #991, #3740, #4087 ) ) ;
#3220 = VERTEX_POINT ( 'NONE', #775 ) ;
#3221 = CARTESIAN_POINT ( 'NONE',  ( -135.0000000000000000, 0.000000000000000000, 901.9999999999998863 ) ) ;
#3222 = ORIENTED_EDGE ( 'NONE', *, *, #66, .F. ) ;
#3223 = PLANE ( 'NONE',  #5152 ) ;
#3224 = EDGE_CURVE ( 'NONE', #4979, #2591, #4059, .T. ) ;
#3225 = VERTEX_POINT ( 'NONE', #1304 ) ;
#3226 = LINE ( 'NONE', #1793, #1365 ) ;
#3227 = CARTESIAN_POINT ( 'NONE',  ( -3000.000000000000000, 3000.000000000000000, 652.0000000000000000 ) ) ;
#3228 = ORIENTED_EDGE ( 'NONE', *, *, #4470, .T. ) ;
#3229 = PLANE ( 'NONE',  #2058 ) ;
#3230 = CARTESIAN_POINT ( 'NONE',  ( -24.99999999999952394, -5500.000000000000000, 2.000000000000000000 ) ) ;
#3231 = DIRECTION ( 'NONE',  ( 0.000000000000000000, -1.000000000000000000, 0.000000000000000000 ) ) ;
#3232 = ORIENTED_EDGE ( 'NONE', *, *, #2449, .T. ) ;
#3233 = VERTEX_POINT ( 'NONE', #3719 ) ;
#3234 = DIRECTION ( 'NONE',  ( 0.000000000000000000, 0.000000000000000000, -1.000000000000000000 ) ) ;
#3235 = DIRECTION ( 'NONE',  ( 0.000000000000000000, -1.000000000000000000, 0.000000000000000000 ) ) ;
#3236 = DIRECTION ( 'NONE',  ( 0.000000000000000000, 0.000000000000000000, 1.000000000000000000 ) ) ;
#3237 = VERTEX_POINT ( 'NONE', #3693 ) ;
#3238 = DIRECTION ( 'NONE',  ( 1.000000000000000000, 0.000000000000000000, 0.000000000000000000 ) ) ;
#3239 = VERTEX_POINT ( 'NONE', #6045 ) ;
#3240 = ORIENTED_EDGE ( 'NONE', *, *, #325, .F. ) ;
#3241 = EDGE_CURVE ( 'NONE', #4957, #1627, #5611, .T. ) ;
#3242 = LINE ( 'NONE', #2406, #1599 ) ;
#3243 = EDGE_CURVE ( 'NONE', #174, #4638, #4218, .T. ) ;
#3244 = LINE ( 'NONE', #4080, #4236 ) ;
#3245 = ORIENTED_EDGE ( 'NONE', *, *, #4228, .F. ) ;
#3246 = EDGE_CURVE ( 'NONE', #2596, #1839, #1397, .T. ) ;
#3247 = VECTOR ( 'NONE', #179, 1000.000000000000000 ) ;
#3248 = ORIENTED_EDGE ( 'NONE', *, *, #1966, .T. ) ;
#3249 = CARTESIAN_POINT ( 'NONE',  ( 3000.000000000000000, -800.0000000000002274, 602.0000000000000000 ) ) ;
#3250 = VERTEX_POINT ( 'NONE', #2794 ) ;
#3251 = CARTESIAN_POINT ( 'NONE',  ( -499.9999999999999432, 2950.000000000000000, 603.0000000000000000 ) ) ;
#3252 = VECTOR ( 'NONE', #2116, 1000.000000000000000 ) ;
#3253 = ORIENTED_EDGE ( 'NONE', *, *, #380, .F. ) ;
#3254 = LINE ( 'NONE', #5543, #3537 ) ;
#3255 = LINE ( 'NONE', #5146, #3002 ) ;
#3256 = ORIENTED_EDGE ( 'NONE', *, *, #4754, .F. ) ;
#3257 = VECTOR ( 'NONE', #1829, 1000.000000000000000 ) ;
#3258 = CARTESIAN_POINT ( 'NONE',  ( 25.00000000000046541, -5500.000000000000000, 52.00000000000000711 ) ) ;
#3259 = CARTESIAN_POINT ( 'NONE',  ( -500.0000000000006821, 3750.000000000002728, 4.000000000000000000 ) ) ;
#3260 = CARTESIAN_POINT ( 'NONE',  ( 1000.000000000001364, -1499.999999999999773, 901.9999999999998863 ) ) ;
#3261 = ORIENTED_EDGE ( 'NONE', *, *, #515, .T. ) ;
#3262 = ORIENTED_EDGE ( 'NONE', *, *, #2746, .T. ) ;
#3263 = PLANE ( 'NONE',  #5717 ) ;
#3264 = LINE ( 'NONE', #2803, #2883 ) ;
#3265 = PLANE ( 'NONE',  #4668 ) ;
#3266 = ORIENTED_EDGE ( 'NONE', *, *, #3403, .T. ) ;
#3267 = ORIENTED_EDGE ( 'NONE', *, *, #2640, .F. ) ;
#3268 = ORIENTED_EDGE ( 'NONE', *, *, #2142, .F. ) ;
#3269 = VECTOR ( 'NONE', #233, 1000.000000000000000 ) ;
#3270 = CARTESIAN_POINT ( 'NONE',  ( -2200.000000000000000, 2950.000000000000000, 602.0000000000000000 ) ) ;
#3271 = AXIS2_PLACEMENT_3D ( 'NONE', #1772, #4161, #819 ) ;
#3272 = VECTOR ( 'NONE', #5575, 1000.000000000000000 ) ;
#3273 = DIRECTION ( 'NONE',  ( 0.000000000000000000, 0.000000000000000000, -1.000000000000000000 ) ) ;
#3274 = CARTESIAN_POINT ( 'NONE',  ( -2950.000000000000000, -2450.000000000000000, 604.0000000000000000 ) ) ;
#3275 = VERTEX_POINT ( 'NONE', #5982 ) ;
#3276 = ADVANCED_FACE ( 'NONE', ( #867 ), #3229, .F. ) ;
#3277 = CARTESIAN_POINT ( 'NONE',  ( -2950.000000000000000, 2450.000000000000000, 604.0000000000000000 ) ) ;
#3278 = VECTOR ( 'NONE', #1546, 1000.000000000000000 ) ;
#3279 = EDGE_LOOP ( 'NONE', ( #2242, #3480, #4239, #1675, #5316, #5050, #1861, #2882 ) ) ;
#3280 = CARTESIAN_POINT ( 'NONE',  ( 2950.000000000000000, 2950.000000000000000, 652.0000000000000000 ) ) ;
#3281 = EDGE_CURVE ( 'NONE', #5899, #3513, #345, .T. ) ;
#3282 = CARTESIAN_POINT ( 'NONE',  ( -3000.000000000000000, -800.0000000000002274, 652.0000000000000000 ) ) ;
#3283 = ORIENTED_EDGE ( 'NONE', *, *, #3507, .F. ) ;
#3284 = FACE_OUTER_BOUND ( 'NONE', #322, .T. ) ;
#3285 = CARTESIAN_POINT ( 'NONE',  ( -3500.000000000001819, 5500.000000000000000, 4.000000000000000000 ) ) ;
#3286 = VECTOR ( 'NONE', #1638, 1000.000000000000000 ) ;
#3287 = VECTOR ( 'NONE', #4414, 1000.000000000000000 ) ;
#3288 = ORIENTED_EDGE ( 'NONE', *, *, #5606, .F. ) ;
#3289 = CARTESIAN_POINT ( 'NONE',  ( 1500.000000000001364, 500.0000000000003411, 602.0000000000000000 ) ) ;
#3290 = EDGE_CURVE ( 'NONE', #3526, #2768, #4684, .T. ) ;
#3291 = CARTESIAN_POINT ( 'NONE',  ( 0.000000000000000000, 0.000000000000000000, 901.9999999999998863 ) ) ;
#3292 = LINE ( 'NONE', #470, #4664 ) ;
#3293 = AXIS2_PLACEMENT_3D ( 'NONE', #1214, #5488, #3106 ) ;
#3294 = ORIENTED_EDGE ( 'NONE', *, *, #1286, .F. ) ;
#3295 = AXIS2_PLACEMENT_3D ( 'NONE', #2916, #4339, #155 ) ;
#3296 = DIRECTION ( 'NONE',  ( -1.000000000000000000, 0.000000000000000000, 0.000000000000000000 ) ) ;
#3297 = EDGE_CURVE ( 'NONE', #1225, #4180, #6009, .T. ) ;
#3298 = LINE ( 'NONE', #4254, #700 ) ;
#3299 = DIRECTION ( 'NONE',  ( -1.000000000000000000, 0.000000000000000000, 0.000000000000000000 ) ) ;
#3300 = EDGE_CURVE ( 'NONE', #576, #4392, #5516, .T. ) ;
#3301 = ORIENTED_EDGE ( 'NONE', *, *, #780, .T. ) ;
#3302 = VERTEX_POINT ( 'NONE', #2229 ) ;
#3303 = ORIENTED_EDGE ( 'NONE', *, *, #4718, .T. ) ;
#3304 = VECTOR ( 'NONE', #152, 1000.000000000000000 ) ;
#3305 = LINE ( 'NONE', #3823, #3090 ) ;
#3306 = FACE_OUTER_BOUND ( 'NONE', #4535, .T. ) ;
#3307 = DIRECTION ( 'NONE',  ( 1.000000000000000000, 0.000000000000000000, -0.000000000000000000 ) ) ;
#3308 = VERTEX_POINT ( 'NONE', #5117 ) ;
#3309 = FACE_OUTER_BOUND ( 'NONE', #3620, .T. ) ;
#3310 = ORIENTED_EDGE ( 'NONE', *, *, #3011, .F. ) ;
#3311 = LINE ( 'NONE', #1791, #5737 ) ;
#3312 = DIRECTION ( 'NONE',  ( 0.000000000000000000, -1.000000000000000000, 0.000000000000000000 ) ) ;
#3313 = EDGE_CURVE ( 'NONE', #2753, #5292, #2732, .T. ) ;
#3314 = VERTEX_POINT ( 'NONE', #2261 ) ;
#3315 = CARTESIAN_POINT ( 'NONE',  ( 1499.999999999999545, 1500.000000000000000, 602.0000000000000000 ) ) ;
#3316 = DIRECTION ( 'NONE',  ( 0.000000000000000000, 1.000000000000000000, 0.000000000000000000 ) ) ;
#3317 = ORIENTED_EDGE ( 'NONE', *, *, #1128, .F. ) ;
#3318 = CARTESIAN_POINT ( 'NONE',  ( -2950.000000000000000, 2950.000000000000000, 602.0000000000000000 ) ) ;
#3319 = LINE ( 'NONE', #36, #1014 ) ;
#3320 = CARTESIAN_POINT ( 'NONE',  ( -599.9999999999984084, -4850.000000000000909, 2.000000000000000000 ) ) ;
#3321 = EDGE_CURVE ( 'NONE', #3686, #1959, #4152, .T. ) ;
#3322 = ORIENTED_EDGE ( 'NONE', *, *, #189, .F. ) ;
#3323 = EDGE_CURVE ( 'NONE', #164, #3063, #5548, .T. ) ;
#3324 = EDGE_CURVE ( 'NONE', #501, #4280, #1857, .T. ) ;
#3325 = PLANE ( 'NONE',  #2260 ) ;
#3326 = CARTESIAN_POINT ( 'NONE',  ( 5599.999999999999091, 5600.000000000000000, 100.0000000000000000 ) ) ;
#3327 = DIRECTION ( 'NONE',  ( -0.000000000000000000, -0.000000000000000000, -1.000000000000000000 ) ) ;
#3328 = DIRECTION ( 'NONE',  ( 0.000000000000000000, 0.000000000000000000, -1.000000000000000000 ) ) ;
#3329 = ORIENTED_EDGE ( 'NONE', *, *, #4228, .T. ) ;
#3330 = ORIENTED_EDGE ( 'NONE', *, *, #1951, .F. ) ;
#3331 = ORIENTED_EDGE ( 'NONE', *, *, #407, .T. ) ;
#3332 = EDGE_CURVE ( 'NONE', #5894, #4638, #4648, .T. ) ;
#3333 = DIRECTION ( 'NONE',  ( -0.000000000000000000, -0.000000000000000000, -1.000000000000000000 ) ) ;
#3334 = DIRECTION ( 'NONE',  ( 0.000000000000000000, 1.000000000000000000, 0.000000000000000000 ) ) ;
#3335 = VERTEX_POINT ( 'NONE', #5090 ) ;
#3336 = ORIENTED_EDGE ( 'NONE', *, *, #2931, .T. ) ;
#3337 = CARTESIAN_POINT ( 'NONE',  ( 4000.000000000000000, -800.0000000000002274, 603.0000000000000000 ) ) ;
#3338 = ORIENTED_EDGE ( 'NONE', *, *, #5941, .T. ) ;
#3339 = CARTESIAN_POINT ( 'NONE',  ( 4699.999999999999091, -5500.000000000000000, 4.000000000000000000 ) ) ;
#3340 = ORIENTED_EDGE ( 'NONE', *, *, #115, .F. ) ;
#3341 = DIRECTION ( 'NONE',  ( 0.000000000000000000, -1.000000000000000000, 0.000000000000000000 ) ) ;
#3342 = PLANE ( 'NONE',  #5089 ) ;
#3343 = VECTOR ( 'NONE', #705, 1000.000000000000000 ) ;
#3344 = EDGE_LOOP ( 'NONE', ( #3395, #5461, #600, #3052 ) ) ;
#3345 = DIRECTION ( 'NONE',  ( 0.000000000000000000, -1.000000000000000000, 0.000000000000000000 ) ) ;
#3346 = VECTOR ( 'NONE', #3206, 1000.000000000000000 ) ;
#3347 = VECTOR ( 'NONE', #455, 1000.000000000000000 ) ;
#3348 = DIRECTION ( 'NONE',  ( 0.000000000000000000, 0.000000000000000000, -1.000000000000000000 ) ) ;
#3349 = CARTESIAN_POINT ( 'NONE',  ( -4000.000000000000000, 2700.000000000000000, 2.000000000000000000 ) ) ;
#3350 = ORIENTED_EDGE ( 'NONE', *, *, #4572, .T. ) ;
#3351 = VECTOR ( 'NONE', #2044, 1000.000000000000000 ) ;
#3352 = LINE ( 'NONE', #5212, #3049 ) ;
#3353 = EDGE_CURVE ( 'NONE', #4954, #882, #3749, .T. ) ;
#3354 = DIRECTION ( 'NONE',  ( -0.000000000000000000, -1.000000000000000000, -0.000000000000000000 ) ) ;
#3355 = LINE ( 'NONE', #1899, #3861 ) ;
#3356 = ADVANCED_FACE ( 'NONE', ( #6077 ), #6105, .F. ) ;
#3357 = CARTESIAN_POINT ( 'NONE',  ( -3000.000000000000000, 3000.000000000000000, 652.0000000000000000 ) ) ;
#3358 = ORIENTED_EDGE ( 'NONE', *, *, #1212, .F. ) ;
#3359 = ORIENTED_EDGE ( 'NONE', *, *, #4170, .T. ) ;
#3360 = LINE ( 'NONE', #4752, #3543 ) ;
#3361 = VERTEX_POINT ( 'NONE', #4095 ) ;
#3362 = EDGE_CURVE ( 'NONE', #1663, #4505, #3163, .T. ) ;
#3363 = DIRECTION ( 'NONE',  ( -0.000000000000000000, -0.000000000000000000, -1.000000000000000000 ) ) ;
#3364 = CARTESIAN_POINT ( 'NONE',  ( -1500.000000000000455, -1500.000000000000000, 901.9999999999998863 ) ) ;
#3365 = DIRECTION ( 'NONE',  ( -0.000000000000000000, -0.000000000000000000, -1.000000000000000000 ) ) ;
#3366 = EDGE_LOOP ( 'NONE', ( #5036, #130, #2369, #1931 ) ) ;
#3367 = CARTESIAN_POINT ( 'NONE',  ( -2950.000000000000000, -800.0000000000002274, 652.0000000000000000 ) ) ;
#3368 = ORIENTED_EDGE ( 'NONE', *, *, #1681, .F. ) ;
#3369 = AXIS2_PLACEMENT_3D ( 'NONE', #690, #141, #1530 ) ;
#3370 = EDGE_CURVE ( 'NONE', #6032, #3490, #3781, .T. ) ;
#3371 = VECTOR ( 'NONE', #3411, 1000.000000000000000 ) ;
#3372 = DIRECTION ( 'NONE',  ( -0.000000000000000000, -0.000000000000000000, -1.000000000000000000 ) ) ;
#3373 = ORIENTED_EDGE ( 'NONE', *, *, #5637, .T. ) ;
#3374 = FACE_OUTER_BOUND ( 'NONE', #5294, .T. ) ;
#3375 = DIRECTION ( 'NONE',  ( 0.000000000000000000, 0.000000000000000000, 1.000000000000000000 ) ) ;
#3376 = EDGE_CURVE ( 'NONE', #3722, #3771, #4710, .T. ) ;
#3377 = EDGE_LOOP ( 'NONE', ( #4533, #244, #5218, #4164 ) ) ;
#3378 = VECTOR ( 'NONE', #1808, 1000.000000000000000 ) ;
#3379 = VECTOR ( 'NONE', #5661, 1000.000000000000000 ) ;
#3380 = CARTESIAN_POINT ( 'NONE',  ( 1499.999999999999545, 1500.000000000000000, 903.9999999999998863 ) ) ;
#3381 = CARTESIAN_POINT ( 'NONE',  ( 25.00000000000003553, -2200.000000000000000, 602.0000000000000000 ) ) ;
#3382 = CARTESIAN_POINT ( 'NONE',  ( 0.000000000000000000, 0.000000000000000000, 0.000000000000000000 ) ) ;
#3383 = VECTOR ( 'NONE', #2678, 1000.000000000000000 ) ;
#3384 = ORIENTED_EDGE ( 'NONE', *, *, #4911, .F. ) ;
#3385 = DIRECTION ( 'NONE',  ( 1.000000000000000000, -0.000000000000000000, -0.000000000000000000 ) ) ;
#3386 = VECTOR ( 'NONE', #3972, 1000.000000000000000 ) ;
#3387 = DIRECTION ( 'NONE',  ( 1.000000000000000000, 0.000000000000000000, 0.000000000000000000 ) ) ;
#3388 = AXIS2_PLACEMENT_3D ( 'NONE', #3023, #1160, #5876 ) ;
#3389 = DIRECTION ( 'NONE',  ( 0.000000000000000000, 1.000000000000000000, 0.000000000000000000 ) ) ;
#3390 = DIRECTION ( 'NONE',  ( -0.000000000000000000, -0.000000000000000000, -1.000000000000000000 ) ) ;
#3391 = ADVANCED_FACE ( 'NONE', ( #1428 ), #2822, .F. ) ;
#3392 = VECTOR ( 'NONE', #4685, 1000.000000000000000 ) ;
#3393 = VERTEX_POINT ( 'NONE', #3835 ) ;
#3394 = CARTESIAN_POINT ( 'NONE',  ( -2950.000000000000000, -2450.000000000000000, 604.0000000000000000 ) ) ;
#3395 = ORIENTED_EDGE ( 'NONE', *, *, #3538, .F. ) ;
#3396 = EDGE_CURVE ( 'NONE', #1479, #5006, #586, .T. ) ;
#3397 = LINE ( 'NONE', #3914, #4568 ) ;
#3398 = AXIS2_PLACEMENT_3D ( 'NONE', #199, #4481, #2091 ) ;
#3399 = DIRECTION ( 'NONE',  ( 0.000000000000000000, 7.401486830834381209E-16, -1.000000000000000000 ) ) ;
#3400 = ORIENTED_EDGE ( 'NONE', *, *, #3701, .F. ) ;
#3401 = EDGE_CURVE ( 'NONE', #1438, #2743, #1945, .T. ) ;
#3402 = EDGE_LOOP ( 'NONE', ( #5565, #3433, #2083, #2221 ) ) ;
#3403 = EDGE_CURVE ( 'NONE', #1745, #2596, #3900, .T. ) ;
#3404 = CARTESIAN_POINT ( 'NONE',  ( -4700.000000000000909, -5500.000000000000000, 4.000000000000000000 ) ) ;
#3405 = ORIENTED_EDGE ( 'NONE', *, *, #794, .F. ) ;
#3406 = FACE_OUTER_BOUND ( 'NONE', #3004, .T. ) ;
#3407 = EDGE_LOOP ( 'NONE', ( #2234, #5691, #6097, #5921, #230, #266, #5514, #337, #5964, #2239, #389, #4067 ) ) ;
#3408 = CARTESIAN_POINT ( 'NONE',  ( 1499.999999999999545, 500.0000000000004547, 602.0000000000000000 ) ) ;
#3409 = LINE ( 'NONE', #5669, #333 ) ;
#3410 = ORIENTED_EDGE ( 'NONE', *, *, #3714, .T. ) ;
#3411 = DIRECTION ( 'NONE',  ( 1.000000000000000000, -0.000000000000000000, -0.000000000000000000 ) ) ;
#3412 = PLANE ( 'NONE',  #3295 ) ;
#3413 = EDGE_CURVE ( 'NONE', #2383, #4487, #35, .T. ) ;
#3414 = ORIENTED_EDGE ( 'NONE', *, *, #1773, .T. ) ;
#3415 = DIRECTION ( 'NONE',  ( -0.000000000000000000, 0.000000000000000000, -1.000000000000000000 ) ) ;
#3416 = LINE ( 'NONE', #1551, #3689 ) ;
#3417 = LINE ( 'NONE', #1581, #3386 ) ;
#3418 = CARTESIAN_POINT ( 'NONE',  ( -3999.999999999999545, -1800.000000000000227, 602.0000000000000000 ) ) ;
#3419 = VERTEX_POINT ( 'NONE', #2476 ) ;
#3420 = LINE ( 'NONE', #1499, #4631 ) ;
#3421 = ORIENTED_EDGE ( 'NONE', *, *, #5492, .T. ) ;
#3422 = DIRECTION ( 'NONE',  ( 0.000000000000000000, 1.000000000000000000, -0.000000000000000000 ) ) ;
#3423 = CARTESIAN_POINT ( 'NONE',  ( 5499.999999999999091, -5500.000000000000000, 100.0000000000000000 ) ) ;
#3424 = PLANE ( 'NONE',  #3933 ) ;
#3425 = CARTESIAN_POINT ( 'NONE',  ( 3000.000000000000000, -1800.000000000000227, 602.0000000000000000 ) ) ;
#3426 = ORIENTED_EDGE ( 'NONE', *, *, #4643, .F. ) ;
#3427 = PLANE ( 'NONE',  #802 ) ;
#3428 = EDGE_CURVE ( 'NONE', #833, #4244, #4368, .T. ) ;
#3429 = EDGE_LOOP ( 'NONE', ( #3214, #4299, #2493, #4730, #710, #1825, #5185, #1392, #3384, #452, #1796, #2805 ) ) ;
#3430 = ADVANCED_FACE ( 'NONE', ( #2850, #1518 ), #126, .T. ) ;
#3431 = PLANE ( 'NONE',  #3499 ) ;
#3432 = EDGE_CURVE ( 'NONE', #871, #5292, #4741, .T. ) ;
#3433 = ORIENTED_EDGE ( 'NONE', *, *, #5664, .T. ) ;
#3434 = CARTESIAN_POINT ( 'NONE',  ( -5500.000000000000909, -5500.000000000000000, 100.0000000000000000 ) ) ;
#3435 = DIRECTION ( 'NONE',  ( 0.000000000000000000, 0.000000000000000000, -1.000000000000000000 ) ) ;
#3436 = VECTOR ( 'NONE', #5806, 1000.000000000000000 ) ;
#3437 = DIRECTION ( 'NONE',  ( 1.000000000000000000, 0.000000000000000000, -0.000000000000000000 ) ) ;
#3438 = CARTESIAN_POINT ( 'NONE',  ( 25.00000000000021672, 3000.000000000000000, 52.00000000000000711 ) ) ;
#3439 = EDGE_CURVE ( 'NONE', #4092, #5601, #1483, .T. ) ;
#3440 = VERTEX_POINT ( 'NONE', #3380 ) ;
#3441 = VECTOR ( 'NONE', #4636, 1000.000000000000000 ) ;
#3442 = DIRECTION ( 'NONE',  ( -1.000000000000000000, 0.000000000000000000, 0.000000000000000000 ) ) ;
#3443 = FACE_OUTER_BOUND ( 'NONE', #3572, .T. ) ;
#3444 = CARTESIAN_POINT ( 'NONE',  ( 89.99999999999933209, 4250.000000000002728, 502.0000000000000000 ) ) ;
#3445 = DIRECTION ( 'NONE',  ( 0.000000000000000000, 0.000000000000000000, -1.000000000000000000 ) ) ;
#3446 = AXIS2_PLACEMENT_3D ( 'NONE', #3665, #2738, #3754 ) ;
#3447 = ADVANCED_FACE ( 'NONE', ( #2357 ), #532, .T. ) ;
#3448 = VERTEX_POINT ( 'NONE', #4310 ) ;
#3449 = DIRECTION ( 'NONE',  ( 0.000000000000000000, 0.000000000000000000, 1.000000000000000000 ) ) ;
#3450 = ORIENTED_EDGE ( 'NONE', *, *, #4070, .T. ) ;
#3451 = CARTESIAN_POINT ( 'NONE',  ( -4000.000000000000000, -2400.000000000000455, 152.0000000000001705 ) ) ;
#3452 = DIRECTION ( 'NONE',  ( -6.344131569286606971E-16, 1.000000000000000000, 0.000000000000000000 ) ) ;
#3453 = LINE ( 'NONE', #5897, #476 ) ;
#3454 = DIRECTION ( 'NONE',  ( -0.000000000000000000, -0.000000000000000000, -1.000000000000000000 ) ) ;
#3455 = VERTEX_POINT ( 'NONE', #1023 ) ;
#3456 = DIRECTION ( 'NONE',  ( -1.000000000000000000, -0.000000000000000000, -0.000000000000000000 ) ) ;
#3457 = EDGE_LOOP ( 'NONE', ( #1037, #1700, #3268, #4306, #2623, #3141, #1939, #364, #480, #3502, #5088, #3426, #150, #2806, #550, #4778, #1048, #3261, #642, #5481, #5940, #5596, #5493, #1021, #634, #1292, #733, #2782 ) ) ;
#3458 = DIRECTION ( 'NONE',  ( 1.000000000000000000, 0.000000000000000000, 0.000000000000000000 ) ) ;
#3459 = ORIENTED_EDGE ( 'NONE', *, *, #2141, .T. ) ;
#3460 = DIRECTION ( 'NONE',  ( -1.000000000000000000, -0.000000000000000000, -0.000000000000000000 ) ) ;
#3461 = FACE_OUTER_BOUND ( 'NONE', #2567, .T. ) ;
#3462 = EDGE_CURVE ( 'NONE', #5319, #960, #957, .T. ) ;
#3463 = CARTESIAN_POINT ( 'NONE',  ( 0.000000000000000000, 0.000000000000000000, 1702.000000000000000 ) ) ;
#3464 = EDGE_CURVE ( 'NONE', #851, #369, #6133, .T. ) ;
#3465 = VECTOR ( 'NONE', #93, 1000.000000000000000 ) ;
#3466 = VECTOR ( 'NONE', #1356, 1000.000000000000000 ) ;
#3467 = CARTESIAN_POINT ( 'NONE',  ( -2450.000000000000000, 2450.000000000000000, 604.0000000000000000 ) ) ;
#3468 = CARTESIAN_POINT ( 'NONE',  ( -24.99999999999998224, -3650.000000000001364, 52.00000000000000711 ) ) ;
#3469 = ORIENTED_EDGE ( 'NONE', *, *, #2970, .F. ) ;
#3470 = CARTESIAN_POINT ( 'NONE',  ( -2199.999999999999545, 2250.000000000000000, 604.0000000000000000 ) ) ;
#3471 = VECTOR ( 'NONE', #1679, 1000.000000000000000 ) ;
#3472 = VECTOR ( 'NONE', #3950, 1000.000000000000000 ) ;
#3473 = EDGE_CURVE ( 'NONE', #4131, #2101, #2915, .T. ) ;
#3474 = LINE ( 'NONE', #3969, #1272 ) ;
#3475 = CARTESIAN_POINT ( 'NONE',  ( -2450.000000000000000, 2450.000000000000000, 604.0000000000000000 ) ) ;
#3476 = AXIS2_PLACEMENT_3D ( 'NONE', #353, #5005, #2175 ) ;
#3477 = CARTESIAN_POINT ( 'NONE',  ( -4700.000000000000909, -4800.000000000000000, 4.000000000000000000 ) ) ;
#3478 = AXIS2_PLACEMENT_3D ( 'NONE', #2540, #4922, #4313 ) ;
#3479 = CARTESIAN_POINT ( 'NONE',  ( 3000.000000000000000, -1800.000000000000227, 652.0000000000000000 ) ) ;
#3480 = ORIENTED_EDGE ( 'NONE', *, *, #1429, .T. ) ;
#3481 = AXIS2_PLACEMENT_3D ( 'NONE', #1905, #2835, #485 ) ;
#3482 = DIRECTION ( 'NONE',  ( 0.000000000000000000, -0.000000000000000000, -1.000000000000000000 ) ) ;
#3483 = VERTEX_POINT ( 'NONE', #498 ) ;
#3484 = DIRECTION ( 'NONE',  ( 0.000000000000000000, 1.000000000000000000, 0.000000000000000000 ) ) ;
#3485 = EDGE_CURVE ( 'NONE', #439, #3675, #5237, .T. ) ;
#3486 = VECTOR ( 'NONE', #5370, 1000.000000000000000 ) ;
#3487 = LINE ( 'NONE', #5780, #1802 ) ;
#3488 = DIRECTION ( 'NONE',  ( 0.000000000000000000, -0.000000000000000000, 1.000000000000000000 ) ) ;
#3489 = LINE ( 'NONE', #2529, #4878 ) ;
#3490 = VERTEX_POINT ( 'NONE', #3808 ) ;
#3491 = CARTESIAN_POINT ( 'NONE',  ( -4000.000000000000000, -2100.000000000000455, 301.9999999999998295 ) ) ;
#3492 = EDGE_LOOP ( 'NONE', ( #4713, #6062, #760, #2695, #241 ) ) ;
#3493 = VECTOR ( 'NONE', #1097, 1000.000000000000000 ) ;
#3494 = LINE ( 'NONE', #1659, #5953 ) ;
#3495 = ORIENTED_EDGE ( 'NONE', *, *, #1685, .T. ) ;
#3496 = PLANE ( 'NONE',  #5419 ) ;
#3497 = LINE ( 'NONE', #4891, #4688 ) ;
#3498 = LINE ( 'NONE', #5448, #2179 ) ;
#3499 = AXIS2_PLACEMENT_3D ( 'NONE', #5384, #3458, #702 ) ;
#3500 = LINE ( 'NONE', #3595, #5346 ) ;
#3501 = FACE_OUTER_BOUND ( 'NONE', #267, .T. ) ;
#3502 = ORIENTED_EDGE ( 'NONE', *, *, #1951, .T. ) ;
#3503 = LINE ( 'NONE', #2257, #1952 ) ;
#3504 = CARTESIAN_POINT ( 'NONE',  ( 25.00000000000000711, -3650.000000000001364, 52.00000000000000711 ) ) ;
#3505 = CARTESIAN_POINT ( 'NONE',  ( -24.99999999999996803, -2200.000000000000000, 652.0000000000000000 ) ) ;
#3506 = DIRECTION ( 'NONE',  ( 0.000000000000000000, -0.000000000000000000, -1.000000000000000000 ) ) ;
#3507 = EDGE_CURVE ( 'NONE', #3550, #1856, #1452, .T. ) ;
#3508 = LINE ( 'NONE', #1117, #3570 ) ;
#3509 = EDGE_CURVE ( 'NONE', #844, #5880, #3001, .T. ) ;
#3510 = EDGE_CURVE ( 'NONE', #5981, #2374, #1136, .T. ) ;
#3511 = ORIENTED_EDGE ( 'NONE', *, *, #2271, .F. ) ;
#3512 = CARTESIAN_POINT ( 'NONE',  ( -2950.000000000000000, 2950.000000000000000, 652.0000000000000000 ) ) ;
#3513 = VERTEX_POINT ( 'NONE', #3028 ) ;
#3514 = LINE ( 'NONE', #1622, #4160 ) ;
#3515 = CARTESIAN_POINT ( 'NONE',  ( -500.0000000000006821, 4750.000000000002728, 4.000000000000000000 ) ) ;
#3516 = CARTESIAN_POINT ( 'NONE',  ( 4699.999999999999091, -4800.000000000000000, 4.000000000000000000 ) ) ;
#3517 = LINE ( 'NONE', #1127, #1022 ) ;
#3518 = ORIENTED_EDGE ( 'NONE', *, *, #2412, .F. ) ;
#3519 = EDGE_CURVE ( 'NONE', #585, #3821, #2511, .T. ) ;
#3520 = ORIENTED_EDGE ( 'NONE', *, *, #1457, .T. ) ;
#3521 = DIRECTION ( 'NONE',  ( 0.000000000000000000, 0.000000000000000000, -1.000000000000000000 ) ) ;
#3522 = DIRECTION ( 'NONE',  ( -1.000000000000000000, -8.326672684688679970E-16, 0.000000000000000000 ) ) ;
#3523 = ORIENTED_EDGE ( 'NONE', *, *, #3509, .F. ) ;
#3524 = DIRECTION ( 'NONE',  ( -1.000000000000000000, -0.000000000000000000, -0.000000000000000000 ) ) ;
#3525 = LINE ( 'NONE', #5413, #3304 ) ;
#3526 = VERTEX_POINT ( 'NONE', #5938 ) ;
#3527 = CARTESIAN_POINT ( 'NONE',  ( -499.9999999999999432, 2200.000000000000000, 603.0000000000000000 ) ) ;
#3528 = ORIENTED_EDGE ( 'NONE', *, *, #3007, .F. ) ;
#3529 = CARTESIAN_POINT ( 'NONE',  ( 5599.999999999999091, 5600.000000000000000, 100.0000000000000000 ) ) ;
#3530 = VERTEX_POINT ( 'NONE', #1635 ) ;
#3531 = PLANE ( 'NONE',  #668 ) ;
#3532 = ORIENTED_EDGE ( 'NONE', *, *, #5247, .F. ) ;
#3533 = LINE ( 'NONE', #4962, #3843 ) ;
#3534 = FACE_OUTER_BOUND ( 'NONE', #96, .T. ) ;
#3535 = DIRECTION ( 'NONE',  ( -0.000000000000000000, -0.000000000000000000, -1.000000000000000000 ) ) ;
#3536 = LINE ( 'NONE', #1276, #3967 ) ;
#3537 = VECTOR ( 'NONE', #5638, 1000.000000000000000 ) ;
#3538 = EDGE_CURVE ( 'NONE', #1877, #5908, #648, .T. ) ;
#3539 = ORIENTED_EDGE ( 'NONE', *, *, #1109, .F. ) ;
#3540 = CARTESIAN_POINT ( 'NONE',  ( 3000.000000000000000, -800.0000000000002274, 603.0000000000000000 ) ) ;
#3541 = ORIENTED_EDGE ( 'NONE', *, *, #425, .F. ) ;
#3542 = EDGE_CURVE ( 'NONE', #3393, #3705, #2629, .T. ) ;
#3543 = VECTOR ( 'NONE', #599, 1000.000000000000000 ) ;
#3544 = DIRECTION ( 'NONE',  ( -0.000000000000000000, -0.000000000000000000, -1.000000000000000000 ) ) ;
#3545 = VECTOR ( 'NONE', #2780, 1000.000000000000000 ) ;
#3546 = LINE ( 'NONE', #2710, #6053 ) ;
#3547 = CARTESIAN_POINT ( 'NONE',  ( 1500.000000000000455, 1000.000000000000227, 903.9999999999998863 ) ) ;
#3548 = LINE ( 'NONE', #2557, #2108 ) ;
#3549 = VECTOR ( 'NONE', #2015, 1000.000000000000000 ) ;
#3550 = VERTEX_POINT ( 'NONE', #274 ) ;
#3551 = ORIENTED_EDGE ( 'NONE', *, *, #1651, .F. ) ;
#3552 = ADVANCED_FACE ( 'NONE', ( #1605 ), #4989, .F. ) ;
#3553 = LINE ( 'NONE', #1194, #5257 ) ;
#3554 = FACE_OUTER_BOUND ( 'NONE', #4593, .T. ) ;
#3555 = CARTESIAN_POINT ( 'NONE',  ( -599.9999999999984084, -3650.000000000001364, 4.000000000000000000 ) ) ;
#3556 = LINE ( 'NONE', #706, #5677 ) ;
#3557 = VERTEX_POINT ( 'NONE', #3957 ) ;
#3558 = CARTESIAN_POINT ( 'NONE',  ( -1000.000000000000455, 1000.000000000000000, 903.9999999999998863 ) ) ;
#3559 = EDGE_CURVE ( 'NONE', #2706, #651, #709, .T. ) ;
#3560 = CARTESIAN_POINT ( 'NONE',  ( -1499.999999999999773, 2950.000000000000000, 604.0000000000000000 ) ) ;
#3561 = EDGE_CURVE ( 'NONE', #4200, #4954, #3060, .T. ) ;
#3562 = ORIENTED_EDGE ( 'NONE', *, *, #3362, .T. ) ;
#3563 = DIRECTION ( 'NONE',  ( 1.000000000000000000, 0.000000000000000000, 0.000000000000000000 ) ) ;
#3564 = ORIENTED_EDGE ( 'NONE', *, *, #4094, .F. ) ;
#3565 = AXIS2_PLACEMENT_3D ( 'NONE', #1484, #1545, #4804 ) ;
#3566 = DIRECTION ( 'NONE',  ( 0.000000000000000000, 1.000000000000000000, 0.000000000000000000 ) ) ;
#3567 = DIRECTION ( 'NONE',  ( -0.000000000000000000, -0.000000000000000000, -1.000000000000000000 ) ) ;
#3568 = LINE ( 'NONE', #5917, #621 ) ;
#3569 = CARTESIAN_POINT ( 'NONE',  ( -249.9999999999998295, -2450.000000000000000, 604.0000000000000000 ) ) ;
#3570 = VECTOR ( 'NONE', #2457, 1000.000000000000000 ) ;
#3571 = VECTOR ( 'NONE', #4281, 1000.000000000000000 ) ;
#3572 = EDGE_LOOP ( 'NONE', ( #2435, #3330, #1974, #3605 ) ) ;
#3573 = CARTESIAN_POINT ( 'NONE',  ( 2450.000000000000000, -2950.000000000000000, 604.0000000000000000 ) ) ;
#3574 = VERTEX_POINT ( 'NONE', #5850 ) ;
#3575 = VECTOR ( 'NONE', #3811, 1000.000000000000000 ) ;
#3576 = CARTESIAN_POINT ( 'NONE',  ( 3000.000000000000000, -800.0000000000002274, 652.0000000000000000 ) ) ;
#3577 = ADVANCED_FACE ( 'NONE', ( #4052 ), #2159, .F. ) ;
#3578 = VECTOR ( 'NONE', #2555, 1000.000000000000000 ) ;
#3579 = CARTESIAN_POINT ( 'NONE',  ( 500.0000000000000000, 2200.000000000000000, 603.0000000000000000 ) ) ;
#3580 = LINE ( 'NONE', #4511, #6118 ) ;
#3581 = LINE ( 'NONE', #2211, #1112 ) ;
#3582 = EDGE_CURVE ( 'NONE', #5006, #5894, #2037, .T. ) ;
#3583 = EDGE_LOOP ( 'NONE', ( #1258, #1811, #319, #4549 ) ) ;
#3584 = VERTEX_POINT ( 'NONE', #1205 ) ;
#3585 = LINE ( 'NONE', #4573, #2798 ) ;
#3586 = VECTOR ( 'NONE', #3389, 1000.000000000000000 ) ;
#3587 = DIRECTION ( 'NONE',  ( 0.000000000000000000, 0.9856222548132665962, -0.1689638151108456554 ) ) ;
#3588 = EDGE_CURVE ( 'NONE', #3220, #890, #3498, .T. ) ;
#3589 = DIRECTION ( 'NONE',  ( -0.000000000000000000, -0.000000000000000000, -1.000000000000000000 ) ) ;
#3590 = CARTESIAN_POINT ( 'NONE',  ( 2950.000000000000000, 2450.000000000000000, 604.0000000000000000 ) ) ;
#3591 = EDGE_CURVE ( 'NONE', #3640, #5078, #182, .T. ) ;
#3592 = VECTOR ( 'NONE', #3535, 1000.000000000000000 ) ;
#3593 = VERTEX_POINT ( 'NONE', #677 ) ;
#3594 = CARTESIAN_POINT ( 'NONE',  ( -5500.000000000000909, -5500.000000000000000, 4.000000000000000000 ) ) ;
#3595 = CARTESIAN_POINT ( 'NONE',  ( -2450.000000000000000, -2950.000000000000000, 604.0000000000000000 ) ) ;
#3596 = EDGE_LOOP ( 'NONE', ( #5130, #1267, #2468, #2331, #4703, #1133, #1639, #2663, #1166, #4915, #4951, #848, #1309, #1175 ) ) ;
#3597 = FACE_OUTER_BOUND ( 'NONE', #1789, .T. ) ;
#3598 = ORIENTED_EDGE ( 'NONE', *, *, #1983, .T. ) ;
#3599 = VECTOR ( 'NONE', #6103, 1000.000000000000000 ) ;
#3600 = PLANE ( 'NONE',  #6020 ) ;
#3601 = EDGE_CURVE ( 'NONE', #3123, #4383, #5253, .T. ) ;
#3602 = CARTESIAN_POINT ( 'NONE',  ( -5500.000000000000909, 5500.000000000000000, 4.000000000000000000 ) ) ;
#3603 = DIRECTION ( 'NONE',  ( 0.000000000000000000, -1.000000000000000000, 0.000000000000000000 ) ) ;
#3604 = DIRECTION ( 'NONE',  ( -1.000000000000000000, 0.000000000000000000, 0.000000000000000000 ) ) ;
#3605 = ORIENTED_EDGE ( 'NONE', *, *, #77, .T. ) ;
#3606 = DIRECTION ( 'NONE',  ( 1.040834085586084133E-16, -1.000000000000000000, 0.000000000000000000 ) ) ;
#3607 = VERTEX_POINT ( 'NONE', #3926 ) ;
#3608 = LINE ( 'NONE', #3667, #403 ) ;
#3609 = CARTESIAN_POINT ( 'NONE',  ( -24.99999999999977263, 3750.000000000002728, 52.00000000000000711 ) ) ;
#3610 = CARTESIAN_POINT ( 'NONE',  ( -500.0000000000006821, 4750.000000000002728, 4.000000000000000000 ) ) ;
#3611 = EDGE_LOOP ( 'NONE', ( #3450, #2924, #3085, #2439 ) ) ;
#3612 = ORIENTED_EDGE ( 'NONE', *, *, #794, .T. ) ;
#3613 = DIRECTION ( 'NONE',  ( 0.000000000000000000, -1.000000000000000000, 0.000000000000000000 ) ) ;
#3614 = DIRECTION ( 'NONE',  ( -1.000000000000000000, 0.000000000000000000, -0.000000000000000000 ) ) ;
#3615 = CARTESIAN_POINT ( 'NONE',  ( 134.9999999999994031, 4250.000000000002728, 502.0000000000000000 ) ) ;
#3616 = VERTEX_POINT ( 'NONE', #213 ) ;
#3617 = VERTEX_POINT ( 'NONE', #5416 ) ;
#3618 = ADVANCED_FACE ( 'NONE', ( #1167 ), #4952, .F. ) ;
#3619 = FACE_OUTER_BOUND ( 'NONE', #3402, .T. ) ;
#3620 = EDGE_LOOP ( 'NONE', ( #1777, #4644, #5288, #657 ) ) ;
#3621 = ADVANCED_FACE ( 'NONE', ( #1573 ), #4919, .F. ) ;
#3622 = CARTESIAN_POINT ( 'NONE',  ( 2950.000000000000000, 2450.000000000000000, 604.0000000000000000 ) ) ;
#3623 = ADVANCED_FACE ( 'NONE', ( #5480 ), #3191, .F. ) ;
#3624 = ORIENTED_EDGE ( 'NONE', *, *, #1271, .T. ) ;
#3625 = LINE ( 'NONE', #5979, #277 ) ;
#3626 = CARTESIAN_POINT ( 'NONE',  ( 5499.999999999999091, 4500.000000000000000, 4.000000000000000000 ) ) ;
#3627 = ORIENTED_EDGE ( 'NONE', *, *, #5822, .F. ) ;
#3628 = CARTESIAN_POINT ( 'NONE',  ( 25.00000000000046541, -4850.000000000000909, 52.00000000000000711 ) ) ;
#3629 = EDGE_CURVE ( 'NONE', #369, #1850, #1233, .T. ) ;
#3630 = CARTESIAN_POINT ( 'NONE',  ( -2950.000000000000000, 2950.000000000000000, 652.0000000000000000 ) ) ;
#3631 = DIRECTION ( 'NONE',  ( 1.000000000000000000, 0.000000000000000000, 0.000000000000000000 ) ) ;
#3632 = DIRECTION ( 'NONE',  ( -0.000000000000000000, -0.000000000000000000, -1.000000000000000000 ) ) ;
#3633 = ORIENTED_EDGE ( 'NONE', *, *, #5868, .T. ) ;
#3634 = CARTESIAN_POINT ( 'NONE',  ( 1800.000000000001364, 500.0000000000004547, 752.0000000000000000 ) ) ;
#3635 = EDGE_CURVE ( 'NONE', #4491, #4722, #5539, .T. ) ;
#3636 = CARTESIAN_POINT ( 'NONE',  ( -25.00000000000015987, 4750.000000000002728, 52.00000000000000711 ) ) ;
#3637 = AXIS2_PLACEMENT_3D ( 'NONE', #4277, #2937, #4332 ) ;
#3638 = CARTESIAN_POINT ( 'NONE',  ( -1500.000000000000909, -500.0000000000000000, 602.0000000000000000 ) ) ;
#3639 = ORIENTED_EDGE ( 'NONE', *, *, #1006, .F. ) ;
#3640 = VERTEX_POINT ( 'NONE', #1787 ) ;
#3641 = ORIENTED_EDGE ( 'NONE', *, *, #4942, .T. ) ;
#3642 = VECTOR ( 'NONE', #555, 1000.000000000000000 ) ;
#3643 = VECTOR ( 'NONE', #4416, 1000.000000000000000 ) ;
#3644 = DIRECTION ( 'NONE',  ( 0.000000000000000000, 0.000000000000000000, -1.000000000000000000 ) ) ;
#3645 = PLANE ( 'NONE',  #2187 ) ;
#3646 = VECTOR ( 'NONE', #188, 1000.000000000000000 ) ;
#3647 = LINE ( 'NONE', #764, #2757 ) ;
#3648 = VERTEX_POINT ( 'NONE', #1261 ) ;
#3649 = ORIENTED_EDGE ( 'NONE', *, *, #2109, .T. ) ;
#3650 = CARTESIAN_POINT ( 'NONE',  ( -3000.000000000000000, -2100.000000000000455, 451.9999999999995453 ) ) ;
#3651 = ORIENTED_EDGE ( 'NONE', *, *, #1531, .T. ) ;
#3652 = PLANE ( 'NONE',  #2578 ) ;
#3653 = EDGE_CURVE ( 'NONE', #5121, #5282, #2320, .T. ) ;
#3654 = ORIENTED_EDGE ( 'NONE', *, *, #17, .T. ) ;
#3655 = CARTESIAN_POINT ( 'NONE',  ( -2950.000000000000000, -1800.000000000000227, 602.0000000000000000 ) ) ;
#3656 = DIRECTION ( 'NONE',  ( -1.000000000000000000, -8.881784197001244435E-16, 0.000000000000000000 ) ) ;
#3657 = VERTEX_POINT ( 'NONE', #3221 ) ;
#3658 = EDGE_CURVE ( 'NONE', #2383, #3308, #503, .T. ) ;
#3659 = DIRECTION ( 'NONE',  ( 0.000000000000000000, 1.000000000000000000, -0.000000000000000000 ) ) ;
#3660 = CARTESIAN_POINT ( 'NONE',  ( 3000.000000000000000, -2700.000000000000000, 2.000000000000000000 ) ) ;
#3661 = LINE ( 'NONE', #1709, #5647 ) ;
#3662 = EDGE_LOOP ( 'NONE', ( #2106, #488, #5383, #5577 ) ) ;
#3663 = EDGE_CURVE ( 'NONE', #5192, #5099, #3126, .T. ) ;
#3664 = ORIENTED_EDGE ( 'NONE', *, *, #1080, .F. ) ;
#3665 = CARTESIAN_POINT ( 'NONE',  ( 2950.000000000000000, -2450.000000000000000, 604.0000000000000000 ) ) ;
#3666 = VECTOR ( 'NONE', #1878, 1000.000000000000000 ) ;
#3667 = CARTESIAN_POINT ( 'NONE',  ( -499.9999999999999432, -2200.000000000000000, 603.0000000000000000 ) ) ;
#3668 = AXIS2_PLACEMENT_3D ( 'NONE', #1075, #4023, #2965 ) ;
#3669 = CARTESIAN_POINT ( 'NONE',  ( -4000.000000000000000, -1800.000000000000227, 452.0000000000001705 ) ) ;
#3670 = ORIENTED_EDGE ( 'NONE', *, *, #2334, .F. ) ;
#3671 = PLANE ( 'NONE',  #4086 ) ;
#3672 = VECTOR ( 'NONE', #3138, 1000.000000000000000 ) ;
#3673 = ORIENTED_EDGE ( 'NONE', *, *, #5063, .T. ) ;
#3674 = AXIS2_PLACEMENT_3D ( 'NONE', #4850, #1628, #3521 ) ;
#3675 = VERTEX_POINT ( 'NONE', #3685 ) ;
#3676 = FACE_OUTER_BOUND ( 'NONE', #5228, .T. ) ;
#3677 = EDGE_CURVE ( 'NONE', #5784, #1359, #2692, .T. ) ;
#3678 = VECTOR ( 'NONE', #4567, 1000.000000000000000 ) ;
#3679 = CARTESIAN_POINT ( 'NONE',  ( 25.00000000000021672, 3000.000000000000000, 52.00000000000000711 ) ) ;
#3680 = CARTESIAN_POINT ( 'NONE',  ( 4000.000000000000000, -2700.000000000000000, 151.9999999999999432 ) ) ;
#3681 = ORIENTED_EDGE ( 'NONE', *, *, #631, .T. ) ;
#3682 = ORIENTED_EDGE ( 'NONE', *, *, #5848, .F. ) ;
#3683 = VECTOR ( 'NONE', #5984, 1000.000000000000000 ) ;
#3684 = VECTOR ( 'NONE', #4854, 1000.000000000000000 ) ;
#3685 = CARTESIAN_POINT ( 'NONE',  ( 24.99999999999997868, 2200.000000000000000, 652.0000000000000000 ) ) ;
#3686 = VERTEX_POINT ( 'NONE', #4548 ) ;
#3687 = FACE_OUTER_BOUND ( 'NONE', #1769, .T. ) ;
#3688 = EDGE_LOOP ( 'NONE', ( #1724, #1203, #1596, #1444, #3421, #768, #5622, #2163, #3350, #4110 ) ) ;
#3689 = VECTOR ( 'NONE', #5278, 1000.000000000000000 ) ;
#3690 = FACE_OUTER_BOUND ( 'NONE', #850, .T. ) ;
#3691 = FACE_OUTER_BOUND ( 'NONE', #3976, .T. ) ;
#3692 = ORIENTED_EDGE ( 'NONE', *, *, #166, .F. ) ;
#3693 = CARTESIAN_POINT ( 'NONE',  ( -5600.000000000000909, -5600.000000000000000, 100.0000000000000000 ) ) ;
#3694 = CARTESIAN_POINT ( 'NONE',  ( 1499.999999999999545, -1500.000000000000000, 602.0000000000000000 ) ) ;
#3695 = CARTESIAN_POINT ( 'NONE',  ( -3000.000000000000000, -2700.000000000000000, 2.000000000000000000 ) ) ;
#3696 = ORIENTED_EDGE ( 'NONE', *, *, #2677, .T. ) ;
#3697 = EDGE_LOOP ( 'NONE', ( #4381, #5832, #843, #3336 ) ) ;
#3698 = LINE ( 'NONE', #4223, #4135 ) ;
#3699 = ADVANCED_FACE ( 'NONE', ( #5013 ), #4579, .T. ) ;
#3700 = CARTESIAN_POINT ( 'NONE',  ( 25.00000000000003553, -2200.000000000000000, 603.0000000000000000 ) ) ;
#3701 = EDGE_CURVE ( 'NONE', #3640, #5601, #2284, .T. ) ;
#3702 = ADVANCED_FACE ( 'NONE', ( #3619 ), #2250, .F. ) ;
#3703 = DIRECTION ( 'NONE',  ( -1.000000000000000000, -0.000000000000000000, -0.000000000000000000 ) ) ;
#3704 = ORIENTED_EDGE ( 'NONE', *, *, #4017, .F. ) ;
#3705 = VERTEX_POINT ( 'NONE', #3594 ) ;
#3706 = ORIENTED_EDGE ( 'NONE', *, *, #5851, .T. ) ;
#3707 = PLANE ( 'NONE',  #4474 ) ;
#3708 = CARTESIAN_POINT ( 'NONE',  ( 3499.999999999999091, 4499.999999999999091, 4.000000000000000000 ) ) ;
#3709 = ORIENTED_EDGE ( 'NONE', *, *, #3519, .T. ) ;
#3710 = ORIENTED_EDGE ( 'NONE', *, *, #3133, .F. ) ;
#3711 = CARTESIAN_POINT ( 'NONE',  ( 0.000000000000000000, 0.000000000000000000, 1601.999999999999773 ) ) ;
#3712 = ORIENTED_EDGE ( 'NONE', *, *, #662, .T. ) ;
#3713 = DIRECTION ( 'NONE',  ( 0.000000000000000000, 0.9856222548132665962, -0.1689638151108456554 ) ) ;
#3714 = EDGE_CURVE ( 'NONE', #3111, #2533, #6069, .T. ) ;
#3715 = ORIENTED_EDGE ( 'NONE', *, *, #3088, .F. ) ;
#3716 = CARTESIAN_POINT ( 'NONE',  ( 0.000000000000000000, 0.000000000000000000, 604.0000000000000000 ) ) ;
#3717 = LINE ( 'NONE', #4148, #531 ) ;
#3718 = ORIENTED_EDGE ( 'NONE', *, *, #5528, .F. ) ;
#3719 = CARTESIAN_POINT ( 'NONE',  ( 2450.000000000000000, 2450.000000000000000, 604.0000000000000000 ) ) ;
#3720 = DIRECTION ( 'NONE',  ( -0.000000000000000000, -0.000000000000000000, -1.000000000000000000 ) ) ;
#3721 = DIRECTION ( 'NONE',  ( -8.326672684688678984E-16, 1.000000000000000000, -0.000000000000000000 ) ) ;
#3722 = VERTEX_POINT ( 'NONE', #2658 ) ;
#3723 = ORIENTED_EDGE ( 'NONE', *, *, #1641, .T. ) ;
#3724 = CARTESIAN_POINT ( 'NONE',  ( -3000.000000000000000, -2400.000000000000455, 152.0000000000001421 ) ) ;
#3725 = LINE ( 'NONE', #507, #4959 ) ;
#3726 = FACE_OUTER_BOUND ( 'NONE', #4329, .T. ) ;
#3727 = ADVANCED_FACE ( 'NONE', ( #860 ), #2752, .T. ) ;
#3728 = EDGE_LOOP ( 'NONE', ( #1475, #5432, #1348, #2849 ) ) ;
#3729 = LINE ( 'NONE', #4201, #5771 ) ;
#3730 = ORIENTED_EDGE ( 'NONE', *, *, #5630, .F. ) ;
#3731 = ORIENTED_EDGE ( 'NONE', *, *, #5682, .F. ) ;
#3732 = EDGE_CURVE ( 'NONE', #5417, #4487, #2676, .T. ) ;
#3733 = DIRECTION ( 'NONE',  ( 1.000000000000000000, -0.000000000000000000, -0.000000000000000000 ) ) ;
#3734 = DIRECTION ( 'NONE',  ( 0.000000000000000000, -1.000000000000000000, 0.000000000000000000 ) ) ;
#3735 = ORIENTED_EDGE ( 'NONE', *, *, #2482, .T. ) ;
#3736 = EDGE_CURVE ( 'NONE', #2872, #1631, #5603, .T. ) ;
#3737 = AXIS2_PLACEMENT_3D ( 'NONE', #1514, #464, #954 ) ;
#3738 = VERTEX_POINT ( 'NONE', #2222 ) ;
#3739 = DIRECTION ( 'NONE',  ( -1.000000000000000000, 0.000000000000000000, 0.000000000000000000 ) ) ;
#3740 = ORIENTED_EDGE ( 'NONE', *, *, #3510, .F. ) ;
#3741 = CARTESIAN_POINT ( 'NONE',  ( -5.551115123125782702E-13, 4250.000000000002728, 502.0000000000000000 ) ) ;
#3742 = VECTOR ( 'NONE', #2616, 1000.000000000000000 ) ;
#3743 = PLANE ( 'NONE',  #872 ) ;
#3744 = ORIENTED_EDGE ( 'NONE', *, *, #1389, .T. ) ;
#3745 = CARTESIAN_POINT ( 'NONE',  ( -24.99999999999996803, -2200.000000000000000, 652.0000000000000000 ) ) ;
#3746 = LINE ( 'NONE', #5639, #1118 ) ;
#3747 = ORIENTED_EDGE ( 'NONE', *, *, #2490, .F. ) ;
#3748 = EDGE_CURVE ( 'NONE', #5094, #960, #4674, .T. ) ;
#3749 = LINE ( 'NONE', #1273, #1091 ) ;
#3750 = DIRECTION ( 'NONE',  ( -0.000000000000000000, -0.000000000000000000, -1.000000000000000000 ) ) ;
#3751 = EDGE_CURVE ( 'NONE', #4169, #3530, #1726, .T. ) ;
#3752 = LINE ( 'NONE', #3320, #5752 ) ;
#3753 = EDGE_LOOP ( 'NONE', ( #1282, #5408, #524, #1821 ) ) ;
#3754 = DIRECTION ( 'NONE',  ( 0.000000000000000000, -0.000000000000000000, -1.000000000000000000 ) ) ;
#3755 = LINE ( 'NONE', #1494, #3072 ) ;
#3756 = LINE ( 'NONE', #5453, #5458 ) ;
#3757 = EDGE_LOOP ( 'NONE', ( #2744, #3518, #2643, #1832 ) ) ;
#3758 = EDGE_LOOP ( 'NONE', ( #5047, #611, #4827, #2514, #2750, #3712 ) ) ;
#3759 = ORIENTED_EDGE ( 'NONE', *, *, #5020, .T. ) ;
#3760 = VECTOR ( 'NONE', #2322, 1000.000000000000000 ) ;
#3761 = EDGE_CURVE ( 'NONE', #1877, #4244, #5262, .T. ) ;
#3762 = PLANE ( 'NONE',  #3481 ) ;
#3763 = VECTOR ( 'NONE', #5490, 1000.000000000000000 ) ;
#3764 = AXIS2_PLACEMENT_3D ( 'NONE', #245, #2131, #3994 ) ;
#3765 = FACE_OUTER_BOUND ( 'NONE', #5906, .T. ) ;
#3766 = PLANE ( 'NONE',  #2729 ) ;
#3767 = ORIENTED_EDGE ( 'NONE', *, *, #3109, .F. ) ;
#3768 = DIRECTION ( 'NONE',  ( 1.000000000000000000, 0.000000000000000000, -0.000000000000000000 ) ) ;
#3769 = ADVANCED_FACE ( 'NONE', ( #84 ), #552, .T. ) ;
#3770 = VECTOR ( 'NONE', #3721, 1000.000000000000000 ) ;
#3771 = VERTEX_POINT ( 'NONE', #3277 ) ;
#3772 = DIRECTION ( 'NONE',  ( -0.000000000000000000, -0.000000000000000000, -1.000000000000000000 ) ) ;
#3773 = EDGE_CURVE ( 'NONE', #1901, #4293, #1911, .T. ) ;
#3774 = CARTESIAN_POINT ( 'NONE',  ( -24.99999999999996803, -2200.000000000000000, 652.0000000000000000 ) ) ;
#3775 = EDGE_CURVE ( 'NONE', #2864, #1853, #5632, .T. ) ;
#3776 = ORIENTED_EDGE ( 'NONE', *, *, #4153, .F. ) ;
#3777 = CARTESIAN_POINT ( 'NONE',  ( 500.0000000000000000, -2200.000000000000000, 603.0000000000000000 ) ) ;
#3778 = DIRECTION ( 'NONE',  ( -1.000000000000000000, -0.000000000000000000, -0.000000000000000000 ) ) ;
#3779 = VECTOR ( 'NONE', #234, 1000.000000000000000 ) ;
#3780 = EDGE_LOOP ( 'NONE', ( #4855, #3520, #3373, #33, #790, #1522, #4546, #4577, #4913, #4785 ) ) ;
#3781 = LINE ( 'NONE', #1049, #1889 ) ;
#3782 = DIRECTION ( 'NONE',  ( 0.000000000000000000, 0.000000000000000000, -1.000000000000000000 ) ) ;
#3783 = CARTESIAN_POINT ( 'NONE',  ( -249.9999999999998295, -2450.000000000000000, 604.0000000000000000 ) ) ;
#3784 = VECTOR ( 'NONE', #1055, 1000.000000000000000 ) ;
#3785 = ORIENTED_EDGE ( 'NONE', *, *, #2025, .F. ) ;
#3786 = EDGE_CURVE ( 'NONE', #15, #65, #4793, .T. ) ;
#3787 = DIRECTION ( 'NONE',  ( 0.000000000000000000, -0.000000000000000000, -1.000000000000000000 ) ) ;
#3788 = CARTESIAN_POINT ( 'NONE',  ( 600.0000000000009095, -3650.000000000001364, 2.000000000000000000 ) ) ;
#3789 = VECTOR ( 'NONE', #865, 1000.000000000000000 ) ;
#3790 = PLANE ( 'NONE',  #2680 ) ;
#3791 = CARTESIAN_POINT ( 'NONE',  ( -4000.000000000000000, -2400.000000000000455, 301.9999999999999432 ) ) ;
#3792 = ORIENTED_EDGE ( 'NONE', *, *, #975, .F. ) ;
#3793 = EDGE_LOOP ( 'NONE', ( #3883, #3986, #4015, #2960 ) ) ;
#3794 = VERTEX_POINT ( 'NONE', #5198 ) ;
#3795 = VECTOR ( 'NONE', #5791, 1000.000000000000000 ) ;
#3796 = LINE ( 'NONE', #2777, #4971 ) ;
#3797 = CARTESIAN_POINT ( 'NONE',  ( -24.99999999999977263, 3000.000000000000000, 52.00000000000000711 ) ) ;
#3798 = LINE ( 'NONE', #5657, #5246 ) ;
#3799 = ORIENTED_EDGE ( 'NONE', *, *, #2490, .T. ) ;
#3800 = CARTESIAN_POINT ( 'NONE',  ( -599.9999999999984084, -3650.000000000001364, 2.000000000000000000 ) ) ;
#3801 = ORIENTED_EDGE ( 'NONE', *, *, #1367, .T. ) ;
#3802 = DIRECTION ( 'NONE',  ( -1.000000000000000000, -4.440892098500626162E-16, 0.000000000000000000 ) ) ;
#3803 = ORIENTED_EDGE ( 'NONE', *, *, #2482, .F. ) ;
#3804 = LINE ( 'NONE', #89, #5023 ) ;
#3805 = FACE_OUTER_BOUND ( 'NONE', #5998, .T. ) ;
#3806 = EDGE_CURVE ( 'NONE', #4979, #5607, #4238, .T. ) ;
#3807 = ORIENTED_EDGE ( 'NONE', *, *, #2417, .F. ) ;
#3808 = CARTESIAN_POINT ( 'NONE',  ( -499.9999999999999432, -2200.000000000000000, 603.0000000000000000 ) ) ;
#3809 = EDGE_CURVE ( 'NONE', #5601, #2720, #1510, .T. ) ;
#3810 = CARTESIAN_POINT ( 'NONE',  ( 250.0000000000002274, -2950.000000000000000, 604.0000000000000000 ) ) ;
#3811 = DIRECTION ( 'NONE',  ( -0.000000000000000000, -0.000000000000000000, -1.000000000000000000 ) ) ;
#3812 = VERTEX_POINT ( 'NONE', #4328 ) ;
#3813 = EDGE_CURVE ( 'NONE', #882, #3812, #1938, .T. ) ;
#3814 = FACE_OUTER_BOUND ( 'NONE', #6057, .T. ) ;
#3815 = LINE ( 'NONE', #4316, #5168 ) ;
#3816 = FACE_OUTER_BOUND ( 'NONE', #5863, .T. ) ;
#3817 = CARTESIAN_POINT ( 'NONE',  ( -249.9999999999998863, 2950.000000000000000, 604.0000000000000000 ) ) ;
#3818 = ORIENTED_EDGE ( 'NONE', *, *, #1006, .T. ) ;
#3819 = VERTEX_POINT ( 'NONE', #1015 ) ;
#3820 = DIRECTION ( 'NONE',  ( 0.000000000000000000, -1.000000000000000000, 0.000000000000000000 ) ) ;
#3821 = VERTEX_POINT ( 'NONE', #2469 ) ;
#3822 = EDGE_CURVE ( 'NONE', #2693, #1717, #2347, .T. ) ;
#3823 = CARTESIAN_POINT ( 'NONE',  ( -24.99999999999998224, -3650.000000000001364, 52.00000000000000711 ) ) ;
#3824 = FACE_OUTER_BOUND ( 'NONE', #5093, .T. ) ;
#3825 = CARTESIAN_POINT ( 'NONE',  ( 2200.000000000000000, 2950.000000000000000, 604.0000000000000000 ) ) ;
#3826 = ORIENTED_EDGE ( 'NONE', *, *, #1042, .F. ) ;
#3827 = FACE_OUTER_BOUND ( 'NONE', #1045, .T. ) ;
#3828 = ORIENTED_EDGE ( 'NONE', *, *, #227, .T. ) ;
#3829 = FACE_OUTER_BOUND ( 'NONE', #556, .T. ) ;
#3830 = VERTEX_POINT ( 'NONE', #980 ) ;
#3831 = CARTESIAN_POINT ( 'NONE',  ( 3999.999999999999091, -5500.000000000000000, 4.000000000000000000 ) ) ;
#3832 = CARTESIAN_POINT ( 'NONE',  ( -5500.000000000000909, -5500.000000000000000, 2.000000000000000000 ) ) ;
#3833 = VECTOR ( 'NONE', #5386, 1000.000000000000000 ) ;
#3834 = ORIENTED_EDGE ( 'NONE', *, *, #4304, .T. ) ;
#3835 = CARTESIAN_POINT ( 'NONE',  ( -5500.000000000000909, -5500.000000000000000, 100.0000000000000000 ) ) ;
#3836 = AXIS2_PLACEMENT_3D ( 'NONE', #5723, #1043, #1017 ) ;
#3837 = AXIS2_PLACEMENT_3D ( 'NONE', #5010, #4140, #2719 ) ;
#3838 = LINE ( 'NONE', #1024, #5667 ) ;
#3839 = ADVANCED_FACE ( 'NONE', ( #2377, #3309 ), #3859, .F. ) ;
#3840 = CARTESIAN_POINT ( 'NONE',  ( 0.000000000000000000, 0.000000000000000000, 901.9999999999998863 ) ) ;
#3841 = ORIENTED_EDGE ( 'NONE', *, *, #3635, .T. ) ;
#3842 = EDGE_CURVE ( 'NONE', #5724, #2722, #4359, .T. ) ;
#3843 = VECTOR ( 'NONE', #3566, 1000.000000000000000 ) ;
#3844 = PLANE ( 'NONE',  #1470 ) ;
#3845 = PLANE ( 'NONE',  #1208 ) ;
#3846 = DIRECTION ( 'NONE',  ( -0.000000000000000000, -0.000000000000000000, -1.000000000000000000 ) ) ;
#3847 = DIRECTION ( 'NONE',  ( 0.000000000000000000, 1.000000000000000000, 0.000000000000000000 ) ) ;
#3848 = EDGE_CURVE ( 'NONE', #5116, #2533, #1849, .T. ) ;
#3849 = EDGE_CURVE ( 'NONE', #2496, #3302, #1384, .T. ) ;
#3850 = ORIENTED_EDGE ( 'NONE', *, *, #1402, .F. ) ;
#3851 = PLANE ( 'NONE',  #4927 ) ;
#3852 = ORIENTED_EDGE ( 'NONE', *, *, #3462, .T. ) ;
#3853 = DIRECTION ( 'NONE',  ( -1.000000000000000000, -0.000000000000000000, -0.000000000000000000 ) ) ;
#3854 = CARTESIAN_POINT ( 'NONE',  ( 25.00000000000021672, 3750.000000000002728, 52.00000000000000711 ) ) ;
#3855 = VERTEX_POINT ( 'NONE', #2814 ) ;
#3856 = AXIS2_PLACEMENT_3D ( 'NONE', #491, #3944, #5833 ) ;
#3857 = EDGE_CURVE ( 'NONE', #2864, #4320, #4702, .T. ) ;
#3858 = EDGE_LOOP ( 'NONE', ( #5276, #3086, #2523, #861 ) ) ;
#3859 = PLANE ( 'NONE',  #3078 ) ;
#3860 = VERTEX_POINT ( 'NONE', #459 ) ;
#3861 = VECTOR ( 'NONE', #1436, 1000.000000000000000 ) ;
#3862 = VECTOR ( 'NONE', #1364, 1000.000000000000000 ) ;
#3863 = LINE ( 'NONE', #5755, #2458 ) ;
#3864 = ORIENTED_EDGE ( 'NONE', *, *, #25, .T. ) ;
#3865 = CARTESIAN_POINT ( 'NONE',  ( 5499.999999999999091, 5500.000000000000000, 100.0000000000000000 ) ) ;
#3866 = CARTESIAN_POINT ( 'NONE',  ( -499.9999999999999432, -2200.000000000000000, 603.0000000000000000 ) ) ;
#3867 = ORIENTED_EDGE ( 'NONE', *, *, #4041, .T. ) ;
#3868 = AXIS2_PLACEMENT_3D ( 'NONE', #95, #2424, #4894 ) ;
#3869 = VECTOR ( 'NONE', #4302, 1000.000000000000000 ) ;
#3870 = DIRECTION ( 'NONE',  ( 1.000000000000000000, 0.000000000000000000, 0.000000000000000000 ) ) ;
#3871 = CARTESIAN_POINT ( 'NONE',  ( -500.0000000000006821, 3750.000000000002728, 4.000000000000000000 ) ) ;
#3872 = LINE ( 'NONE', #5360, #1195 ) ;
#3873 = VECTOR ( 'NONE', #2308, 1000.000000000000000 ) ;
#3874 = AXIS2_PLACEMENT_3D ( 'NONE', #1368, #5150, #1923 ) ;
#3875 = EDGE_LOOP ( 'NONE', ( #5452, #5362, #5652, #3266 ) ) ;
#3876 = LINE ( 'NONE', #4287, #877 ) ;
#3877 = AXIS2_PLACEMENT_3D ( 'NONE', #852, #4105, #5995 ) ;
#3878 = PLANE ( 'NONE',  #4777 ) ;
#3879 = LINE ( 'NONE', #2076, #3784 ) ;
#3880 = CARTESIAN_POINT ( 'NONE',  ( -2200.000000000000000, 2950.000000000000000, 604.0000000000000000 ) ) ;
#3881 = AXIS2_PLACEMENT_3D ( 'NONE', #2201, #3631, #4122 ) ;
#3882 = EDGE_CURVE ( 'NONE', #3308, #2383, #4168, .T. ) ;
#3883 = ORIENTED_EDGE ( 'NONE', *, *, #3332, .F. ) ;
#3884 = CARTESIAN_POINT ( 'NONE',  ( -500.0000000000006821, 4750.000000000002728, 4.000000000000000000 ) ) ;
#3885 = EDGE_LOOP ( 'NONE', ( #3059, #5688, #3670, #4562, #5930, #5556, #1131, #4089, #1866, #2014, #156, #2899, #3682, #4175, #3192, #897, #1670, #162, #543, #5236, #5530, #6116, #4146, #3801 ) ) ;
#3886 = EDGE_CURVE ( 'NONE', #2792, #4349, #5690, .T. ) ;
#3887 = ADVANCED_FACE ( 'NONE', ( #3827 ), #5720, .F. ) ;
#3888 = CARTESIAN_POINT ( 'NONE',  ( 2999.900000000000091, -800.0000000000002274, 603.0000000000000000 ) ) ;
#3889 = CARTESIAN_POINT ( 'NONE',  ( -24.99999999999952394, -5500.000000000000000, 52.00000000000000711 ) ) ;
#3890 = DIRECTION ( 'NONE',  ( 0.000000000000000000, 0.000000000000000000, -1.000000000000000000 ) ) ;
#3891 = ORIENTED_EDGE ( 'NONE', *, *, #1921, .T. ) ;
#3892 = AXIS2_PLACEMENT_3D ( 'NONE', #2095, #4888, #5813 ) ;
#3893 = ORIENTED_EDGE ( 'NONE', *, *, #631, .F. ) ;
#3894 = PLANE ( 'NONE',  #4265 ) ;
#3895 = ORIENTED_EDGE ( 'NONE', *, *, #2271, .T. ) ;
#3896 = LINE ( 'NONE', #206, #2314 ) ;
#3897 = EDGE_LOOP ( 'NONE', ( #6034, #38, #4944, #2042 ) ) ;
#3898 = CARTESIAN_POINT ( 'NONE',  ( 5599.999999999999091, 5600.000000000000000, 100.0000000000000000 ) ) ;
#3899 = DIRECTION ( 'NONE',  ( 1.000000000000000000, 0.000000000000000000, 0.000000000000000000 ) ) ;
#3900 = LINE ( 'NONE', #2940, #1396 ) ;
#3901 = EDGE_CURVE ( 'NONE', #2092, #3860, #2085, .T. ) ;
#3902 = DIRECTION ( 'NONE',  ( -1.000000000000000000, -0.000000000000000000, -0.000000000000000000 ) ) ;
#3903 =( NAMED_UNIT ( * ) SI_UNIT ( $, .STERADIAN. ) SOLID_ANGLE_UNIT ( ) );
#3904 = ORIENTED_EDGE ( 'NONE', *, *, #4415, .T. ) ;
#3905 = LINE ( 'NONE', #1523, #2763 ) ;
#3906 = CARTESIAN_POINT ( 'NONE',  ( -2950.000000000000000, -2450.000000000000000, 604.0000000000000000 ) ) ;
#3907 = LINE ( 'NONE', #3938, #420 ) ;
#3908 = CARTESIAN_POINT ( 'NONE',  ( 3000.000000000000000, -800.0000000000002274, 602.0000000000000000 ) ) ;
#3909 = ORIENTED_EDGE ( 'NONE', *, *, #2931, .F. ) ;
#3910 = LINE ( 'NONE', #1528, #2755 ) ;
#3911 = ORIENTED_EDGE ( 'NONE', *, *, #5924, .F. ) ;
#3912 = PLANE ( 'NONE',  #4259 ) ;
#3913 = EDGE_CURVE ( 'NONE', #851, #4609, #1159, .T. ) ;
#3914 = CARTESIAN_POINT ( 'NONE',  ( 24.99999999999997868, 2200.000000000000000, 652.0000000000000000 ) ) ;
#3915 = DIRECTION ( 'NONE',  ( 0.000000000000000000, 1.000000000000000000, -0.000000000000000000 ) ) ;
#3916 = CARTESIAN_POINT ( 'NONE',  ( 4000.000000000000000, -1800.000000000000227, 602.0000000000000000 ) ) ;
#3917 = EDGE_CURVE ( 'NONE', #1745, #755, #2060, .T. ) ;
#3918 = ORIENTED_EDGE ( 'NONE', *, *, #3401, .T. ) ;
#3919 = DIRECTION ( 'NONE',  ( 0.000000000000000000, -1.000000000000000000, 0.000000000000000000 ) ) ;
#3920 = ORIENTED_EDGE ( 'NONE', *, *, #448, .F. ) ;
#3921 = DIRECTION ( 'NONE',  ( -0.000000000000000000, -0.000000000000000000, -1.000000000000000000 ) ) ;
#3922 = ORIENTED_EDGE ( 'NONE', *, *, #3290, .F. ) ;
#3923 = ADVANCED_FACE ( 'NONE', ( #2561 ), #5409, .F. ) ;
#3924 = LINE ( 'NONE', #1570, #4825 ) ;
#3925 = CARTESIAN_POINT ( 'NONE',  ( -249.9999999999998295, -2450.000000000000000, 604.0000000000000000 ) ) ;
#3926 = CARTESIAN_POINT ( 'NONE',  ( 250.0000000000002274, 2450.000000000000000, 603.0000000000000000 ) ) ;
#3927 = ORIENTED_EDGE ( 'NONE', *, *, #3413, .T. ) ;
#3928 = CARTESIAN_POINT ( 'NONE',  ( -1500.000000000000682, -1000.000000000000000, 903.9999999999998863 ) ) ;
#3929 = VECTOR ( 'NONE', #1884, 1000.000000000000000 ) ;
#3930 = ORIENTED_EDGE ( 'NONE', *, *, #2554, .T. ) ;
#3931 = CARTESIAN_POINT ( 'NONE',  ( -4000.000000000000000, 2699.999999999998181, 2.000000000000111910 ) ) ;
#3932 = EDGE_CURVE ( 'NONE', #372, #576, #1566, .T. ) ;
#3933 = AXIS2_PLACEMENT_3D ( 'NONE', #263, #5468, #2148 ) ;
#3934 = AXIS2_PLACEMENT_3D ( 'NONE', #1594, #3890, #2056 ) ;
#3935 = CARTESIAN_POINT ( 'NONE',  ( -2199.999999999999545, 2250.000000000000000, 604.0000000000000000 ) ) ;
#3936 = EDGE_CURVE ( 'NONE', #2533, #2743, #3087, .T. ) ;
#3937 = LINE ( 'NONE', #5797, #1310 ) ;
#3938 = CARTESIAN_POINT ( 'NONE',  ( -2950.000000000000000, -2950.000000000000000, 602.0000000000000000 ) ) ;
#3939 = DIRECTION ( 'NONE',  ( 1.000000000000000000, 0.000000000000000000, 0.000000000000000000 ) ) ;
#3940 = VECTOR ( 'NONE', #1311, 1000.000000000000000 ) ;
#3941 = ORIENTED_EDGE ( 'NONE', *, *, #3629, .T. ) ;
#3942 = CARTESIAN_POINT ( 'NONE',  ( 5499.999999999999091, -4800.000000000000000, 2.000000000000000000 ) ) ;
#3943 = ORIENTED_EDGE ( 'NONE', *, *, #135, .F. ) ;
#3944 = DIRECTION ( 'NONE',  ( -0.000000000000000000, -0.000000000000000000, 1.000000000000000000 ) ) ;
#3945 = CARTESIAN_POINT ( 'NONE',  ( -24.99999999999991118, -1500.000000000000000, 602.0000000000000000 ) ) ;
#3946 = DIRECTION ( 'NONE',  ( -1.000000000000000000, 0.000000000000000000, 0.000000000000000000 ) ) ;
#3947 = DIRECTION ( 'NONE',  ( -1.000000000000000000, -2.220446049250312095E-16, -0.000000000000000000 ) ) ;
#3948 = ORIENTED_EDGE ( 'NONE', *, *, #5398, .F. ) ;
#3949 = EDGE_CURVE ( 'NONE', #297, #1060, #3553, .T. ) ;
#3950 = DIRECTION ( 'NONE',  ( 1.000000000000000000, 0.000000000000000000, 0.000000000000000000 ) ) ;
#3951 = ORIENTED_EDGE ( 'NONE', *, *, #2181, .T. ) ;
#3952 = FACE_OUTER_BOUND ( 'NONE', #4142, .T. ) ;
#3953 = ORIENTED_EDGE ( 'NONE', *, *, #2334, .T. ) ;
#3954 = CARTESIAN_POINT ( 'NONE',  ( -5500.000000000000909, -5500.000000000000000, 2.000000000000000000 ) ) ;
#3955 = CARTESIAN_POINT ( 'NONE',  ( 600.0000000000009095, -3650.000000000001364, 4.000000000000000000 ) ) ;
#3956 = ADVANCED_FACE ( 'NONE', ( #1099 ), #3427, .F. ) ;
#3957 = CARTESIAN_POINT ( 'NONE',  ( 4699.999999999999091, -4800.000000000000000, 2.000000000000000000 ) ) ;
#3958 = CIRCLE ( 'NONE', #2966, 134.9999999999999432 ) ;
#3959 = ORIENTED_EDGE ( 'NONE', *, *, #1541, .T. ) ;
#3960 = ADVANCED_FACE ( 'NONE', ( #1597 ), #3894, .F. ) ;
#3961 = VECTOR ( 'NONE', #1975, 1000.000000000000000 ) ;
#3962 = CARTESIAN_POINT ( 'NONE',  ( -499.9999999999999432, -2200.000000000000000, 603.0000000000000000 ) ) ;
#3963 = EDGE_CURVE ( 'NONE', #644, #851, #1130, .T. ) ;
#3964 = DIRECTION ( 'NONE',  ( 1.000000000000000000, 0.000000000000000000, 0.000000000000000000 ) ) ;
#3965 = ORIENTED_EDGE ( 'NONE', *, *, #1689, .T. ) ;
#3966 = PLANE ( 'NONE',  #5950 ) ;
#3967 = VECTOR ( 'NONE', #5551, 1000.000000000000000 ) ;
#3968 = VECTOR ( 'NONE', #3919, 1000.000000000000000 ) ;
#3969 = CARTESIAN_POINT ( 'NONE',  ( 1499.999999999999773, 2950.000000000000000, 602.0000000000000000 ) ) ;
#3970 = CARTESIAN_POINT ( 'NONE',  ( -2200.000000000000000, 2950.000000000000000, 604.0000000000000000 ) ) ;
#3971 = AXIS2_PLACEMENT_3D ( 'NONE', #4660, #2804, #1865 ) ;
#3972 = DIRECTION ( 'NONE',  ( -0.000000000000000000, -0.000000000000000000, -1.000000000000000000 ) ) ;
#3973 = CARTESIAN_POINT ( 'NONE',  ( -1499.999999999999773, 2950.000000000000000, 604.0000000000000000 ) ) ;
#3974 = PRODUCT_DEFINITION_CONTEXT ( 'detailed design', #2405, 'design' ) ;
#3975 = EDGE_CURVE ( 'NONE', #5644, #366, #3987, .T. ) ;
#3976 = EDGE_LOOP ( 'NONE', ( #2967, #22, #5658, #2062 ) ) ;
#3977 = VECTOR ( 'NONE', #3333, 1000.000000000000000 ) ;
#3978 = FACE_OUTER_BOUND ( 'NONE', #1686, .T. ) ;
#3979 = ORIENTED_EDGE ( 'NONE', *, *, #855, .T. ) ;
#3980 = LINE ( 'NONE', #2118, #5934 ) ;
#3981 = AXIS2_PLACEMENT_3D ( 'NONE', #2717, #791, #4602 ) ;
#3982 = LINE ( 'NONE', #2499, #2983 ) ;
#3983 = CARTESIAN_POINT ( 'NONE',  ( 4000.000000000000000, -1800.000000000000227, 452.0000000000001705 ) ) ;
#3984 = LINE ( 'NONE', #5871, #467 ) ;
#3985 = ORIENTED_EDGE ( 'NONE', *, *, #1948, .F. ) ;
#3986 = ORIENTED_EDGE ( 'NONE', *, *, #4992, .F. ) ;
#3987 = LINE ( 'NONE', #118, #5554 ) ;
#3988 = CIRCLE ( 'NONE', #1220, 89.99999999999988631 ) ;
#3989 = PLANE ( 'NONE',  #3388 ) ;
#3990 = ORIENTED_EDGE ( 'NONE', *, *, #2103, .T. ) ;
#3991 = DIRECTION ( 'NONE',  ( 0.000000000000000000, 0.000000000000000000, -1.000000000000000000 ) ) ;
#3992 = CARTESIAN_POINT ( 'NONE',  ( -4000.000000000000909, -5500.000000000000000, 2.000000000000000000 ) ) ;
#3993 = ORIENTED_EDGE ( 'NONE', *, *, #1201, .T. ) ;
#3994 = DIRECTION ( 'NONE',  ( 0.000000000000000000, -0.000000000000000000, 1.000000000000000000 ) ) ;
#3995 = AXIS2_PLACEMENT_3D ( 'NONE', #3026, #4986, #5356 ) ;
#3996 = FACE_OUTER_BOUND ( 'NONE', #4701, .T. ) ;
#3997 = EDGE_CURVE ( 'NONE', #4258, #4763, #2001, .T. ) ;
#3998 = EDGE_LOOP ( 'NONE', ( #335, #1847, #815, #687 ) ) ;
#3999 = CARTESIAN_POINT ( 'NONE',  ( 4799.999999999999091, -5500.000000000000000, 4.000000000000000000 ) ) ;
#4000 = EDGE_CURVE ( 'NONE', #2005, #4144, #5382, .T. ) ;
#4001 = DIRECTION ( 'NONE',  ( -0.000000000000000000, -0.000000000000000000, -1.000000000000000000 ) ) ;
#4002 = CARTESIAN_POINT ( 'NONE',  ( -499.9999999999999432, -2950.000000000000000, 603.0000000000000000 ) ) ;
#4003 = DIRECTION ( 'NONE',  ( 1.000000000000000000, -0.000000000000000000, -0.000000000000000000 ) ) ;
#4004 = CARTESIAN_POINT ( 'NONE',  ( -24.99999999999952394, -4850.000000000000909, 52.00000000000000711 ) ) ;
#4005 = EDGE_CURVE ( 'NONE', #3076, #5319, #1068, .T. ) ;
#4006 = VERTEX_POINT ( 'NONE', #2994 ) ;
#4007 = LINE ( 'NONE', #1218, #2851 ) ;
#4008 = ORIENTED_EDGE ( 'NONE', *, *, #3323, .F. ) ;
#4009 = CARTESIAN_POINT ( 'NONE',  ( -24.99999999999952394, -4850.000000000000909, 52.00000000000000711 ) ) ;
#4010 = DIRECTION ( 'NONE',  ( -0.000000000000000000, -0.000000000000000000, -1.000000000000000000 ) ) ;
#4011 = DIRECTION ( 'NONE',  ( 0.000000000000000000, 1.000000000000000000, 0.000000000000000000 ) ) ;
#4012 = CARTESIAN_POINT ( 'NONE',  ( -500.0000000000006821, 4750.000000000002728, 2.000000000000000000 ) ) ;
#4013 = ADVANCED_FACE ( 'NONE', ( #4448 ), #5875, .F. ) ;
#4014 = ORIENTED_EDGE ( 'NONE', *, *, #5505, .F. ) ;
#4015 = ORIENTED_EDGE ( 'NONE', *, *, #5211, .T. ) ;
#4016 = DIRECTION ( 'NONE',  ( 0.000000000000000000, -0.000000000000000000, -1.000000000000000000 ) ) ;
#4017 = EDGE_CURVE ( 'NONE', #960, #3100, #610, .T. ) ;
#4018 = LINE ( 'NONE', #1568, #39 ) ;
#4019 = EDGE_LOOP ( 'NONE', ( #4403, #2475, #1819, #983 ) ) ;
#4020 = LINE ( 'NONE', #5323, #5519 ) ;
#4021 = DIRECTION ( 'NONE',  ( -0.000000000000000000, -0.000000000000000000, -1.000000000000000000 ) ) ;
#4022 = ORIENTED_EDGE ( 'NONE', *, *, #4319, .F. ) ;
#4023 = DIRECTION ( 'NONE',  ( 0.000000000000000000, 0.000000000000000000, -1.000000000000000000 ) ) ;
#4024 = PLANE ( 'NONE',  #5 ) ;
#4025 = ORIENTED_EDGE ( 'NONE', *, *, #327, .T. ) ;
#4026 = CARTESIAN_POINT ( 'NONE',  ( 0.000000000000000000, 0.000000000000000000, 604.0000000000000000 ) ) ;
#4027 = ORIENTED_EDGE ( 'NONE', *, *, #4690, .T. ) ;
#4028 = CARTESIAN_POINT ( 'NONE',  ( 2950.000000000000000, -800.0000000000002274, 602.0000000000000000 ) ) ;
#4029 = ADVANCED_FACE ( 'NONE', ( #5809 ), #4886, .F. ) ;
#4030 = PLANE ( 'NONE',  #3293 ) ;
#4031 = CARTESIAN_POINT ( 'NONE',  ( -3000.000000000000000, -800.0000000000002274, 652.0000000000000000 ) ) ;
#4032 = DIRECTION ( 'NONE',  ( -0.000000000000000000, -0.000000000000000000, -1.000000000000000000 ) ) ;
#4033 = EDGE_CURVE ( 'NONE', #3490, #136, #5074, .T. ) ;
#4034 = VECTOR ( 'NONE', #3524, 1000.000000000000000 ) ;
#4035 = ORIENTED_EDGE ( 'NONE', *, *, #5142, .F. ) ;
#4036 = DIRECTION ( 'NONE',  ( 0.000000000000000000, 0.000000000000000000, -1.000000000000000000 ) ) ;
#4037 = VERTEX_POINT ( 'NONE', #5966 ) ;
#4038 = VECTOR ( 'NONE', #2670, 1000.000000000000000 ) ;
#4039 = DIRECTION ( 'NONE',  ( -0.000000000000000000, -0.000000000000000000, -1.000000000000000000 ) ) ;
#4040 = EDGE_CURVE ( 'NONE', #2150, #3250, #1255, .T. ) ;
#4041 = EDGE_CURVE ( 'NONE', #5623, #1901, #268, .T. ) ;
#4042 = CARTESIAN_POINT ( 'NONE',  ( 1000.000000000000909, -999.9999999999997726, 901.9999999999998863 ) ) ;
#4043 = DIRECTION ( 'NONE',  ( -0.000000000000000000, -0.000000000000000000, -1.000000000000000000 ) ) ;
#4044 = DIRECTION ( 'NONE',  ( 1.000000000000000000, 0.000000000000000000, 0.000000000000000000 ) ) ;
#4045 = ORIENTED_EDGE ( 'NONE', *, *, #4762, .T. ) ;
#4046 = ORIENTED_EDGE ( 'NONE', *, *, #3169, .F. ) ;
#4047 = LINE ( 'NONE', #5932, #4574 ) ;
#4048 = LINE ( 'NONE', #1691, #2094 ) ;
#4049 = CARTESIAN_POINT ( 'NONE',  ( 5499.999999999999091, 5500.000000000000000, 4.000000000000000000 ) ) ;
#4050 = FACE_OUTER_BOUND ( 'NONE', #497, .T. ) ;
#4051 = VERTEX_POINT ( 'NONE', #5008 ) ;
#4052 = FACE_OUTER_BOUND ( 'NONE', #1173, .T. ) ;
#4053 = ORIENTED_EDGE ( 'NONE', *, *, #1474, .T. ) ;
#4054 = PLANE ( 'NONE',  #301 ) ;
#4055 = ORIENTED_EDGE ( 'NONE', *, *, #3917, .T. ) ;
#4056 = DIRECTION ( 'NONE',  ( -0.000000000000000000, 0.000000000000000000, 1.000000000000000000 ) ) ;
#4057 = EDGE_LOOP ( 'NONE', ( #1456, #2124, #971, #2995 ) ) ;
#4058 = VECTOR ( 'NONE', #5882, 1000.000000000000000 ) ;
#4059 = LINE ( 'NONE', #4405, #1962 ) ;
#4060 = PLANE ( 'NONE',  #4473 ) ;
#4061 = DIRECTION ( 'NONE',  ( -0.000000000000000000, -1.000000000000000000, -0.000000000000000000 ) ) ;
#4062 = CARTESIAN_POINT ( 'NONE',  ( 2200.000000000000000, 2950.000000000000000, 604.0000000000000000 ) ) ;
#4063 = VECTOR ( 'NONE', #2365, 1000.000000000000000 ) ;
#4064 = VECTOR ( 'NONE', #5583, 1000.000000000000000 ) ;
#4065 = ORIENTED_EDGE ( 'NONE', *, *, #4040, .T. ) ;
#4066 = CARTESIAN_POINT ( 'NONE',  ( 1499.999999999999773, 2950.000000000000000, 604.0000000000000000 ) ) ;
#4067 = ORIENTED_EDGE ( 'NONE', *, *, #1012, .T. ) ;
#4068 = LINE ( 'NONE', #384, #1089 ) ;
#4069 = FACE_OUTER_BOUND ( 'NONE', #784, .T. ) ;
#4070 = EDGE_CURVE ( 'NONE', #1270, #290, #2214, .T. ) ;
#4071 = VECTOR ( 'NONE', #2718, 1000.000000000000000 ) ;
#4072 = DIRECTION ( 'NONE',  ( 0.000000000000000000, 0.000000000000000000, 1.000000000000000000 ) ) ;
#4073 = EDGE_CURVE ( 'NONE', #1443, #439, #4253, .T. ) ;
#4074 = ORIENTED_EDGE ( 'NONE', *, *, #4017, .T. ) ;
#4075 = VERTEX_POINT ( 'NONE', #3150 ) ;
#4076 = EDGE_CURVE ( 'NONE', #136, #4280, #5038, .T. ) ;
#4077 = DIRECTION ( 'NONE',  ( 6.344131569286606971E-16, 1.000000000000000000, -0.000000000000000000 ) ) ;
#4078 = VECTOR ( 'NONE', #2947, 1000.000000000000000 ) ;
#4079 = LINE ( 'NONE', #1256, #1504 ) ;
#4080 = CARTESIAN_POINT ( 'NONE',  ( -599.9999999999984084, -3650.000000000001364, 4.000000000000000000 ) ) ;
#4081 = ORIENTED_EDGE ( 'NONE', *, *, #561, .F. ) ;
#4082 = ADVANCED_FACE ( 'NONE', ( #1435 ), #2243, .F. ) ;
#4083 = VECTOR ( 'NONE', #4219, 1000.000000000000000 ) ;
#4084 = ORIENTED_EDGE ( 'NONE', *, *, #3208, .T. ) ;
#4085 = CARTESIAN_POINT ( 'NONE',  ( -1000.000000000000455, 1000.000000000000000, 901.9999999999998863 ) ) ;
#4086 = AXIS2_PLACEMENT_3D ( 'NONE', #1318, #3212, #5962 ) ;
#4087 = ORIENTED_EDGE ( 'NONE', *, *, #4697, .T. ) ;
#4088 = FACE_OUTER_BOUND ( 'NONE', #4476, .T. ) ;
#4089 = ORIENTED_EDGE ( 'NONE', *, *, #3432, .T. ) ;
#4090 = DIRECTION ( 'NONE',  ( 0.000000000000000000, 0.000000000000000000, 1.000000000000000000 ) ) ;
#4091 = DIRECTION ( 'NONE',  ( -0.000000000000000000, -0.000000000000000000, -1.000000000000000000 ) ) ;
#4092 = VERTEX_POINT ( 'NONE', #2684 ) ;
#4093 = VECTOR ( 'NONE', #2036, 1000.000000000000000 ) ;
#4094 = EDGE_CURVE ( 'NONE', #177, #2768, #5104, .T. ) ;
#4095 = CARTESIAN_POINT ( 'NONE',  ( -3000.000000000000000, -3000.000000000000000, 652.0000000000000000 ) ) ;
#4096 = DIRECTION ( 'NONE',  ( 0.000000000000000000, 0.000000000000000000, -1.000000000000000000 ) ) ;
#4097 = CARTESIAN_POINT ( 'NONE',  ( 5499.999999999999091, 5500.000000000000000, 100.0000000000000000 ) ) ;
#4098 = FACE_OUTER_BOUND ( 'NONE', #2180, .T. ) ;
#4099 = ORIENTED_EDGE ( 'NONE', *, *, #936, .T. ) ;
#4100 = CARTESIAN_POINT ( 'NONE',  ( 3000.000000000000000, -1800.000000000000227, 602.0000000000000000 ) ) ;
#4101 = LINE ( 'NONE', #3173, #1388 ) ;
#4102 = DIRECTION ( 'NONE',  ( 0.000000000000000000, -1.000000000000000000, 0.000000000000000000 ) ) ;
#4103 = ORIENTED_EDGE ( 'NONE', *, *, #5098, .F. ) ;
#4104 = ORIENTED_EDGE ( 'NONE', *, *, #3997, .T. ) ;
#4105 = DIRECTION ( 'NONE',  ( 0.000000000000000000, 1.000000000000000000, -0.000000000000000000 ) ) ;
#4106 = EDGE_CURVE ( 'NONE', #2726, #6067, #3585, .T. ) ;
#4107 = CARTESIAN_POINT ( 'NONE',  ( -3000.000000000000000, -1800.000000000000227, 652.0000000000000000 ) ) ;
#4108 = ADVANCED_FACE ( 'NONE', ( #3676 ), #331, .F. ) ;
#4109 = DIRECTION ( 'NONE',  ( -1.000000000000000000, -0.000000000000000000, -0.000000000000000000 ) ) ;
#4110 = ORIENTED_EDGE ( 'NONE', *, *, #3736, .T. ) ;
#4111 = ORIENTED_EDGE ( 'NONE', *, *, #2040, .T. ) ;
#4112 = DIRECTION ( 'NONE',  ( -0.000000000000000000, -0.000000000000000000, -1.000000000000000000 ) ) ;
#4113 = VERTEX_POINT ( 'NONE', #2364 ) ;
#4114 = LINE ( 'NONE', #433, #200 ) ;
#4115 = ADVANCED_FACE ( 'NONE', ( #8 ), #2153, .T. ) ;
#4116 = ORIENTED_EDGE ( 'NONE', *, *, #4106, .T. ) ;
#4117 = DIRECTION ( 'NONE',  ( 1.000000000000000000, 0.000000000000000000, 0.000000000000000000 ) ) ;
#4118 = CARTESIAN_POINT ( 'NONE',  ( -5500.000000000000909, 5500.000000000000000, 4.000000000000000000 ) ) ;
#4119 = ORIENTED_EDGE ( 'NONE', *, *, #442, .F. ) ;
#4120 = DIRECTION ( 'NONE',  ( -0.000000000000000000, -0.000000000000000000, -1.000000000000000000 ) ) ;
#4121 = DIRECTION ( 'NONE',  ( 0.000000000000000000, -1.000000000000000000, 0.000000000000000000 ) ) ;
#4122 = DIRECTION ( 'NONE',  ( 0.000000000000000000, 0.000000000000000000, -1.000000000000000000 ) ) ;
#4123 = FACE_OUTER_BOUND ( 'NONE', #859, .T. ) ;
#4124 = ORIENTED_EDGE ( 'NONE', *, *, #1809, .F. ) ;
#4125 = EDGE_CURVE ( 'NONE', #2135, #1110, #5534, .T. ) ;
#4126 = ORIENTED_EDGE ( 'NONE', *, *, #3775, .F. ) ;
#4127 = CARTESIAN_POINT ( 'NONE',  ( 3499.999999999999091, 4499.999999999999091, 2.000000000000000000 ) ) ;
#4128 = LINE ( 'NONE', #6021, #5351 ) ;
#4129 = AXIS2_PLACEMENT_3D ( 'NONE', #1942, #4707, #5790 ) ;
#4130 = CARTESIAN_POINT ( 'NONE',  ( 1800.000000000001819, -499.9999999999995453, 752.0000000000000000 ) ) ;
#4131 = VERTEX_POINT ( 'NONE', #5567 ) ;
#4132 = CARTESIAN_POINT ( 'NONE',  ( -5500.000000000000909, 4500.000000000000000, 2.000000000000000000 ) ) ;
#4133 = ORIENTED_EDGE ( 'NONE', *, *, #3007, .T. ) ;
#4134 = ORIENTED_EDGE ( 'NONE', *, *, #781, .F. ) ;
#4135 = VECTOR ( 'NONE', #351, 1000.000000000000000 ) ;
#4136 = AXIS2_PLACEMENT_3D ( 'NONE', #3983, #2588, #113 ) ;
#4137 = CARTESIAN_POINT ( 'NONE',  ( 4000.000000000000000, -1800.000000000000227, 602.0000000000000000 ) ) ;
#4138 = DIRECTION ( 'NONE',  ( 0.000000000000000000, 1.000000000000000000, 0.000000000000000000 ) ) ;
#4139 = VECTOR ( 'NONE', #4001, 1000.000000000000000 ) ;
#4140 = DIRECTION ( 'NONE',  ( 0.000000000000000000, -0.1689638151108456832, -0.9856222548132667072 ) ) ;
#4141 = VERTEX_POINT ( 'NONE', #3183 ) ;
#4142 = EDGE_LOOP ( 'NONE', ( #6076, #666, #2541, #5689 ) ) ;
#4143 = CARTESIAN_POINT ( 'NONE',  ( -24.99999999999996803, -2200.000000000000000, 652.0000000000000000 ) ) ;
#4144 = VERTEX_POINT ( 'NONE', #5213 ) ;
#4145 = FACE_OUTER_BOUND ( 'NONE', #3596, .T. ) ;
#4146 = ORIENTED_EDGE ( 'NONE', *, *, #5778, .T. ) ;
#4147 = DIRECTION ( 'NONE',  ( -0.000000000000000000, -0.000000000000000000, -1.000000000000000000 ) ) ;
#4148 = CARTESIAN_POINT ( 'NONE',  ( -135.0000000000000000, 0.000000000000000000, 1702.000000000000000 ) ) ;
#4149 = ADVANCED_FACE ( 'NONE', ( #1897 ), #358, .F. ) ;
#4150 = ORIENTED_EDGE ( 'NONE', *, *, #3464, .F. ) ;
#4151 = EDGE_CURVE ( 'NONE', #3448, #1663, #3216, .T. ) ;
#4152 = LINE ( 'NONE', #1734, #4756 ) ;
#4153 = EDGE_CURVE ( 'NONE', #3211, #2425, #4047, .T. ) ;
#4154 = DIRECTION ( 'NONE',  ( 1.000000000000000000, -0.000000000000000000, -0.000000000000000000 ) ) ;
#4155 = LINE ( 'NONE', #5643, #2089 ) ;
#4156 = EDGE_LOOP ( 'NONE', ( #145, #3400, #5260, #2772 ) ) ;
#4157 = ORIENTED_EDGE ( 'NONE', *, *, #1760, .F. ) ;
#4158 = CARTESIAN_POINT ( 'NONE',  ( -24.99999999999977263, 3750.000000000002728, 4.000000000000003553 ) ) ;
#4159 = VECTOR ( 'NONE', #978, 1000.000000000000000 ) ;
#4160 = VECTOR ( 'NONE', #660, 1000.000000000000000 ) ;
#4161 = DIRECTION ( 'NONE',  ( 1.000000000000000000, 0.000000000000000000, -0.000000000000000000 ) ) ;
#4162 = VECTOR ( 'NONE', #5358, 1000.000000000000000 ) ;
#4163 = CARTESIAN_POINT ( 'NONE',  ( -5500.000000000000909, -4800.000000000000000, 4.000000000000000000 ) ) ;
#4164 = ORIENTED_EDGE ( 'NONE', *, *, #5812, .T. ) ;
#4165 = CARTESIAN_POINT ( 'NONE',  ( -25.00000000000002487, 2200.000000000000000, 652.0000000000000000 ) ) ;
#4166 = VECTOR ( 'NONE', #3847, 1000.000000000000000 ) ;
#4167 = VERTEX_POINT ( 'NONE', #3120 ) ;
#4168 = CIRCLE ( 'NONE', #1196, 89.99999999999988631 ) ;
#4169 = VERTEX_POINT ( 'NONE', #2651 ) ;
#4170 = EDGE_CURVE ( 'NONE', #3771, #4203, #2921, .T. ) ;
#4171 = VECTOR ( 'NONE', #5404, 1000.000000000000000 ) ;
#4172 = AXIS2_PLACEMENT_3D ( 'NONE', #3783, #3231, #4776 ) ;
#4173 = DIRECTION ( 'NONE',  ( 1.000000000000000000, 2.220446049250312095E-16, 0.000000000000000000 ) ) ;
#4174 = DIRECTION ( 'NONE',  ( -0.000000000000000000, -1.000000000000000000, -0.000000000000000000 ) ) ;
#4175 = ORIENTED_EDGE ( 'NONE', *, *, #4398, .F. ) ;
#4176 = ORIENTED_EDGE ( 'NONE', *, *, #2652, .T. ) ;
#4177 = VECTOR ( 'NONE', #2701, 1000.000000000000000 ) ;
#4178 = VECTOR ( 'NONE', #5996, 1000.000000000000000 ) ;
#4179 = DIRECTION ( 'NONE',  ( 1.000000000000000000, 0.000000000000000000, 0.000000000000000000 ) ) ;
#4180 = VERTEX_POINT ( 'NONE', #5334 ) ;
#4181 = LINE ( 'NONE', #2725, #1488 ) ;
#4182 = ORIENTED_EDGE ( 'NONE', *, *, #2, .T. ) ;
#4183 = VECTOR ( 'NONE', #1366, 1000.000000000000000 ) ;
#4184 = CARTESIAN_POINT ( 'NONE',  ( -4000.000000000000000, -800.0000000000002274, 603.0000000000000000 ) ) ;
#4185 = LINE ( 'NONE', #929, #3789 ) ;
#4186 = ORIENTED_EDGE ( 'NONE', *, *, #4677, .F. ) ;
#4187 = DIRECTION ( 'NONE',  ( -0.000000000000000000, -0.000000000000000000, -1.000000000000000000 ) ) ;
#4188 = LINE ( 'NONE', #2733, #426 ) ;
#4189 = EDGE_CURVE ( 'NONE', #4113, #372, #1954, .T. ) ;
#4190 = FACE_OUTER_BOUND ( 'NONE', #2319, .T. ) ;
#4191 = AXIS2_PLACEMENT_3D ( 'NONE', #1224, #3117, #759 ) ;
#4192 = ORIENTED_EDGE ( 'NONE', *, *, #5570, .T. ) ;
#4193 = VECTOR ( 'NONE', #4021, 1000.000000000000000 ) ;
#4194 = ADVANCED_FACE ( 'NONE', ( #5733 ), #3878, .F. ) ;
#4195 = EDGE_LOOP ( 'NONE', ( #1944, #3951, #2400, #3718 ) ) ;
#4196 = CARTESIAN_POINT ( 'NONE',  ( -4700.000000000000909, -4800.000000000000000, 4.000000000000000000 ) ) ;
#4197 = DIRECTION ( 'NONE',  ( -0.000000000000000000, -0.000000000000000000, -1.000000000000000000 ) ) ;
#4198 = EDGE_CURVE ( 'NONE', #3738, #5623, #594, .T. ) ;
#4199 = FACE_OUTER_BOUND ( 'NONE', #2151, .T. ) ;
#4200 = VERTEX_POINT ( 'NONE', #1926 ) ;
#4201 = CARTESIAN_POINT ( 'NONE',  ( 250.0000000000002274, 2450.000000000000000, 604.0000000000000000 ) ) ;
#4202 = EDGE_LOOP ( 'NONE', ( #1588, #6002, #782, #5107 ) ) ;
#4203 = VERTEX_POINT ( 'NONE', #3475 ) ;
#4204 = LINE ( 'NONE', #4324, #4279 ) ;
#4205 = ADVANCED_FACE ( 'NONE', ( #5242 ), #68, .F. ) ;
#4206 = LINE ( 'NONE', #3364, #2255 ) ;
#4207 = ORIENTED_EDGE ( 'NONE', *, *, #597, .F. ) ;
#4208 = ADVANCED_FACE ( 'NONE', ( #2486 ), #3845, .F. ) ;
#4209 = ORIENTED_EDGE ( 'NONE', *, *, #2981, .T. ) ;
#4210 = DIRECTION ( 'NONE',  ( 1.000000000000000000, 0.000000000000000000, 0.000000000000000000 ) ) ;
#4211 = ORIENTED_EDGE ( 'NONE', *, *, #1799, .F. ) ;
#4212 = LINE ( 'NONE', #2288, #1782 ) ;
#4213 = CARTESIAN_POINT ( 'NONE',  ( 5499.999999999999091, 4500.000000000000000, 4.000000000000000000 ) ) ;
#4214 = EDGE_LOOP ( 'NONE', ( #30, #13, #3990, #5113, #4395, #4133, #1557, #5738 ) ) ;
#4215 = CARTESIAN_POINT ( 'NONE',  ( 1499.999999999999773, 2249.999999999999545, 604.0000000000000000 ) ) ;
#4216 = LINE ( 'NONE', #1732, #3599 ) ;
#4217 = ORIENTED_EDGE ( 'NONE', *, *, #1044, .F. ) ;
#4218 = LINE ( 'NONE', #4617, #5919 ) ;
#4219 = DIRECTION ( 'NONE',  ( 1.000000000000000000, 0.000000000000000000, 0.000000000000000000 ) ) ;
#4220 = DIRECTION ( 'NONE',  ( 0.000000000000000000, -1.000000000000000000, 0.000000000000000000 ) ) ;
#4221 = VERTEX_POINT ( 'NONE', #4808 ) ;
#4222 = ADVANCED_FACE ( 'NONE', ( #3443 ), #4376, .T. ) ;
#4223 = CARTESIAN_POINT ( 'NONE',  ( 24.99999999999982947, 5500.000000000000000, 52.00000000000000711 ) ) ;
#4224 = EDGE_CURVE ( 'NONE', #2169, #4392, #3937, .T. ) ;
#4225 = LINE ( 'NONE', #1927, #898 ) ;
#4226 = LINE ( 'NONE', #910, #3184 ) ;
#4227 = ORIENTED_EDGE ( 'NONE', *, *, #2253, .T. ) ;
#4228 = EDGE_CURVE ( 'NONE', #2309, #5486, #4746, .T. ) ;
#4229 = ORIENTED_EDGE ( 'NONE', *, *, #1433, .F. ) ;
#4230 = VERTEX_POINT ( 'NONE', #4868 ) ;
#4231 = EDGE_CURVE ( 'NONE', #3250, #3076, #2016, .T. ) ;
#4232 = EDGE_CURVE ( 'NONE', #3675, #5339, #5306, .T. ) ;
#4233 = LINE ( 'NONE', #6119, #5654 ) ;
#4234 = CARTESIAN_POINT ( 'NONE',  ( 4000.000000000000000, -800.0000000000002274, 603.0000000000000000 ) ) ;
#4235 = DIRECTION ( 'NONE',  ( 0.000000000000000000, -0.000000000000000000, -1.000000000000000000 ) ) ;
#4236 = VECTOR ( 'NONE', #4109, 1000.000000000000000 ) ;
#4237 = EDGE_LOOP ( 'NONE', ( #3213, #273, #3125, #5173, #5839, #71 ) ) ;
#4238 = LINE ( 'NONE', #3404, #4960 ) ;
#4239 = ORIENTED_EDGE ( 'NONE', *, *, #1349, .F. ) ;
#4240 = DIRECTION ( 'NONE',  ( 0.000000000000000000, 0.000000000000000000, -1.000000000000000000 ) ) ;
#4241 = AXIS2_PLACEMENT_3D ( 'NONE', #5293, #28, #1915 ) ;
#4242 = EDGE_CURVE ( 'NONE', #2348, #2648, #627, .T. ) ;
#4243 = DIRECTION ( 'NONE',  ( -0.000000000000000000, -1.000000000000000000, -0.000000000000000000 ) ) ;
#4244 = VERTEX_POINT ( 'NONE', #159 ) ;
#4245 = CARTESIAN_POINT ( 'NONE',  ( 4000.000000000000000, -800.0000000000002274, 603.0000000000000000 ) ) ;
#4246 = CARTESIAN_POINT ( 'NONE',  ( 25.00000000000021672, 3750.000000000002728, 52.00000000000000711 ) ) ;
#4247 = ORIENTED_EDGE ( 'NONE', *, *, #2756, .F. ) ;
#4248 = DIRECTION ( 'NONE',  ( 0.000000000000000000, 0.000000000000000000, 1.000000000000000000 ) ) ;
#4249 = DIRECTION ( 'NONE',  ( 0.000000000000000000, 0.000000000000000000, -1.000000000000000000 ) ) ;
#4250 = CARTESIAN_POINT ( 'NONE',  ( -499.9999999999999432, 2950.000000000000000, 603.0000000000000000 ) ) ;
#4251 = ORIENTED_EDGE ( 'NONE', *, *, #1093, .F. ) ;
#4252 = DIRECTION ( 'NONE',  ( -1.000000000000000000, 0.000000000000000000, 0.000000000000000000 ) ) ;
#4253 = LINE ( 'NONE', #5679, #5568 ) ;
#4254 = CARTESIAN_POINT ( 'NONE',  ( -135.0000000000005116, 4250.000000000002728, 502.0000000000000000 ) ) ;
#4255 = PLANE ( 'NONE',  #3080 ) ;
#4256 = ORIENTED_EDGE ( 'NONE', *, *, #926, .T. ) ;
#4257 = ORIENTED_EDGE ( 'NONE', *, *, #140, .T. ) ;
#4258 = VERTEX_POINT ( 'NONE', #5826 ) ;
#4259 = AXIS2_PLACEMENT_3D ( 'NONE', #4906, #3484, #5377 ) ;
#4260 = VECTOR ( 'NONE', #3870, 1000.000000000000000 ) ;
#4261 = EDGE_CURVE ( 'NONE', #1739, #5994, #2428, .T. ) ;
#4262 = LINE ( 'NONE', #3270, #1101 ) ;
#4263 = VECTOR ( 'NONE', #5336, 1000.000000000000000 ) ;
#4264 = EDGE_CURVE ( 'NONE', #2374, #4169, #3416, .T. ) ;
#4265 = AXIS2_PLACEMENT_3D ( 'NONE', #4981, #735, #147 ) ;
#4266 = LINE ( 'NONE', #4816, #1464 ) ;
#4267 = ORIENTED_EDGE ( 'NONE', *, *, #4643, .T. ) ;
#4268 = EDGE_CURVE ( 'NONE', #5740, #5137, #3815, .T. ) ;
#4269 = EDGE_LOOP ( 'NONE', ( #4323, #1598, #4275, #5684 ) ) ;
#4270 = VECTOR ( 'NONE', #1593, 1000.000000000000000 ) ;
#4271 = DIRECTION ( 'NONE',  ( 1.000000000000000000, 0.000000000000000000, 0.000000000000000000 ) ) ;
#4272 = PRODUCT_DEFINITION_FORMATION_WITH_SPECIFIED_SOURCE ( 'ANY', '', #1350, .NOT_KNOWN. ) ;
#4273 = VERTEX_POINT ( 'NONE', #1029 ) ;
#4274 = PLANE ( 'NONE',  #4241 ) ;
#4275 = ORIENTED_EDGE ( 'NONE', *, *, #5702, .F. ) ;
#4276 = EDGE_CURVE ( 'NONE', #2603, #5574, #1460, .T. ) ;
#4277 = CARTESIAN_POINT ( 'NONE',  ( 0.000000000000000000, 0.000000000000000000, 752.0000000000000000 ) ) ;
#4278 = DIRECTION ( 'NONE',  ( -0.000000000000000000, -0.000000000000000000, -1.000000000000000000 ) ) ;
#4279 = VECTOR ( 'NONE', #5164, 1000.000000000000000 ) ;
#4280 = VERTEX_POINT ( 'NONE', #1177 ) ;
#4281 = DIRECTION ( 'NONE',  ( -1.040834085586084010E-16, 1.000000000000000000, -0.000000000000000000 ) ) ;
#4282 = CARTESIAN_POINT ( 'NONE',  ( -5600.000000000000909, -5600.000000000000000, 100.0000000000000000 ) ) ;
#4283 = CARTESIAN_POINT ( 'NONE',  ( -4700.000000000000909, -4800.000000000000000, 2.000000000000000000 ) ) ;
#4284 = VECTOR ( 'NONE', #2456, 1000.000000000000000 ) ;
#4285 = ORIENTED_EDGE ( 'NONE', *, *, #3321, .F. ) ;
#4286 = EDGE_CURVE ( 'NONE', #4849, #3220, #4526, .T. ) ;
#4287 = CARTESIAN_POINT ( 'NONE',  ( 2950.000000000000000, -2950.000000000000000, 604.0000000000000000 ) ) ;
#4288 = DIRECTION ( 'NONE',  ( 0.000000000000000000, 0.000000000000000000, 1.000000000000000000 ) ) ;
#4289 = CIRCLE ( 'NONE', #1611, 90.00000000000001421 ) ;
#4290 = CARTESIAN_POINT ( 'NONE',  ( 500.0000000000000000, 2200.000000000000000, 602.0000000000000000 ) ) ;
#4291 = LINE ( 'NONE', #6056, #906 ) ;
#4292 = ORIENTED_EDGE ( 'NONE', *, *, #2295, .T. ) ;
#4293 = VERTEX_POINT ( 'NONE', #4964 ) ;
#4294 = DIRECTION ( 'NONE',  ( 1.000000000000000000, 0.000000000000000000, 0.000000000000000000 ) ) ;
#4295 = VERTEX_POINT ( 'NONE', #5916 ) ;
#4296 = VECTOR ( 'NONE', #4091, 1000.000000000000000 ) ;
#4297 = LINE ( 'NONE', #6092, #2893 ) ;
#4298 = CARTESIAN_POINT ( 'NONE',  ( 25.00000000000021672, 3750.000000000002728, 52.00000000000000711 ) ) ;
#4299 = ORIENTED_EDGE ( 'NONE', *, *, #4073, .F. ) ;
#4300 = ORIENTED_EDGE ( 'NONE', *, *, #4232, .F. ) ;
#4301 = EDGE_CURVE ( 'NONE', #1850, #3132, #4930, .T. ) ;
#4302 = DIRECTION ( 'NONE',  ( 0.000000000000000000, 1.000000000000000000, 0.000000000000000000 ) ) ;
#4303 = VERTEX_POINT ( 'NONE', #224 ) ;
#4304 = EDGE_CURVE ( 'NONE', #4203, #4447, #4436, .T. ) ;
#4305 = CARTESIAN_POINT ( 'NONE',  ( 3500.000000000000000, 5500.000000000000000, 2.000000000000000000 ) ) ;
#4306 = ORIENTED_EDGE ( 'NONE', *, *, #5703, .F. ) ;
#4307 = FACE_OUTER_BOUND ( 'NONE', #5264, .T. ) ;
#4308 = CARTESIAN_POINT ( 'NONE',  ( 4000.000000000000000, -2100.000000000000455, 451.9999999999995453 ) ) ;
#4309 = ORIENTED_EDGE ( 'NONE', *, *, #3396, .F. ) ;
#4310 = CARTESIAN_POINT ( 'NONE',  ( -3999.999999999999545, -1800.100000000000136, 603.0000000000000000 ) ) ;
#4311 = EDGE_CURVE ( 'NONE', #4200, #4969, #2111, .T. ) ;
#4312 = LINE ( 'NONE', #1171, #5837 ) ;
#4313 = DIRECTION ( 'NONE',  ( 0.000000000000000000, 1.000000000000000000, -3.700743415417190605E-16 ) ) ;
#4314 = VERTEX_POINT ( 'NONE', #254 ) ;
#4315 = CARTESIAN_POINT ( 'NONE',  ( -1000.000000000000455, -1000.000000000000000, 901.9999999999998863 ) ) ;
#4316 = CARTESIAN_POINT ( 'NONE',  ( -249.9999999999998863, -2950.000000000000000, 604.0000000000000000 ) ) ;
#4317 = CARTESIAN_POINT ( 'NONE',  ( 0.000000000000000000, 0.000000000000000000, 52.00000000000000711 ) ) ;
#4318 = LINE ( 'NONE', #5680, #4063 ) ;
#4319 = EDGE_CURVE ( 'NONE', #5019, #5595, #776, .T. ) ;
#4320 = VERTEX_POINT ( 'NONE', #3630 ) ;
#4321 = ORIENTED_EDGE ( 'NONE', *, *, #3300, .T. ) ;
#4322 = DIRECTION ( 'NONE',  ( 0.000000000000000000, 0.000000000000000000, 1.000000000000000000 ) ) ;
#4323 = ORIENTED_EDGE ( 'NONE', *, *, #5587, .T. ) ;
#4324 = CARTESIAN_POINT ( 'NONE',  ( 250.0000000000002274, -2450.000000000000000, 603.0000000000000000 ) ) ;
#4325 = FACE_OUTER_BOUND ( 'NONE', #4419, .T. ) ;
#4326 = FACE_OUTER_BOUND ( 'NONE', #463, .T. ) ;
#4327 = ORIENTED_EDGE ( 'NONE', *, *, #5625, .T. ) ;
#4328 = CARTESIAN_POINT ( 'NONE',  ( -2999.899999999999636, -1800.000000000000227, 602.0000000000000000 ) ) ;
#4329 = EDGE_LOOP ( 'NONE', ( #1511, #1401, #689, #1841 ) ) ;
#4330 = PLANE ( 'NONE',  #3836 ) ;
#4331 = ORIENTED_EDGE ( 'NONE', *, *, #4005, .F. ) ;
#4332 = DIRECTION ( 'NONE',  ( -1.000000000000000000, 0.000000000000000000, 0.000000000000000000 ) ) ;
#4333 = LINE ( 'NONE', #3832, #4883 ) ;
#4334 = VECTOR ( 'NONE', #3160, 1000.000000000000000 ) ;
#4335 = VERTEX_POINT ( 'NONE', #5457 ) ;
#4336 = DIRECTION ( 'NONE',  ( -1.000000000000000000, -0.000000000000000000, -0.000000000000000000 ) ) ;
#4337 = VECTOR ( 'NONE', #4243, 1000.000000000000000 ) ;
#4338 = VECTOR ( 'NONE', #5503, 1000.000000000000000 ) ;
#4339 = DIRECTION ( 'NONE',  ( 0.000000000000000000, -1.000000000000000000, -0.000000000000000000 ) ) ;
#4340 = EDGE_CURVE ( 'NONE', #2615, #429, #720, .T. ) ;
#4341 = EDGE_LOOP ( 'NONE', ( #1219, #3155, #4696, #3841 ) ) ;
#4342 = VECTOR ( 'NONE', #2919, 1000.000000000000000 ) ;
#4343 = EDGE_CURVE ( 'NONE', #3574, #4424, #1642, .T. ) ;
#4344 = ADVANCED_FACE ( 'NONE', ( #4556 ), #315, .F. ) ;
#4345 = DIRECTION ( 'NONE',  ( -0.000000000000000000, 1.000000000000000000, -0.000000000000000000 ) ) ;
#4346 = DIRECTION ( 'NONE',  ( -1.000000000000000000, 0.000000000000000000, 0.000000000000000000 ) ) ;
#4347 = FACE_OUTER_BOUND ( 'NONE', #4341, .T. ) ;
#4348 = FACE_OUTER_BOUND ( 'NONE', #3875, .T. ) ;
#4349 = VERTEX_POINT ( 'NONE', #4997 ) ;
#4350 = CARTESIAN_POINT ( 'NONE',  ( -2950.000000000000000, -2450.000000000000000, 602.0000000000000000 ) ) ;
#4351 = EDGE_LOOP ( 'NONE', ( #740, #3918, #4947, #804, #3511, #3715, #2530, #717 ) ) ;
#4352 = FACE_OUTER_BOUND ( 'NONE', #4910, .T. ) ;
#4353 = LINE ( 'NONE', #1505, #1002 ) ;
#4354 = CARTESIAN_POINT ( 'NONE',  ( -2450.000000000000000, 2950.000000000000000, 602.0000000000000000 ) ) ;
#4355 = DIRECTION ( 'NONE',  ( -1.000000000000000000, 0.000000000000000000, 0.000000000000000000 ) ) ;
#4356 = VECTOR ( 'NONE', #3062, 1000.000000000000000 ) ;
#4357 = EDGE_CURVE ( 'NONE', #6115, #2135, #2075, .T. ) ;
#4358 = ORIENTED_EDGE ( 'NONE', *, *, #4224, .F. ) ;
#4359 = LINE ( 'NONE', #489, #412 ) ;
#4360 = VERTEX_POINT ( 'NONE', #2137 ) ;
#4361 = VECTOR ( 'NONE', #3209, 1000.000000000000000 ) ;
#4362 = VECTOR ( 'NONE', #1107, 1000.000000000000000 ) ;
#4363 = CARTESIAN_POINT ( 'NONE',  ( -4800.000000000000909, -5500.000000000000000, 4.000000000000000000 ) ) ;
#4364 = ORIENTED_EDGE ( 'NONE', *, *, #4798, .T. ) ;
#4365 = LINE ( 'NONE', #31, #573 ) ;
#4366 = LINE ( 'NONE', #4246, #5872 ) ;
#4367 = ORIENTED_EDGE ( 'NONE', *, *, #1883, .T. ) ;
#4368 = LINE ( 'NONE', #5272, #1783 ) ;
#4369 = CARTESIAN_POINT ( 'NONE',  ( -25.00000000000002132, -3650.000000000001364, 4.000000000000000000 ) ) ;
#4370 = DIRECTION ( 'NONE',  ( -0.000000000000000000, -0.000000000000000000, -1.000000000000000000 ) ) ;
#4371 = VECTOR ( 'NONE', #999, 1000.000000000000000 ) ;
#4372 = EDGE_LOOP ( 'NONE', ( #4675, #1815, #4227, #2661 ) ) ;
#4373 = CARTESIAN_POINT ( 'NONE',  ( 1000.000000000001364, -1499.999999999999773, 903.9999999999998863 ) ) ;
#4374 = ADVANCED_FACE ( 'NONE', ( #3534 ), #4030, .F. ) ;
#4375 = VECTOR ( 'NONE', #1672, 1000.000000000000000 ) ;
#4376 = PLANE ( 'NONE',  #2100 ) ;
#4377 = CARTESIAN_POINT ( 'NONE',  ( -3000.000000000000000, -1800.100000000000136, 602.0000000000000000 ) ) ;
#4378 = DIRECTION ( 'NONE',  ( 1.000000000000000000, -0.000000000000000000, -0.000000000000000000 ) ) ;
#4379 = ADVANCED_FACE ( 'NONE', ( #750 ), #4060, .F. ) ;
#4380 = VECTOR ( 'NONE', #5459, 1000.000000000000000 ) ;
#4381 = ORIENTED_EDGE ( 'NONE', *, *, #4608, .F. ) ;
#4382 = CARTESIAN_POINT ( 'NONE',  ( -2450.000000000000000, -2950.000000000000000, 604.0000000000000000 ) ) ;
#4383 = VERTEX_POINT ( 'NONE', #1114 ) ;
#4384 = PLANE ( 'NONE',  #2477 ) ;
#4385 = EDGE_CURVE ( 'NONE', #4273, #5553, #3035, .T. ) ;
#4386 = CARTESIAN_POINT ( 'NONE',  ( -3000.000000000000000, -1800.000000000000227, 603.0000000000000000 ) ) ;
#4387 = CARTESIAN_POINT ( 'NONE',  ( -500.0000000000006821, 3750.000000000002728, 4.000000000000000000 ) ) ;
#4388 = DIRECTION ( 'NONE',  ( -8.881784197001244435E-16, -1.000000000000000000, 0.000000000000000000 ) ) ;
#4389 = AXIS2_PLACEMENT_3D ( 'NONE', #1424, #3316, #955 ) ;
#4390 = EDGE_LOOP ( 'NONE', ( #2096, #4150, #1410, #411 ) ) ;
#4391 = CARTESIAN_POINT ( 'NONE',  ( 0.000000000000000000, 0.000000000000000000, 603.0000000000000000 ) ) ;
#4392 = VERTEX_POINT ( 'NONE', #5949 ) ;
#4393 = EDGE_CURVE ( 'NONE', #3550, #553, #2165, .T. ) ;
#4394 = DIRECTION ( 'NONE',  ( -1.000000000000000000, 0.000000000000000000, -0.000000000000000000 ) ) ;
#4395 = ORIENTED_EDGE ( 'NONE', *, *, #2836, .T. ) ;
#4396 = DIRECTION ( 'NONE',  ( -0.000000000000000000, -0.000000000000000000, -1.000000000000000000 ) ) ;
#4397 = FACE_OUTER_BOUND ( 'NONE', #608, .T. ) ;
#4398 = EDGE_CURVE ( 'NONE', #2104, #2762, #1735, .T. ) ;
#4399 = CARTESIAN_POINT ( 'NONE',  ( -5500.000000000000909, -5500.000000000000000, 100.0000000000000000 ) ) ;
#4400 = ORIENTED_EDGE ( 'NONE', *, *, #3088, .T. ) ;
#4401 = FACE_OUTER_BOUND ( 'NONE', #5122, .T. ) ;
#4402 = FACE_OUTER_BOUND ( 'NONE', #4214, .T. ) ;
#4403 = ORIENTED_EDGE ( 'NONE', *, *, #4005, .T. ) ;
#4404 = CARTESIAN_POINT ( 'NONE',  ( 1000.000000000000455, 1000.000000000000227, 903.9999999999998863 ) ) ;
#4405 = CARTESIAN_POINT ( 'NONE',  ( -4700.000000000000909, -5500.000000000000000, 4.000000000000000000 ) ) ;
#4406 = DIRECTION ( 'NONE',  ( -1.000000000000000000, -0.000000000000000000, -0.000000000000000000 ) ) ;
#4407 = CARTESIAN_POINT ( 'NONE',  ( -4000.000000000000000, -2400.000000000000455, 301.9999999999999432 ) ) ;
#4408 = LINE ( 'NONE', #161, #5939 ) ;
#4409 = EDGE_CURVE ( 'NONE', #2834, #1853, #4898, .T. ) ;
#4410 = ORIENTED_EDGE ( 'NONE', *, *, #1185, .T. ) ;
#4411 = CARTESIAN_POINT ( 'NONE',  ( -24.99999999999977263, 3000.000000000000000, 52.00000000000000711 ) ) ;
#4412 = ORIENTED_EDGE ( 'NONE', *, *, #445, .F. ) ;
#4413 = CYLINDRICAL_SURFACE ( 'NONE', #3856, 89.99999999999988631 ) ;
#4414 = DIRECTION ( 'NONE',  ( -1.000000000000000000, 0.000000000000000000, 0.000000000000000000 ) ) ;
#4415 = EDGE_CURVE ( 'NONE', #3812, #2834, #1614, .T. ) ;
#4416 = DIRECTION ( 'NONE',  ( -0.000000000000000000, -0.000000000000000000, -1.000000000000000000 ) ) ;
#4417 = PLANE ( 'NONE',  #5576 ) ;
#4418 = EDGE_CURVE ( 'NONE', #1646, #1770, #1274, .T. ) ;
#4419 = EDGE_LOOP ( 'NONE', ( #2985, #941, #2204, #5640 ) ) ;
#4420 = EDGE_CURVE ( 'NONE', #3483, #4961, #6011, .T. ) ;
#4421 = DIRECTION ( 'NONE',  ( 1.000000000000000000, 0.000000000000000000, -0.000000000000000000 ) ) ;
#4422 = ORIENTED_EDGE ( 'NONE', *, *, #304, .T. ) ;
#4423 = CARTESIAN_POINT ( 'NONE',  ( 0.000000000000000000, 0.000000000000000000, 52.00000000000000711 ) ) ;
#4424 = VERTEX_POINT ( 'NONE', #4590 ) ;
#4425 = DIRECTION ( 'NONE',  ( 0.000000000000000000, -1.000000000000000000, 0.000000000000000000 ) ) ;
#4426 = CARTESIAN_POINT ( 'NONE',  ( -4000.000000000000000, -2100.000000000000455, 301.9999999999998295 ) ) ;
#4427 = DIRECTION ( 'NONE',  ( -0.000000000000000000, 1.000000000000000000, -0.000000000000000000 ) ) ;
#4428 = DIRECTION ( 'NONE',  ( 0.000000000000000000, 1.000000000000000000, 2.035408878479451948E-15 ) ) ;
#4429 = ADVANCED_FACE ( 'NONE', ( #810 ), #346, .T. ) ;
#4430 = AXIS2_PLACEMENT_3D ( 'NONE', #1602, #4985, #3991 ) ;
#4431 = VERTEX_POINT ( 'NONE', #191 ) ;
#4432 = PLANE ( 'NONE',  #4532 ) ;
#4433 = VECTOR ( 'NONE', #2935, 1000.000000000000000 ) ;
#4434 = VECTOR ( 'NONE', #4760, 1000.000000000000000 ) ;
#4435 = DIRECTION ( 'NONE',  ( -0.000000000000000000, -0.000000000000000000, -1.000000000000000000 ) ) ;
#4436 = LINE ( 'NONE', #4466, #124 ) ;
#4437 = CARTESIAN_POINT ( 'NONE',  ( -4000.000000000000000, -2100.000000000000455, 301.9999999999998295 ) ) ;
#4438 = CARTESIAN_POINT ( 'NONE',  ( -500.0000000000006821, 3750.000000000002728, 2.000000000000000000 ) ) ;
#4439 = AXIS2_PLACEMENT_3D ( 'NONE', #504, #4745, #1953 ) ;
#4440 = EDGE_LOOP ( 'NONE', ( #1467, #4285, #1805, #3301 ) ) ;
#4441 = LINE ( 'NONE', #3112, #5624 ) ;
#4442 = ORIENTED_EDGE ( 'NONE', *, *, #4106, .F. ) ;
#4443 = DIRECTION ( 'NONE',  ( -0.000000000000000000, -0.000000000000000000, -1.000000000000000000 ) ) ;
#4444 = CARTESIAN_POINT ( 'NONE',  ( -2999.900000000000091, -800.0000000000002274, 603.0000000000000000 ) ) ;
#4445 = PLANE ( 'NONE',  #5424 ) ;
#4446 = FACE_OUTER_BOUND ( 'NONE', #4440, .T. ) ;
#4447 = VERTEX_POINT ( 'NONE', #1985 ) ;
#4448 = FACE_OUTER_BOUND ( 'NONE', #510, .T. ) ;
#4449 = EDGE_CURVE ( 'NONE', #644, #5495, #1115, .T. ) ;
#4450 = DIRECTION ( 'NONE',  ( 8.326672684688679970E-16, -1.000000000000000000, 0.000000000000000000 ) ) ;
#4451 = EDGE_CURVE ( 'NONE', #5740, #2872, #3417, .T. ) ;
#4452 = ORIENTED_EDGE ( 'NONE', *, *, #5597, .F. ) ;
#4453 = CARTESIAN_POINT ( 'NONE',  ( -499.9999999999999432, 2200.000000000000000, 603.0000000000000000 ) ) ;
#4454 = CARTESIAN_POINT ( 'NONE',  ( 0.000000000000000000, 0.000000000000000000, 1601.999999999999773 ) ) ;
#4455 = EDGE_LOOP ( 'NONE', ( #3065, #5205, #3828, #2690, #3649, #1098, #2715, #2378, #5991, #2171, #5102, #1169, #1648 ) ) ;
#4456 = DIRECTION ( 'NONE',  ( -1.000000000000000000, 0.000000000000000000, 0.000000000000000000 ) ) ;
#4457 = VECTOR ( 'NONE', #2630, 1000.000000000000000 ) ;
#4458 = VECTOR ( 'NONE', #2764, 1000.000000000000000 ) ;
#4459 = LINE ( 'NONE', #2694, #3172 ) ;
#4460 = EDGE_CURVE ( 'NONE', #2890, #5999, #4809, .T. ) ;
#4461 = ORIENTED_EDGE ( 'NONE', *, *, #4040, .F. ) ;
#4462 = CARTESIAN_POINT ( 'NONE',  ( -24.99999999999996803, -2200.000000000000000, 602.0000000000000000 ) ) ;
#4463 = AXIS2_PLACEMENT_3D ( 'NONE', #2709, #5032, #1313 ) ;
#4464 = VECTOR ( 'NONE', #2959, 1000.000000000000000 ) ;
#4465 = CARTESIAN_POINT ( 'NONE',  ( 0.000000000000000000, 0.000000000000000000, 4.000000000000000000 ) ) ;
#4466 = CARTESIAN_POINT ( 'NONE',  ( -2450.000000000000000, 2950.000000000000000, 604.0000000000000000 ) ) ;
#4467 = AXIS2_PLACEMENT_3D ( 'NONE', #5068, #4510, #1652 ) ;
#4468 = LINE ( 'NONE', #4931, #2801 ) ;
#4469 = FACE_OUTER_BOUND ( 'NONE', #4611, .T. ) ;
#4470 = EDGE_CURVE ( 'NONE', #4920, #164, #5770, .T. ) ;
#4471 = EDGE_CURVE ( 'NONE', #798, #1803, #3879, .T. ) ;
#4472 = ORIENTED_EDGE ( 'NONE', *, *, #3809, .F. ) ;
#4473 = AXIS2_PLACEMENT_3D ( 'NONE', #2637, #3008, #284 ) ;
#4474 = AXIS2_PLACEMENT_3D ( 'NONE', #3091, #4983, #5009 ) ;
#4475 = CARTESIAN_POINT ( 'NONE',  ( -1800.000000000000909, 500.0000000000000000, 602.0000000000000000 ) ) ;
#4476 = EDGE_LOOP ( 'NONE', ( #2346, #1904, #1882, #1371 ) ) ;
#4477 = CARTESIAN_POINT ( 'NONE',  ( -5500.000000000000909, -5500.000000000000000, 100.0000000000000000 ) ) ;
#4478 = AXIS2_PLACEMENT_3D ( 'NONE', #3291, #4249, #3200 ) ;
#4479 = DIRECTION ( 'NONE',  ( -1.850371707708600602E-17, 1.000000000000000000, 0.000000000000000000 ) ) ;
#4480 = PLANE ( 'NONE',  #4136 ) ;
#4481 = DIRECTION ( 'NONE',  ( 4.440892098500626162E-16, 1.000000000000000000, -0.000000000000000000 ) ) ;
#4482 = ORIENTED_EDGE ( 'NONE', *, *, #248, .T. ) ;
#4483 = VERTEX_POINT ( 'NONE', #5734 ) ;
#4484 = CARTESIAN_POINT ( 'NONE',  ( -4000.000000000000000, -2100.000000000000455, 451.9999999999995453 ) ) ;
#4485 = COLOUR_RGB ( '',0.7921568627450980005, 0.8196078431372548767, 0.9333333333333333481 ) ;
#4486 = CARTESIAN_POINT ( 'NONE',  ( 5499.999999999999091, 5500.000000000000000, 4.000000000000000000 ) ) ;
#4487 = VERTEX_POINT ( 'NONE', #3444 ) ;
#4488 = FACE_OUTER_BOUND ( 'NONE', #4351, .T. ) ;
#4489 = CARTESIAN_POINT ( 'NONE',  ( 3499.999999999999091, 5500.000000000000000, 2.000000000000000000 ) ) ;
#4490 = EDGE_CURVE ( 'NONE', #5607, #2443, #100, .T. ) ;
#4491 = VERTEX_POINT ( 'NONE', #1525 ) ;
#4492 = DIRECTION ( 'NONE',  ( -1.000000000000000000, 0.000000000000000000, 0.000000000000000000 ) ) ;
#4493 = ADVANCED_FACE ( 'NONE', ( #5307 ), #2979, .F. ) ;
#4494 = ORIENTED_EDGE ( 'NONE', *, *, #404, .T. ) ;
#4495 = LINE ( 'NONE', #5909, #4457 ) ;
#4496 = EDGE_LOOP ( 'NONE', ( #3022, #5532, #5795, #887 ) ) ;
#4497 = DIRECTION ( 'NONE',  ( -8.881784197001244435E-16, 1.000000000000000000, -0.000000000000000000 ) ) ;
#4498 = ORIENTED_EDGE ( 'NONE', *, *, #1572, .F. ) ;
#4499 = EDGE_CURVE ( 'NONE', #1422, #3014, #2948, .T. ) ;
#4500 = PLANE ( 'NONE',  #1762 ) ;
#4501 = ADVANCED_FACE ( 'NONE', ( #3009 ), #2429, .F. ) ;
#4502 = DIRECTION ( 'NONE',  ( 0.000000000000000000, 0.000000000000000000, 1.000000000000000000 ) ) ;
#4503 = LINE ( 'NONE', #2138, #4380 ) ;
#4504 = FACE_OUTER_BOUND ( 'NONE', #3758, .T. ) ;
#4505 = VERTEX_POINT ( 'NONE', #4377 ) ;
#4506 = LINE ( 'NONE', #3512, #2654 ) ;
#4507 = ORIENTED_EDGE ( 'NONE', *, *, #2109, .F. ) ;
#4508 = CARTESIAN_POINT ( 'NONE',  ( -3000.000000000000000, -2100.000000000000455, 301.9999999999998295 ) ) ;
#4509 = EDGE_CURVE ( 'NONE', #125, #177, #2518, .T. ) ;
#4510 = DIRECTION ( 'NONE',  ( 0.000000000000000000, 0.000000000000000000, -1.000000000000000000 ) ) ;
#4511 = CARTESIAN_POINT ( 'NONE',  ( -25.00000000000015987, 4750.000000000002728, 52.00000000000000711 ) ) ;
#4512 = PLANE ( 'NONE',  #3398 ) ;
#4513 = EDGE_LOOP ( 'NONE', ( #3248, #4600, #2283, #3331 ) ) ;
#4514 = VERTEX_POINT ( 'NONE', #5335 ) ;
#4515 = DIRECTION ( 'NONE',  ( -0.000000000000000000, -0.000000000000000000, -1.000000000000000000 ) ) ;
#4516 = CARTESIAN_POINT ( 'NONE',  ( -25.00000000000015987, 5500.000000000000000, 2.000000000000000000 ) ) ;
#4517 = CARTESIAN_POINT ( 'NONE',  ( 25.00000000000013500, -1500.000000000000000, 652.0000000000000000 ) ) ;
#4518 = DIRECTION ( 'NONE',  ( -0.000000000000000000, -0.000000000000000000, 1.000000000000000000 ) ) ;
#4519 = ORIENTED_EDGE ( 'NONE', *, *, #380, .T. ) ;
#4520 = CARTESIAN_POINT ( 'NONE',  ( -1499.999999999999773, 2950.000000000000000, 604.0000000000000000 ) ) ;
#4521 = DIRECTION ( 'NONE',  ( -1.000000000000000000, -0.000000000000000000, -0.000000000000000000 ) ) ;
#4522 = ORIENTED_EDGE ( 'NONE', *, *, #5063, .F. ) ;
#4523 = FACE_OUTER_BOUND ( 'NONE', #3189, .T. ) ;
#4524 = ORIENTED_EDGE ( 'NONE', *, *, #4754, .T. ) ;
#4525 = CARTESIAN_POINT ( 'NONE',  ( -4000.000000000000000, -800.0000000000002274, 602.0000000000000000 ) ) ;
#4526 = LINE ( 'NONE', #5886, #4375 ) ;
#4527 = CARTESIAN_POINT ( 'NONE',  ( -499.9999999999999432, -2950.000000000000000, 603.0000000000000000 ) ) ;
#4528 = EDGE_CURVE ( 'NONE', #5495, #369, #2017, .T. ) ;
#4529 = LINE ( 'NONE', #1245, #2387 ) ;
#4530 = ADVANCED_FACE ( 'NONE', ( #4869 ), #628, .T. ) ;
#4531 = EDGE_CURVE ( 'NONE', #4995, #5633, #3907, .T. ) ;
#4532 = AXIS2_PLACEMENT_3D ( 'NONE', #2571, #187, #2073 ) ;
#4533 = ORIENTED_EDGE ( 'NONE', *, *, #3143, .T. ) ;
#4534 = CARTESIAN_POINT ( 'NONE',  ( -24.99999999999991118, -3000.000000000000000, 2.000000000000000000 ) ) ;
#4535 = EDGE_LOOP ( 'NONE', ( #3922, #1451, #6128, #2930 ) ) ;
#4536 = AXIS2_PLACEMENT_3D ( 'NONE', #4213, #6100, #3802 ) ;
#4537 = LINE ( 'NONE', #2739, #4361 ) ;
#4538 = ADVANCED_FACE ( 'NONE', ( #1492 ), #2922, .T. ) ;
#4539 = LINE ( 'NONE', #6022, #511 ) ;
#4540 = CARTESIAN_POINT ( 'NONE',  ( 0.000000000000000000, 0.000000000000000000, 1601.999999999999773 ) ) ;
#4541 = ORIENTED_EDGE ( 'NONE', *, *, #6085, .T. ) ;
#4542 = VERTEX_POINT ( 'NONE', #4407 ) ;
#4543 = CARTESIAN_POINT ( 'NONE',  ( -499.9999999999999432, -2200.000000000000000, 602.0000000000000000 ) ) ;
#4544 = FACE_OUTER_BOUND ( 'NONE', #1936, .T. ) ;
#4545 = CARTESIAN_POINT ( 'NONE',  ( 2199.999999999999545, 2250.000000000000000, 602.0000000000000000 ) ) ;
#4546 = ORIENTED_EDGE ( 'NONE', *, *, #3932, .T. ) ;
#4547 = ORIENTED_EDGE ( 'NONE', *, *, #4901, .F. ) ;
#4548 = CARTESIAN_POINT ( 'NONE',  ( -3500.000000000000909, 4499.999999999999091, 4.000000000000000000 ) ) ;
#4549 = ORIENTED_EDGE ( 'NONE', *, *, #448, .T. ) ;
#4550 = DIRECTION ( 'NONE',  ( 0.000000000000000000, 0.000000000000000000, 1.000000000000000000 ) ) ;
#4551 = VERTEX_POINT ( 'NONE', #1552 ) ;
#4552 = CARTESIAN_POINT ( 'NONE',  ( 2450.000000000000000, 2950.000000000000000, 604.0000000000000000 ) ) ;
#4553 = ORIENTED_EDGE ( 'NONE', *, *, #3246, .F. ) ;
#4554 = CIRCLE ( 'NONE', #3369, 90.00000000000001421 ) ;
#4555 = DIRECTION ( 'NONE',  ( 0.000000000000000000, -0.000000000000000000, -1.000000000000000000 ) ) ;
#4556 = FACE_OUTER_BOUND ( 'NONE', #857, .T. ) ;
#4557 = CARTESIAN_POINT ( 'NONE',  ( -500.0000000000006821, 3750.000000000002728, 4.000000000000000000 ) ) ;
#4558 = DIRECTION ( 'NONE',  ( 0.000000000000000000, 0.000000000000000000, 1.000000000000000000 ) ) ;
#4559 = AXIS2_PLACEMENT_3D ( 'NONE', #5706, #1405, #1837 ) ;
#4560 = VECTOR ( 'NONE', #5388, 1000.000000000000000 ) ;
#4561 = EDGE_CURVE ( 'NONE', #5789, #3132, #5827, .T. ) ;
#4562 = ORIENTED_EDGE ( 'NONE', *, *, #1389, .F. ) ;
#4563 = LINE ( 'NONE', #2082, #5820 ) ;
#4564 = ORIENTED_EDGE ( 'NONE', *, *, #2099, .F. ) ;
#4565 = ADVANCED_FACE ( 'NONE', ( #4347 ), #5520, .F. ) ;
#4566 = DIRECTION ( 'NONE',  ( -0.000000000000000000, -0.000000000000000000, -1.000000000000000000 ) ) ;
#4567 = DIRECTION ( 'NONE',  ( -0.000000000000000000, -0.000000000000000000, -1.000000000000000000 ) ) ;
#4568 = VECTOR ( 'NONE', #5834, 1000.000000000000000 ) ;
#4569 = SURFACE_STYLE_USAGE ( .BOTH. , #881 ) ;
#4570 = ORIENTED_EDGE ( 'NONE', *, *, #216, .T. ) ;
#4571 = ORIENTED_EDGE ( 'NONE', *, *, #2748, .T. ) ;
#4572 = EDGE_CURVE ( 'NONE', #501, #2872, #5427, .T. ) ;
#4573 = CARTESIAN_POINT ( 'NONE',  ( -24.99999999999998224, -3650.000000000001364, 2.000000000000000000 ) ) ;
#4574 = VECTOR ( 'NONE', #1227, 1000.000000000000000 ) ;
#4575 = DIRECTION ( 'NONE',  ( 2.220446049250312095E-16, -1.000000000000000000, 0.000000000000000000 ) ) ;
#4576 = FACE_OUTER_BOUND ( 'NONE', #5631, .T. ) ;
#4577 = ORIENTED_EDGE ( 'NONE', *, *, #5888, .T. ) ;
#4578 = ORIENTED_EDGE ( 'NONE', *, *, #4796, .F. ) ;
#4579 = PLANE ( 'NONE',  #5649 ) ;
#4580 = VECTOR ( 'NONE', #5782, 1000.000000000000227 ) ;
#4581 = EDGE_LOOP ( 'NONE', ( #1182, #1508, #1409, #1446, #5193, #4766 ) ) ;
#4582 = CARTESIAN_POINT ( 'NONE',  ( 2199.999999999999545, 2250.000000000000000, 604.0000000000000000 ) ) ;
#4583 = EDGE_CURVE ( 'NONE', #2348, #535, #347, .T. ) ;
#4584 = ORIENTED_EDGE ( 'NONE', *, *, #2647, .T. ) ;
#4585 = FACE_BOUND ( 'NONE', #1538, .T. ) ;
#4586 = LINE ( 'NONE', #3285, #1906 ) ;
#4587 = ORIENTED_EDGE ( 'NONE', *, *, #520, .T. ) ;
#4588 = AXIS2_PLACEMENT_3D ( 'NONE', #3955, #3522, #4450 ) ;
#4589 = DIRECTION ( 'NONE',  ( -0.000000000000000000, -0.000000000000000000, -1.000000000000000000 ) ) ;
#4590 = CARTESIAN_POINT ( 'NONE',  ( 3000.000000000000000, -2100.000000000000455, 451.9999999999995453 ) ) ;
#4591 = DIRECTION ( 'NONE',  ( 1.000000000000000000, 0.000000000000000000, 0.000000000000000000 ) ) ;
#4592 = CARTESIAN_POINT ( 'NONE',  ( -1500.000000000000455, -1500.000000000000000, 901.9999999999998863 ) ) ;
#4593 = EDGE_LOOP ( 'NONE', ( #5504, #1001, #544, #1961 ) ) ;
#4594 = ORIENTED_EDGE ( 'NONE', *, *, #1988, .T. ) ;
#4595 = PLANE ( 'NONE',  #774 ) ;
#4596 = PLANE ( 'NONE',  #3271 ) ;
#4597 = FACE_OUTER_BOUND ( 'NONE', #48, .T. ) ;
#4598 = ORIENTED_EDGE ( 'NONE', *, *, #665, .T. ) ;
#4599 = LINE ( 'NONE', #6025, #624 ) ;
#4600 = ORIENTED_EDGE ( 'NONE', *, *, #3403, .F. ) ;
#4601 = ORIENTED_EDGE ( 'NONE', *, *, #3243, .F. ) ;
#4602 = DIRECTION ( 'NONE',  ( 0.000000000000000000, 0.000000000000000000, 1.000000000000000000 ) ) ;
#4603 = EDGE_CURVE ( 'NONE', #3821, #1856, #5024, .T. ) ;
#4604 = FACE_OUTER_BOUND ( 'NONE', #3366, .T. ) ;
#4605 = EDGE_CURVE ( 'NONE', #1110, #5006, #5887, .T. ) ;
#4606 = LINE ( 'NONE', #2245, #1559 ) ;
#4607 = ORIENTED_EDGE ( 'NONE', *, *, #330, .T. ) ;
#4608 = EDGE_CURVE ( 'NONE', #1631, #5807, #3165, .T. ) ;
#4609 = VERTEX_POINT ( 'NONE', #1736 ) ;
#4610 = DIRECTION ( 'NONE',  ( 1.000000000000000000, 0.000000000000000000, 0.000000000000000000 ) ) ;
#4611 = EDGE_LOOP ( 'NONE', ( #1376, #3056, #2186, #3228 ) ) ;
#4612 = DIRECTION ( 'NONE',  ( 0.000000000000000000, 1.000000000000000000, 0.000000000000000000 ) ) ;
#4613 = EDGE_LOOP ( 'NONE', ( #1407, #2560, #3692, #1757 ) ) ;
#4614 = DIRECTION ( 'NONE',  ( 0.000000000000000000, 1.000000000000000000, 7.401486830834381209E-16 ) ) ;
#4615 = DIRECTION ( 'NONE',  ( -0.000000000000000000, -0.000000000000000000, -1.000000000000000000 ) ) ;
#4616 = ORIENTED_EDGE ( 'NONE', *, *, #66, .T. ) ;
#4617 = CARTESIAN_POINT ( 'NONE',  ( 4000.000000000000000, -2100.000000000000455, 301.9999999999998295 ) ) ;
#4618 = EDGE_CURVE ( 'NONE', #357, #2130, #225, .T. ) ;
#4619 = LINE ( 'NONE', #2297, #3095 ) ;
#4620 = CARTESIAN_POINT ( 'NONE',  ( -25.00000000000002487, 2200.000000000000000, 652.0000000000000000 ) ) ;
#4621 = VERTEX_POINT ( 'NONE', #6013 ) ;
#4622 = VERTEX_POINT ( 'NONE', #3137 ) ;
#4623 = DIRECTION ( 'NONE',  ( 1.000000000000000000, 0.000000000000000000, 0.000000000000000000 ) ) ;
#4624 = DIRECTION ( 'NONE',  ( -0.000000000000000000, -1.000000000000000000, -0.000000000000000000 ) ) ;
#4625 = AXIS2_PLACEMENT_3D ( 'NONE', #3122, #1352, #5935 ) ;
#4626 = CARTESIAN_POINT ( 'NONE',  ( 5599.999999999999091, -5600.000000000000000, 100.0000000000000000 ) ) ;
#4627 = VERTEX_POINT ( 'NONE', #255 ) ;
#4628 = SURFACE_STYLE_FILL_AREA ( #1812 ) ;
#4629 = ORIENTED_EDGE ( 'NONE', *, *, #4418, .F. ) ;
#4630 = EDGE_LOOP ( 'NONE', ( #1513, #394, #5167, #5111 ) ) ;
#4631 = VECTOR ( 'NONE', #972, 1000.000000000000000 ) ;
#4632 = VECTOR ( 'NONE', #1442, 1000.000000000000000 ) ;
#4633 = CARTESIAN_POINT ( 'NONE',  ( -3999.999999999999545, -1800.100000000000136, 603.0000000000000000 ) ) ;
#4634 = PLANE ( 'NONE',  #813 ) ;
#4635 = VECTOR ( 'NONE', #2164, 1000.000000000000000 ) ;
#4636 = DIRECTION ( 'NONE',  ( -0.000000000000000000, -0.000000000000000000, -1.000000000000000000 ) ) ;
#4637 = EDGE_LOOP ( 'NONE', ( #3959, #2467, #4507, #6008 ) ) ;
#4638 = VERTEX_POINT ( 'NONE', #4998 ) ;
#4639 = ADVANCED_FACE ( 'NONE', ( #2232 ), #2112, .F. ) ;
#4640 = CARTESIAN_POINT ( 'NONE',  ( -1499.999999999999773, 2249.999999999999545, 604.0000000000000000 ) ) ;
#4641 = ORIENTED_EDGE ( 'NONE', *, *, #2488, .T. ) ;
#4642 = DIRECTION ( 'NONE',  ( -0.000000000000000000, -0.000000000000000000, -1.000000000000000000 ) ) ;
#4643 = EDGE_CURVE ( 'NONE', #1761, #2123, #285, .T. ) ;
#4644 = ORIENTED_EDGE ( 'NONE', *, *, #1201, .F. ) ;
#4645 = LINE ( 'NONE', #4680, #6012 ) ;
#4646 = PLANE ( 'NONE',  #2704 ) ;
#4647 = VERTEX_POINT ( 'NONE', #777 ) ;
#4648 = LINE ( 'NONE', #406, #3862 ) ;
#4649 = EDGE_CURVE ( 'NONE', #2433, #1479, #685, .T. ) ;
#4650 = LINE ( 'NONE', #3259, #4083 ) ;
#4651 = DIRECTION ( 'NONE',  ( -0.000000000000000000, -0.000000000000000000, 1.000000000000000000 ) ) ;
#4652 = ORIENTED_EDGE ( 'NONE', *, *, #4471, .F. ) ;
#4653 = VECTOR ( 'NONE', #5312, 1000.000000000000000 ) ;
#4654 = VERTEX_POINT ( 'NONE', #4557 ) ;
#4655 = LINE ( 'NONE', #6109, #671 ) ;
#4656 = VECTOR ( 'NONE', #4968, 1000.000000000000000 ) ;
#4657 = ADVANCED_FACE ( 'NONE', ( #316 ), #1178, .F. ) ;
#4658 = LINE ( 'NONE', #4747, #1294 ) ;
#4659 = AXIS2_PLACEMENT_3D ( 'NONE', #5181, #5148, #4555 ) ;
#4660 = CARTESIAN_POINT ( 'NONE',  ( 0.000000000000000000, 0.000000000000000000, 0.000000000000000000 ) ) ;
#4661 = EDGE_CURVE ( 'NONE', #4295, #535, #721, .T. ) ;
#4662 = VERTEX_POINT ( 'NONE', #3036 ) ;
#4663 = DIRECTION ( 'NONE',  ( 1.000000000000000000, 2.220446049250313081E-16, -0.000000000000000000 ) ) ;
#4664 = VECTOR ( 'NONE', #5675, 1000.000000000000000 ) ;
#4665 = ORIENTED_EDGE ( 'NONE', *, *, #4872, .T. ) ;
#4666 = VECTOR ( 'NONE', #4765, 1000.000000000000000 ) ;
#4667 = ORIENTED_EDGE ( 'NONE', *, *, #1948, .T. ) ;
#4668 = AXIS2_PLACEMENT_3D ( 'NONE', #5126, #1437, #3328 ) ;
#4669 = CARTESIAN_POINT ( 'NONE',  ( 0.000000000000000000, 0.000000000000000000, 603.0000000000000000 ) ) ;
#4670 = DIRECTION ( 'NONE',  ( -1.000000000000000000, 0.000000000000000000, -0.000000000000000000 ) ) ;
#4671 = ORIENTED_EDGE ( 'NONE', *, *, #747, .F. ) ;
#4672 = ORIENTED_EDGE ( 'NONE', *, *, #5365, .F. ) ;
#4673 = VECTOR ( 'NONE', #132, 1000.000000000000000 ) ;
#4674 = LINE ( 'NONE', #5975, #795 ) ;
#4675 = ORIENTED_EDGE ( 'NONE', *, *, #2008, .F. ) ;
#4676 = CARTESIAN_POINT ( 'NONE',  ( -24.99999999999996803, -2200.000000000000000, 652.0000000000000000 ) ) ;
#4677 = EDGE_CURVE ( 'NONE', #3233, #5094, #4468, .T. ) ;
#4678 = ORIENTED_EDGE ( 'NONE', *, *, #4905, .T. ) ;
#4679 = AXIS2_PLACEMENT_3D ( 'NONE', #4097, #4591, #5056 ) ;
#4680 = CARTESIAN_POINT ( 'NONE',  ( 500.0000000000000000, -2200.000000000000000, 602.0000000000000000 ) ) ;
#4681 = CARTESIAN_POINT ( 'NONE',  ( 1500.000000000001819, -499.9999999999996021, 752.0000000000000000 ) ) ;
#4682 = ORIENTED_EDGE ( 'NONE', *, *, #5372, .F. ) ;
#4683 = ADVANCED_FACE ( 'NONE', ( #1708 ), #3069, .F. ) ;
#4684 = LINE ( 'NONE', #1797, #5547 ) ;
#4685 = DIRECTION ( 'NONE',  ( 0.000000000000000000, 1.000000000000000000, 0.000000000000000000 ) ) ;
#4686 = CARTESIAN_POINT ( 'NONE',  ( 24.99999999999984013, 4750.000000000002728, 52.00000000000000711 ) ) ;
#4687 = ORIENTED_EDGE ( 'NONE', *, *, #2867, .F. ) ;
#4688 = VECTOR ( 'NONE', #2627, 1000.000000000000000 ) ;
#4689 = EDGE_CURVE ( 'NONE', #3830, #5495, #3568, .T. ) ;
#4690 = EDGE_CURVE ( 'NONE', #1060, #1162, #4503, .T. ) ;
#4691 = DIRECTION ( 'NONE',  ( -0.000000000000000000, 0.000000000000000000, -1.000000000000000000 ) ) ;
#4692 = CARTESIAN_POINT ( 'NONE',  ( 600.0000000000018190, -4850.000000000000909, 2.000000000000000000 ) ) ;
#4693 = LINE ( 'NONE', #3817, #707 ) ;
#4694 = ORIENTED_EDGE ( 'NONE', *, *, #2652, .F. ) ;
#4695 = ORIENTED_EDGE ( 'NONE', *, *, #2721, .F. ) ;
#4696 = ORIENTED_EDGE ( 'NONE', *, *, #3133, .T. ) ;
#4697 = EDGE_CURVE ( 'NONE', #5981, #3154, #2638, .T. ) ;
#4698 = DIRECTION ( 'NONE',  ( -1.000000000000000000, 0.000000000000000000, 0.000000000000000000 ) ) ;
#4699 = FACE_OUTER_BOUND ( 'NONE', #4863, .T. ) ;
#4700 = LINE ( 'NONE', #3825, #1780 ) ;
#4701 = EDGE_LOOP ( 'NONE', ( #3340, #3528, #3641, #4616 ) ) ;
#4702 = LINE ( 'NONE', #2873, #3869 ) ;
#4703 = ORIENTED_EDGE ( 'NONE', *, *, #5338, .T. ) ;
#4704 = DIRECTION ( 'NONE',  ( -1.000000000000000000, -0.000000000000000000, -0.000000000000000000 ) ) ;
#4705 = LINE ( 'NONE', #3774, #4728 ) ;
#4706 = ORIENTED_EDGE ( 'NONE', *, *, #1966, .F. ) ;
#4707 = DIRECTION ( 'NONE',  ( -0.000000000000000000, -0.000000000000000000, 1.000000000000000000 ) ) ;
#4708 = DIRECTION ( 'NONE',  ( 1.000000000000000000, -0.000000000000000000, -0.000000000000000000 ) ) ;
#4709 = ORIENTED_EDGE ( 'NONE', *, *, #1729, .T. ) ;
#4710 = LINE ( 'NONE', #560, #2079 ) ;
#4711 = FACE_OUTER_BOUND ( 'NONE', #3407, .T. ) ;
#4712 = CARTESIAN_POINT ( 'NONE',  ( 600.0000000000009095, -3650.000000000001364, 4.000000000000000000 ) ) ;
#4713 = ORIENTED_EDGE ( 'NONE', *, *, #5513, .T. ) ;
#4714 = PLANE ( 'NONE',  #2559 ) ;
#4715 = EDGE_CURVE ( 'NONE', #590, #1631, #2329, .T. ) ;
#4716 = LINE ( 'NONE', #4290, #4166 ) ;
#4717 = ADVANCED_FACE ( 'NONE', ( #6106 ), #5091, .F. ) ;
#4718 = EDGE_CURVE ( 'NONE', #1034, #4622, #408, .T. ) ;
#4719 = DIRECTION ( 'NONE',  ( 0.000000000000000000, -1.000000000000000000, 0.000000000000000000 ) ) ;
#4720 = VERTEX_POINT ( 'NONE', #441 ) ;
#4721 = VERTEX_POINT ( 'NONE', #869 ) ;
#4722 = VERTEX_POINT ( 'NONE', #499 ) ;
#4723 = EDGE_CURVE ( 'NONE', #4654, #2842, #4650, .T. ) ;
#4724 = VECTOR ( 'NONE', #6129, 1000.000000000000000 ) ;
#4725 = CARTESIAN_POINT ( 'NONE',  ( 2199.999999999999545, 2250.000000000000000, 604.0000000000000000 ) ) ;
#4726 = DIRECTION ( 'NONE',  ( 0.000000000000000000, -0.000000000000000000, 1.000000000000000000 ) ) ;
#4727 = CARTESIAN_POINT ( 'NONE',  ( -1000.000000000000455, -1000.000000000000000, 901.9999999999998863 ) ) ;
#4728 = VECTOR ( 'NONE', #493, 1000.000000000000000 ) ;
#4729 = AXIS2_PLACEMENT_3D ( 'NONE', #2870, #518, #2928 ) ;
#4730 = ORIENTED_EDGE ( 'NONE', *, *, #483, .T. ) ;
#4731 = DIRECTION ( 'NONE',  ( -0.000000000000000000, -1.000000000000000000, -0.000000000000000000 ) ) ;
#4732 = ORIENTED_EDGE ( 'NONE', *, *, #4301, .T. ) ;
#4733 = LINE ( 'NONE', #367, #3666 ) ;
#4734 = AXIS2_PLACEMENT_3D ( 'NONE', #4866, #2891, #3415 ) ;
#4735 = ADVANCED_FACE ( 'NONE', ( #5149, #4711 ), #2796, .F. ) ;
#4736 = PLANE ( 'NONE',  #5522 ) ;
#4737 = ORIENTED_EDGE ( 'NONE', *, *, #3324, .T. ) ;
#4738 = DIRECTION ( 'NONE',  ( 0.000000000000000000, 1.000000000000000000, 0.000000000000000000 ) ) ;
#4739 = PLANE ( 'NONE',  #4984 ) ;
#4740 = ORIENTED_EDGE ( 'NONE', *, *, #1000, .T. ) ;
#4741 = LINE ( 'NONE', #3318, #1981 ) ;
#4742 = CARTESIAN_POINT ( 'NONE',  ( -2199.999999999999545, 2250.000000000000000, 604.0000000000000000 ) ) ;
#4743 = DIRECTION ( 'NONE',  ( 0.000000000000000000, -1.000000000000000000, 0.000000000000000000 ) ) ;
#4744 = ORIENTED_EDGE ( 'NONE', *, *, #4531, .T. ) ;
#4745 = DIRECTION ( 'NONE',  ( -0.000000000000000000, 0.1689638151108456832, 0.9856222548132667072 ) ) ;
#4746 = LINE ( 'NONE', #2045, #4673 ) ;
#4747 = CARTESIAN_POINT ( 'NONE',  ( 4699.999999999999091, -4800.000000000000000, 4.000000000000000000 ) ) ;
#4748 = CARTESIAN_POINT ( 'NONE',  ( -4000.000000000000909, -5500.000000000000000, 4.000000000000000000 ) ) ;
#4749 = EDGE_CURVE ( 'NONE', #2265, #4314, #4619, .T. ) ;
#4750 = ORIENTED_EDGE ( 'NONE', *, *, #3050, .T. ) ;
#4751 = EDGE_LOOP ( 'NONE', ( #260, #875, #2971, #5030 ) ) ;
#4752 = CARTESIAN_POINT ( 'NONE',  ( 1000.000000000001364, -1499.999999999999773, 903.9999999999998863 ) ) ;
#4753 = ORIENTED_EDGE ( 'NONE', *, *, #1843, .F. ) ;
#4754 = EDGE_CURVE ( 'NONE', #4360, #973, #1, .T. ) ;
#4755 = VECTOR ( 'NONE', #3713, 1000.000000000000227 ) ;
#4756 = VECTOR ( 'NONE', #4120, 1000.000000000000000 ) ;
#4757 = CARTESIAN_POINT ( 'NONE',  ( -599.9999999999984084, -3650.000000000001364, 4.000000000000000000 ) ) ;
#4758 = CIRCLE ( 'NONE', #5552, 135.0000000000000000 ) ;
#4759 = VECTOR ( 'NONE', #2841, 1000.000000000000000 ) ;
#4760 = DIRECTION ( 'NONE',  ( -1.000000000000000000, -0.000000000000000000, -0.000000000000000000 ) ) ;
#4761 = ORIENTED_EDGE ( 'NONE', *, *, #227, .F. ) ;
#4762 = EDGE_CURVE ( 'NONE', #1254, #4314, #1859, .T. ) ;
#4763 = VERTEX_POINT ( 'NONE', #3694 ) ;
#4764 = AXIS2_PLACEMENT_3D ( 'NONE', #4026, #4056, #2043 ) ;
#4765 = DIRECTION ( 'NONE',  ( -1.000000000000000000, 0.000000000000000000, 0.000000000000000000 ) ) ;
#4766 = ORIENTED_EDGE ( 'NONE', *, *, #214, .F. ) ;
#4767 = CARTESIAN_POINT ( 'NONE',  ( 5599.999999999999091, -5600.000000000000000, 0.000000000000000000 ) ) ;
#4768 = EDGE_LOOP ( 'NONE', ( #5676, #207, #1386, #1321 ) ) ;
#4769 = LINE ( 'NONE', #4245, #4724 ) ;
#4770 = DIRECTION ( 'NONE',  ( 1.000000000000000000, -4.440892098500626162E-16, 0.000000000000000000 ) ) ;
#4771 = AXIS2_PLACEMENT_3D ( 'NONE', #4821, #613, #4394 ) ;
#4772 = VERTEX_POINT ( 'NONE', #2823 ) ;
#4773 = DIRECTION ( 'NONE',  ( -0.000000000000000000, -0.000000000000000000, -1.000000000000000000 ) ) ;
#4774 = CARTESIAN_POINT ( 'NONE',  ( -2950.000000000000000, -2950.000000000000000, 604.0000000000000000 ) ) ;
#4775 = ADVANCED_FACE ( 'NONE', ( #5207 ), #2853, .F. ) ;
#4776 = DIRECTION ( 'NONE',  ( 0.000000000000000000, -0.000000000000000000, -1.000000000000000000 ) ) ;
#4777 = AXIS2_PLACEMENT_3D ( 'NONE', #2396, #1491, #1580 ) ;
#4778 = ORIENTED_EDGE ( 'NONE', *, *, #6004, .F. ) ;
#4779 = LINE ( 'NONE', #4315, #5722 ) ;
#4780 = CARTESIAN_POINT ( 'NONE',  ( -2950.000000000000000, 2950.000000000000000, 602.0000000000000000 ) ) ;
#4781 = DIRECTION ( 'NONE',  ( -1.000000000000000000, -0.000000000000000000, -0.000000000000000000 ) ) ;
#4782 = CIRCLE ( 'NONE', #2203, 134.9999999999999432 ) ;
#4783 = PLANE ( 'NONE',  #4559 ) ;
#4784 = ORIENTED_EDGE ( 'NONE', *, *, #4033, .F. ) ;
#4785 = ORIENTED_EDGE ( 'NONE', *, *, #1378, .T. ) ;
#4786 = CARTESIAN_POINT ( 'NONE',  ( -4700.000000000000909, -5500.000000000000000, 2.000000000000000000 ) ) ;
#4787 = ORIENTED_EDGE ( 'NONE', *, *, #3857, .T. ) ;
#4788 = AXIS2_PLACEMENT_3D ( 'NONE', #670, #5844, #5902 ) ;
#4789 = DIRECTION ( 'NONE',  ( 1.000000000000000000, 0.000000000000000000, 0.000000000000000000 ) ) ;
#4790 = DIRECTION ( 'NONE',  ( -0.000000000000000000, -0.000000000000000000, -1.000000000000000000 ) ) ;
#4791 = DIRECTION ( 'NONE',  ( -0.000000000000000000, -0.000000000000000000, -1.000000000000000000 ) ) ;
#4792 = ORIENTED_EDGE ( 'NONE', *, *, #5983, .F. ) ;
#4793 = LINE ( 'NONE', #5229, #2287 ) ;
#4794 = ADVANCED_FACE ( 'NONE', ( #6078 ), #1830, .T. ) ;
#4795 = ORIENTED_EDGE ( 'NONE', *, *, #4561, .F. ) ;
#4796 = EDGE_CURVE ( 'NONE', #5137, #5019, #5584, .T. ) ;
#4797 = CARTESIAN_POINT ( 'NONE',  ( -4800.000000000000909, -4800.000000000000000, 2.000000000000000000 ) ) ;
#4798 = EDGE_CURVE ( 'NONE', #3705, #4662, #3319, .T. ) ;
#4799 = EDGE_LOOP ( 'NONE', ( #377, #2145, #4300, #313 ) ) ;
#4800 = CARTESIAN_POINT ( 'NONE',  ( -2950.000000000000000, -800.0000000000002274, 602.0000000000000000 ) ) ;
#4801 = LINE ( 'NONE', #558, #2011 ) ;
#4802 = EDGE_LOOP ( 'NONE', ( #3895, #363, #4025, #1786 ) ) ;
#4803 = CARTESIAN_POINT ( 'NONE',  ( -5500.000000000000909, -4800.000000000000000, 4.000000000000000000 ) ) ;
#4804 = DIRECTION ( 'NONE',  ( 0.000000000000000000, -0.000000000000000000, 1.000000000000000000 ) ) ;
#4805 = CARTESIAN_POINT ( 'NONE',  ( -24.99999999999952394, -5500.000000000000000, 52.00000000000000711 ) ) ;
#4806 = ORIENTED_EDGE ( 'NONE', *, *, #4125, .F. ) ;
#4807 = CARTESIAN_POINT ( 'NONE',  ( -5500.000000000000909, 5500.000000000000000, 100.0000000000000000 ) ) ;
#4808 = CARTESIAN_POINT ( 'NONE',  ( -24.99999999999977263, 3000.000000000000000, 2.000000000000000000 ) ) ;
#4809 = LINE ( 'NONE', #3477, #714 ) ;
#4810 = CARTESIAN_POINT ( 'NONE',  ( 3999.999999999999091, -5500.000000000000000, 4.000000000000000000 ) ) ;
#4811 = EDGE_CURVE ( 'NONE', #5845, #1079, #958, .T. ) ;
#4812 = ORIENTED_EDGE ( 'NONE', *, *, #1090, .F. ) ;
#4813 = LINE ( 'NONE', #1587, #5423 ) ;
#4814 = VERTEX_POINT ( 'NONE', #1922 ) ;
#4815 = LINE ( 'NONE', #4444, #1989 ) ;
#4816 = CARTESIAN_POINT ( 'NONE',  ( -5500.000000000000909, 5500.000000000000000, 4.000000000000000000 ) ) ;
#4817 = ORIENTED_EDGE ( 'NONE', *, *, #2857, .T. ) ;
#4818 = ORIENTED_EDGE ( 'NONE', *, *, #6000, .T. ) ;
#4819 = CARTESIAN_POINT ( 'NONE',  ( 0.000000000000000000, 0.000000000000000000, 100.0000000000000000 ) ) ;
#4820 = ORIENTED_EDGE ( 'NONE', *, *, #4948, .F. ) ;
#4821 = CARTESIAN_POINT ( 'NONE',  ( 0.000000000000000000, 0.000000000000000000, 604.0000000000000000 ) ) ;
#4822 = VERTEX_POINT ( 'NONE', #1305 ) ;
#4823 = LINE ( 'NONE', #3898, #961 ) ;
#4824 = LINE ( 'NONE', #3866, #1617 ) ;
#4825 = VECTOR ( 'NONE', #2999, 1000.000000000000000 ) ;
#4826 = EDGE_CURVE ( 'NONE', #5439, #1377, #4188, .T. ) ;
#4827 = ORIENTED_EDGE ( 'NONE', *, *, #5441, .F. ) ;
#4828 = DIRECTION ( 'NONE',  ( 0.000000000000000000, -1.000000000000000000, 0.000000000000000000 ) ) ;
#4829 = EDGE_CURVE ( 'NONE', #3014, #2265, #5118, .T. ) ;
#4830 = VECTOR ( 'NONE', #163, 1000.000000000000000 ) ;
#4831 = LINE ( 'NONE', #3871, #2279 ) ;
#4832 = CARTESIAN_POINT ( 'NONE',  ( 2450.000000000000000, -2950.000000000000000, 604.0000000000000000 ) ) ;
#4833 = ORIENTED_EDGE ( 'NONE', *, *, #5208, .F. ) ;
#4834 = ADVANCED_FACE ( 'NONE', ( #5612 ), #2539, .F. ) ;
#4835 = PLANE ( 'NONE',  #4439 ) ;
#4836 = CARTESIAN_POINT ( 'NONE',  ( 499.9999999999993179, 4750.000000000002728, 4.000000000000000000 ) ) ;
#4837 = CARTESIAN_POINT ( 'NONE',  ( 2950.000000000000000, -2950.000000000000000, 604.0000000000000000 ) ) ;
#4838 = DIRECTION ( 'NONE',  ( -1.000000000000000000, 0.000000000000000000, 0.000000000000000000 ) ) ;
#4839 = ORIENTED_EDGE ( 'NONE', *, *, #3473, .T. ) ;
#4840 = FACE_OUTER_BOUND ( 'NONE', #947, .T. ) ;
#4841 = ORIENTED_EDGE ( 'NONE', *, *, #2520, .F. ) ;
#4842 = EDGE_CURVE ( 'NONE', #2092, #4987, #3838, .T. ) ;
#4843 = LINE ( 'NONE', #2053, #4653 ) ;
#4844 = EDGE_CURVE ( 'NONE', #3335, #2049, #533, .T. ) ;
#4845 = FACE_OUTER_BOUND ( 'NONE', #3219, .T. ) ;
#4846 = DIRECTION ( 'NONE',  ( 0.000000000000000000, -0.000000000000000000, 1.000000000000000000 ) ) ;
#4847 = DIRECTION ( 'NONE',  ( -0.000000000000000000, -0.000000000000000000, -1.000000000000000000 ) ) ;
#4848 = VECTOR ( 'NONE', #127, 1000.000000000000000 ) ;
#4849 = VERTEX_POINT ( 'NONE', #2039 ) ;
#4850 = CARTESIAN_POINT ( 'NONE',  ( -3000.000000000000000, -3000.000000000000000, 602.0000000000000000 ) ) ;
#4851 = ORIENTED_EDGE ( 'NONE', *, *, #5759, .T. ) ;
#4852 = VECTOR ( 'NONE', #2829, 1000.000000000000000 ) ;
#4853 = AXIS2_PLACEMENT_3D ( 'NONE', #6096, #431, #3156 ) ;
#4854 = DIRECTION ( 'NONE',  ( -0.000000000000000000, -0.000000000000000000, -1.000000000000000000 ) ) ;
#4855 = ORIENTED_EDGE ( 'NONE', *, *, #5944, .T. ) ;
#4856 = CARTESIAN_POINT ( 'NONE',  ( -24.99999999999993960, 1500.000000000000000, 602.0000000000000000 ) ) ;
#4857 = DIRECTION ( 'NONE',  ( 0.000000000000000000, 0.000000000000000000, 1.000000000000000000 ) ) ;
#4858 = AXIS2_PLACEMENT_3D ( 'NONE', #3382, #3031, #3964 ) ;
#4859 = DIRECTION ( 'NONE',  ( -0.000000000000000000, -0.000000000000000000, -1.000000000000000000 ) ) ;
#4860 = EDGE_LOOP ( 'NONE', ( #4247, #2582, #3993, #578 ) ) ;
#4861 = LINE ( 'NONE', #2942, #2993 ) ;
#4862 = EDGE_CURVE ( 'NONE', #4895, #4483, #4861, .T. ) ;
#4863 = EDGE_LOOP ( 'NONE', ( #3735, #1448, #388, #927, #5153 ) ) ;
#4864 = VECTOR ( 'NONE', #6065, 1000.000000000000000 ) ;
#4865 = PLANE ( 'NONE',  #3971 ) ;
#4866 = CARTESIAN_POINT ( 'NONE',  ( -500.0000000000006821, 4750.000000000002728, 4.000000000000000000 ) ) ;
#4867 = VECTOR ( 'NONE', #3846, 1000.000000000000000 ) ;
#4868 = CARTESIAN_POINT ( 'NONE',  ( 3000.000000000000000, 3000.000000000000000, 2.000000000000000000 ) ) ;
#4869 = FACE_OUTER_BOUND ( 'NONE', #761, .T. ) ;
#4870 = ADVANCED_FACE ( 'NONE', ( #4401 ), #3412, .F. ) ;
#4871 = LINE ( 'NONE', #4438, #1589 ) ;
#4872 = EDGE_CURVE ( 'NONE', #3237, #3275, #1453, .T. ) ;
#4873 = EDGE_CURVE ( 'NONE', #5014, #1439, #5729, .T. ) ;
#4874 = VECTOR ( 'NONE', #2575, 1000.000000000000000 ) ;
#4875 = ORIENTED_EDGE ( 'NONE', *, *, #4449, .F. ) ;
#4876 = FACE_OUTER_BOUND ( 'NONE', #3757, .T. ) ;
#4877 = ORIENTED_EDGE ( 'NONE', *, *, #908, .F. ) ;
#4878 = VECTOR ( 'NONE', #4847, 1000.000000000000000 ) ;
#4879 = DIRECTION ( 'NONE',  ( -0.000000000000000000, -1.000000000000000000, -0.000000000000000000 ) ) ;
#4880 = DIRECTION ( 'NONE',  ( -0.000000000000000000, -1.000000000000000000, -0.000000000000000000 ) ) ;
#4881 = CARTESIAN_POINT ( 'NONE',  ( -599.9999999999984084, -3650.000000000001364, 4.000000000000000000 ) ) ;
#4882 = CARTESIAN_POINT ( 'NONE',  ( 0.000000000000000000, 0.000000000000000000, 602.0000000000000000 ) ) ;
#4883 = VECTOR ( 'NONE', #529, 1000.000000000000000 ) ;
#4884 = EDGE_CURVE ( 'NONE', #125, #3526, #5300, .T. ) ;
#4885 = VERTEX_POINT ( 'NONE', #4369 ) ;
#4886 = PLANE ( 'NONE',  #1296 ) ;
#4887 = ORIENTED_EDGE ( 'NONE', *, *, #248, .F. ) ;
#4888 = DIRECTION ( 'NONE',  ( 1.000000000000000000, 8.881784197001252323E-16, -0.000000000000000000 ) ) ;
#4889 = ORIENTED_EDGE ( 'NONE', *, *, #966, .T. ) ;
#4890 = CARTESIAN_POINT ( 'NONE',  ( 0.000000000000000000, 0.000000000000000000, 1702.000000000000000 ) ) ;
#4891 = CARTESIAN_POINT ( 'NONE',  ( 25.00000000000021672, 3750.000000000002728, 52.00000000000000711 ) ) ;
#4892 = DIRECTION ( 'NONE',  ( 1.000000000000000000, 2.220446049250313081E-16, -0.000000000000000000 ) ) ;
#4893 = DIRECTION ( 'NONE',  ( -0.000000000000000000, -0.000000000000000000, -1.000000000000000000 ) ) ;
#4894 = DIRECTION ( 'NONE',  ( 1.000000000000000000, 0.000000000000000000, -0.000000000000000000 ) ) ;
#4895 = VERTEX_POINT ( 'NONE', #5359 ) ;
#4896 = CARTESIAN_POINT ( 'NONE',  ( -24.99999999999993960, 1500.000000000000000, 652.0000000000000000 ) ) ;
#4897 = CARTESIAN_POINT ( 'NONE',  ( 0.000000000000000000, 0.000000000000000000, 4.000000000000000000 ) ) ;
#4898 = LINE ( 'NONE', #654, #5462 ) ;
#4899 = CARTESIAN_POINT ( 'NONE',  ( 4000.000000000000000, -2100.000000000000455, 451.9999999999995453 ) ) ;
#4900 = CARTESIAN_POINT ( 'NONE',  ( 25.00000000000003553, -2200.000000000000000, 652.0000000000000000 ) ) ;
#4901 = EDGE_CURVE ( 'NONE', #4763, #1353, #1977, .T. ) ;
#4902 = ORIENTED_EDGE ( 'NONE', *, *, #5822, .T. ) ;
#4903 = LINE ( 'NONE', #5864, #967 ) ;
#4904 = ORIENTED_EDGE ( 'NONE', *, *, #252, .T. ) ;
#4905 = EDGE_CURVE ( 'NONE', #4654, #4131, #4831, .T. ) ;
#4906 = CARTESIAN_POINT ( 'NONE',  ( -1500.000000000000455, -1500.000000000000000, 901.9999999999998863 ) ) ;
#4907 = LINE ( 'NONE', #3889, #3578 ) ;
#4908 = PLANE ( 'NONE',  #5226 ) ;
#4909 = CARTESIAN_POINT ( 'NONE',  ( 1000.000000000000909, -999.9999999999997726, 901.9999999999998863 ) ) ;
#4910 = EDGE_LOOP ( 'NONE', ( #4309, #5470, #2659, #3170 ) ) ;
#4911 = EDGE_CURVE ( 'NONE', #5043, #2693, #1575, .T. ) ;
#4912 = CARTESIAN_POINT ( 'NONE',  ( -24.99999999999996803, -1500.000000000000000, 652.0000000000000000 ) ) ;
#4913 = ORIENTED_EDGE ( 'NONE', *, *, #3538, .T. ) ;
#4914 = DIRECTION ( 'NONE',  ( 0.000000000000000000, 1.000000000000000000, 2.035408878479451948E-15 ) ) ;
#4915 = ORIENTED_EDGE ( 'NONE', *, *, #5035, .T. ) ;
#4916 = DIRECTION ( 'NONE',  ( 0.000000000000000000, 0.000000000000000000, 1.000000000000000000 ) ) ;
#4917 = FACE_OUTER_BOUND ( 'NONE', #2272, .T. ) ;
#4918 = ORIENTED_EDGE ( 'NONE', *, *, #3188, .T. ) ;
#4919 = PLANE ( 'NONE',  #5157 ) ;
#4920 = VERTEX_POINT ( 'NONE', #2069 ) ;
#4921 = DIRECTION ( 'NONE',  ( 1.000000000000000000, 0.000000000000000000, 0.000000000000000000 ) ) ;
#4922 = DIRECTION ( 'NONE',  ( 0.000000000000000000, -3.700743415417190605E-16, -1.000000000000000000 ) ) ;
#4923 = VECTOR ( 'NONE', #5412, 1000.000000000000000 ) ;
#4924 = ADVANCED_FACE ( 'NONE', ( #5764 ), #5793, .F. ) ;
#4925 = EDGE_LOOP ( 'NONE', ( #863, #2059, #4587, #1032 ) ) ;
#4926 = LINE ( 'NONE', #4896, #2848 ) ;
#4927 = AXIS2_PLACEMENT_3D ( 'NONE', #4382, #5219, #4322 ) ;
#4928 = AXIS2_PLACEMENT_3D ( 'NONE', #3797, #5258, #575 ) ;
#4929 = CARTESIAN_POINT ( 'NONE',  ( -24.99999999999996803, -2200.000000000000000, 652.0000000000000000 ) ) ;
#4930 = LINE ( 'NONE', #5860, #219 ) ;
#4931 = CARTESIAN_POINT ( 'NONE',  ( 2950.000000000000000, 2450.000000000000000, 604.0000000000000000 ) ) ;
#4932 = DIRECTION ( 'NONE',  ( 1.000000000000000000, 3.700743415417188139E-16, 0.000000000000000000 ) ) ;
#4933 = AXIS2_PLACEMENT_3D ( 'NONE', #158, #3034, #683 ) ;
#4934 = ORIENTED_EDGE ( 'NONE', *, *, #2970, .T. ) ;
#4935 = CARTESIAN_POINT ( 'NONE',  ( 2450.000000000000000, 2950.000000000000000, 604.0000000000000000 ) ) ;
#4936 = ORIENTED_EDGE ( 'NONE', *, *, #1150, .T. ) ;
#4937 = FACE_OUTER_BOUND ( 'NONE', #4202, .T. ) ;
#4938 = EDGE_CURVE ( 'NONE', #3220, #2470, #5698, .T. ) ;
#4939 = LINE ( 'NONE', #1996, #1202 ) ;
#4940 = CARTESIAN_POINT ( 'NONE',  ( 0.000000000000000000, 0.000000000000000000, 903.9999999999998863 ) ) ;
#4941 = CARTESIAN_POINT ( 'NONE',  ( 25.00000000000046541, -4850.000000000000909, 4.000000000000000000 ) ) ;
#4942 = EDGE_CURVE ( 'NONE', #424, #290, #5238, .T. ) ;
#4943 = ORIENTED_EDGE ( 'NONE', *, *, #2491, .T. ) ;
#4944 = ORIENTED_EDGE ( 'NONE', *, *, #4264, .T. ) ;
#4945 = CARTESIAN_POINT ( 'NONE',  ( -499.9999999999999432, 2200.000000000000000, 603.0000000000000000 ) ) ;
#4946 = LINE ( 'NONE', #4486, #2397 ) ;
#4947 = ORIENTED_EDGE ( 'NONE', *, *, #5491, .F. ) ;
#4948 = EDGE_CURVE ( 'NONE', #1749, #3819, #649, .T. ) ;
#4949 = CARTESIAN_POINT ( 'NONE',  ( -3000.000000000000000, -3000.000000000000000, 602.0000000000000000 ) ) ;
#4950 = CARTESIAN_POINT ( 'NONE',  ( 3000.000000000000000, -1800.100000000000136, 603.0000000000000000 ) ) ;
#4951 = ORIENTED_EDGE ( 'NONE', *, *, #712, .T. ) ;
#4952 = PLANE ( 'NONE',  #993 ) ;
#4953 = VECTOR ( 'NONE', #63, 1000.000000000000000 ) ;
#4954 = VERTEX_POINT ( 'NONE', #989 ) ;
#4955 = VECTOR ( 'NONE', #4427, 1000.000000000000000 ) ;
#4956 = LINE ( 'NONE', #1236, #102 ) ;
#4957 = VERTEX_POINT ( 'NONE', #2886 ) ;
#4958 = LINE ( 'NONE', #221, #1301 ) ;
#4959 = VECTOR ( 'NONE', #3235, 1000.000000000000000 ) ;
#4960 = VECTOR ( 'NONE', #2440, 1000.000000000000000 ) ;
#4961 = VERTEX_POINT ( 'NONE', #3381 ) ;
#4962 = CARTESIAN_POINT ( 'NONE',  ( 1499.999999999999545, -1500.000000000000000, 602.0000000000000000 ) ) ;
#4963 = EDGE_CURVE ( 'NONE', #4203, #773, #3003, .T. ) ;
#4964 = CARTESIAN_POINT ( 'NONE',  ( 25.00000000000002132, -3650.000000000001364, 2.000000000000000000 ) ) ;
#4965 = VECTOR ( 'NONE', #2927, 1000.000000000000000 ) ;
#4966 = DIRECTION ( 'NONE',  ( -1.000000000000000000, 0.000000000000000000, -0.000000000000000000 ) ) ;
#4967 = VECTOR ( 'NONE', #1485, 1000.000000000000000 ) ;
#4968 = DIRECTION ( 'NONE',  ( -0.000000000000000000, -0.000000000000000000, -1.000000000000000000 ) ) ;
#4969 = VERTEX_POINT ( 'NONE', #4774 ) ;
#4970 = VECTOR ( 'NONE', #1285, 1000.000000000000000 ) ;
#4971 = VECTOR ( 'NONE', #1471, 1000.000000000000000 ) ;
#4972 = CARTESIAN_POINT ( 'NONE',  ( 2950.000000000000000, 2950.000000000000000, 604.0000000000000000 ) ) ;
#4973 = ORIENTED_EDGE ( 'NONE', *, *, #4715, .T. ) ;
#4974 = LINE ( 'NONE', #729, #1788 ) ;
#4975 = VECTOR ( 'NONE', #2390, 1000.000000000000000 ) ;
#4976 = LINE ( 'NONE', #3638, #2293 ) ;
#4977 = CARTESIAN_POINT ( 'NONE',  ( -25.00000000000015987, 4750.000000000002728, 52.00000000000000711 ) ) ;
#4978 = CARTESIAN_POINT ( 'NONE',  ( 499.9999999999993179, 4750.000000000002728, 4.000000000000000000 ) ) ;
#4979 = VERTEX_POINT ( 'NONE', #5274 ) ;
#4980 = ORIENTED_EDGE ( 'NONE', *, *, #3949, .T. ) ;
#4981 = CARTESIAN_POINT ( 'NONE',  ( 0.000000000000000000, 0.000000000000000000, 603.0000000000000000 ) ) ;
#4982 = VECTOR ( 'NONE', #2310, 1000.000000000000000 ) ;
#4983 = DIRECTION ( 'NONE',  ( -1.000000000000000000, 0.000000000000000000, 0.000000000000000000 ) ) ;
#4984 = AXIS2_PLACEMENT_3D ( 'NONE', #2474, #1973, #584 ) ;
#4985 = DIRECTION ( 'NONE',  ( 1.000000000000000000, 0.000000000000000000, 0.000000000000000000 ) ) ;
#4986 = DIRECTION ( 'NONE',  ( 0.000000000000000000, -1.000000000000000000, 0.000000000000000000 ) ) ;
#4987 = VERTEX_POINT ( 'NONE', #2423 ) ;
#4988 = EDGE_CURVE ( 'NONE', #366, #5161, #4312, .T. ) ;
#4989 = PLANE ( 'NONE',  #3764 ) ;
#4990 = EDGE_CURVE ( 'NONE', #2376, #4141, #1699, .T. ) ;
#4991 = CARTESIAN_POINT ( 'NONE',  ( -599.9999999999984084, -4850.000000000000909, 4.000000000000000000 ) ) ;
#4992 = EDGE_CURVE ( 'NONE', #5954, #5894, #4956, .T. ) ;
#4993 = ORIENTED_EDGE ( 'NONE', *, *, #5630, .T. ) ;
#4994 = LINE ( 'NONE', #745, #2492 ) ;
#4995 = VERTEX_POINT ( 'NONE', #5509 ) ;
#4996 = LINE ( 'NONE', #3134, #2462 ) ;
#4997 = CARTESIAN_POINT ( 'NONE',  ( 2999.900000000000091, -800.0000000000002274, 603.0000000000000000 ) ) ;
#4998 = CARTESIAN_POINT ( 'NONE',  ( 3000.000000000000000, -2100.000000000000455, 301.9999999999998295 ) ) ;
#4999 = CARTESIAN_POINT ( 'NONE',  ( 25.00000000000000711, -3000.000000000000000, 52.00000000000000711 ) ) ;
#5000 = VERTEX_POINT ( 'NONE', #1636 ) ;
#5001 = LINE ( 'NONE', #4972, #2155 ) ;
#5002 = ORIENTED_EDGE ( 'NONE', *, *, #4811, .T. ) ;
#5003 = EDGE_CURVE ( 'NONE', #4885, #2394, #743, .T. ) ;
#5004 = DIRECTION ( 'NONE',  ( 0.000000000000000000, 0.000000000000000000, 1.000000000000000000 ) ) ;
#5005 = DIRECTION ( 'NONE',  ( -2.220446049250313081E-16, 1.000000000000000000, 0.000000000000000000 ) ) ;
#5006 = VERTEX_POINT ( 'NONE', #3158 ) ;
#5007 = ORIENTED_EDGE ( 'NONE', *, *, #2141, .F. ) ;
#5008 = CARTESIAN_POINT ( 'NONE',  ( -24.99999999999996803, -2200.000000000000000, 602.0000000000000000 ) ) ;
#5009 = DIRECTION ( 'NONE',  ( 0.000000000000000000, 0.000000000000000000, 1.000000000000000000 ) ) ;
#5010 = CARTESIAN_POINT ( 'NONE',  ( -4000.000000000000000, -800.0000000000002274, 602.0000000000000000 ) ) ;
#5011 = ORIENTED_EDGE ( 'NONE', *, *, #1874, .T. ) ;
#5012 = ORIENTED_EDGE ( 'NONE', *, *, #2080, .F. ) ;
#5013 = FACE_OUTER_BOUND ( 'NONE', #3203, .T. ) ;
#5014 = VERTEX_POINT ( 'NONE', #1728 ) ;
#5015 = CARTESIAN_POINT ( 'NONE',  ( -500.0000000000006821, 3750.000000000002728, 4.000000000000000000 ) ) ;
#5016 = ADVANCED_FACE ( 'NONE', ( #2191 ), #769, .F. ) ;
#5017 = ORIENTED_EDGE ( 'NONE', *, *, #3732, .T. ) ;
#5018 = DIRECTION ( 'NONE',  ( -0.000000000000000000, 1.000000000000000000, -0.000000000000000000 ) ) ;
#5019 = VERTEX_POINT ( 'NONE', #2605 ) ;
#5020 = EDGE_CURVE ( 'NONE', #4627, #4200, #1667, .T. ) ;
#5021 = LINE ( 'NONE', #282, #4635 ) ;
#5022 = DIRECTION ( 'NONE',  ( -1.000000000000000000, 0.000000000000000000, 0.000000000000000000 ) ) ;
#5023 = VECTOR ( 'NONE', #2473, 1000.000000000000000 ) ;
#5024 = LINE ( 'NONE', #5549, #4874 ) ;
#5025 = CARTESIAN_POINT ( 'NONE',  ( 25.00000000000000711, -3650.000000000001364, 52.00000000000000711 ) ) ;
#5026 = ADVANCED_FACE ( 'NONE', ( #3996 ), #4054, .F. ) ;
#5027 = VECTOR ( 'NONE', #2419, 1000.000000000000000 ) ;
#5028 = EDGE_LOOP ( 'NONE', ( #1834, #5230, #6101, #432, #5454, #943 ) ) ;
#5029 = LINE ( 'NONE', #1148, #176 ) ;
#5030 = ORIENTED_EDGE ( 'NONE', *, *, #104, .T. ) ;
#5031 = VECTOR ( 'NONE', #5616, 1000.000000000000000 ) ;
#5032 = DIRECTION ( 'NONE',  ( -0.000000000000000000, 1.000000000000000000, 0.000000000000000000 ) ) ;
#5033 = LINE ( 'NONE', #1316, #3678 ) ;
#5034 = CARTESIAN_POINT ( 'NONE',  ( -1500.000000000000455, -1500.000000000000000, 901.9999999999998863 ) ) ;
#5035 = EDGE_CURVE ( 'NONE', #4638, #4424, #4459, .T. ) ;
#5036 = ORIENTED_EDGE ( 'NONE', *, *, #5736, .T. ) ;
#5037 = ORIENTED_EDGE ( 'NONE', *, *, #4451, .T. ) ;
#5038 = LINE ( 'NONE', #4543, #522 ) ;
#5039 = ADVANCED_FACE ( 'NONE', ( #3098 ), #5046, .F. ) ;
#5040 = CARTESIAN_POINT ( 'NONE',  ( 5599.999999999999091, -5600.000000000000000, 100.0000000000000000 ) ) ;
#5041 = DIRECTION ( 'NONE',  ( 1.239088197126290324E-16, -1.000000000000000000, 0.000000000000000000 ) ) ;
#5042 = ORIENTED_EDGE ( 'NONE', *, *, #853, .T. ) ;
#5043 = VERTEX_POINT ( 'NONE', #2132 ) ;
#5044 = DIRECTION ( 'NONE',  ( 0.000000000000000000, -1.000000000000000000, 0.000000000000000000 ) ) ;
#5045 = EDGE_LOOP ( 'NONE', ( #6024, #582, #4074, #789, #4134, #116 ) ) ;
#5046 = PLANE ( 'NONE',  #5546 ) ;
#5047 = ORIENTED_EDGE ( 'NONE', *, *, #2665, .F. ) ;
#5048 = CARTESIAN_POINT ( 'NONE',  ( -3000.000000000000000, -2700.000000000000000, 151.9999999999999432 ) ) ;
#5049 = DIRECTION ( 'NONE',  ( 1.000000000000000000, -0.000000000000000000, -0.000000000000000000 ) ) ;
#5050 = ORIENTED_EDGE ( 'NONE', *, *, #2449, .F. ) ;
#5051 = VECTOR ( 'NONE', #1946, 1000.000000000000000 ) ;
#5052 = VECTOR ( 'NONE', #3739, 1000.000000000000000 ) ;
#5053 = CARTESIAN_POINT ( 'NONE',  ( -3999.999999999999545, -1800.100000000000136, 602.0000000000000000 ) ) ;
#5054 = ADVANCED_FACE ( 'NONE', ( #4088 ), #4024, .F. ) ;
#5055 = DIRECTION ( 'NONE',  ( -0.000000000000000000, -1.000000000000000000, -0.000000000000000000 ) ) ;
#5056 = DIRECTION ( 'NONE',  ( 0.000000000000000000, 0.000000000000000000, -1.000000000000000000 ) ) ;
#5057 = FACE_OUTER_BOUND ( 'NONE', #218, .T. ) ;
#5058 = VECTOR ( 'NONE', #256, 1000.000000000000000 ) ;
#5059 = VECTOR ( 'NONE', #3021, 1000.000000000000000 ) ;
#5060 = ORIENTED_EDGE ( 'NONE', *, *, #6004, .T. ) ;
#5061 = VECTOR ( 'NONE', #1406, 1000.000000000000000 ) ;
#5062 = CARTESIAN_POINT ( 'NONE',  ( -599.9999999999984084, -3650.000000000001364, 4.000000000000000000 ) ) ;
#5063 = EDGE_CURVE ( 'NONE', #5545, #4295, #3500, .T. ) ;
#5064 =( GEOMETRIC_REPRESENTATION_CONTEXT ( 3 ) GLOBAL_UNCERTAINTY_ASSIGNED_CONTEXT ( ( #5592 ) ) GLOBAL_UNIT_ASSIGNED_CONTEXT ( ( #2070, #185, #3903 ) ) REPRESENTATION_CONTEXT ( 'NONE', 'WORKASPACE' ) );
#5065 = CYLINDRICAL_SURFACE ( 'NONE', #996, 134.9999999999999432 ) ;
#5066 = EDGE_CURVE ( 'NONE', #1426, #3159, #5482, .T. ) ;
#5067 = EDGE_CURVE ( 'NONE', #2648, #5510, #4495, .T. ) ;
#5068 = CARTESIAN_POINT ( 'NONE',  ( 0.000000000000000000, 0.000000000000000000, 604.0000000000000000 ) ) ;
#5069 = EDGE_LOOP ( 'NONE', ( #3723, #3177, #3256, #1868 ) ) ;
#5070 = VECTOR ( 'NONE', #4698, 1000.000000000000000 ) ;
#5071 = DIRECTION ( 'NONE',  ( -0.000000000000000000, -0.000000000000000000, -1.000000000000000000 ) ) ;
#5072 = ORIENTED_EDGE ( 'NONE', *, *, #4073, .T. ) ;
#5073 = ORIENTED_EDGE ( 'NONE', *, *, #2793, .F. ) ;
#5074 = LINE ( 'NONE', #1779, #2884 ) ;
#5075 = AXIS2_PLACEMENT_3D ( 'NONE', #1215, #1643, #4966 ) ;
#5076 = FACE_OUTER_BOUND ( 'NONE', #1137, .T. ) ;
#5077 = CARTESIAN_POINT ( 'NONE',  ( 0.000000000000000000, 0.000000000000000000, 752.0000000000000000 ) ) ;
#5078 = VERTEX_POINT ( 'NONE', #3560 ) ;
#5079 = EDGE_CURVE ( 'NONE', #1469, #2890, #5451, .T. ) ;
#5080 = VERTEX_POINT ( 'NONE', #2569 ) ;
#5081 = CARTESIAN_POINT ( 'NONE',  ( -2950.000000000000000, 2950.000000000000000, 652.0000000000000000 ) ) ;
#5082 = VECTOR ( 'NONE', #4615, 1000.000000000000000 ) ;
#5083 = VERTEX_POINT ( 'NONE', #5977 ) ;
#5084 = DIRECTION ( 'NONE',  ( 0.000000000000000000, -1.000000000000000000, 0.000000000000000000 ) ) ;
#5085 = EDGE_LOOP ( 'NONE', ( #4740, #148, #3850, #2906 ) ) ;
#5086 = DIRECTION ( 'NONE',  ( 0.000000000000000000, 1.000000000000000000, 0.000000000000000000 ) ) ;
#5087 = DIRECTION ( 'NONE',  ( 8.881784197001244435E-16, -1.000000000000000000, 0.000000000000000000 ) ) ;
#5088 = ORIENTED_EDGE ( 'NONE', *, *, #5338, .F. ) ;
#5089 = AXIS2_PLACEMENT_3D ( 'NONE', #5204, #5695, #3375 ) ;
#5090 = CARTESIAN_POINT ( 'NONE',  ( 25.00000000000021672, 3000.000000000000000, 52.00000000000000711 ) ) ;
#5091 = PLANE ( 'NONE',  #2199 ) ;
#5092 = LINE ( 'NONE', #5428, #3763 ) ;
#5093 = EDGE_LOOP ( 'NONE', ( #6073, #5562, #119, #5749 ) ) ;
#5094 = VERTEX_POINT ( 'NONE', #3622 ) ;
#5095 = DIRECTION ( 'NONE',  ( -1.000000000000000000, 0.000000000000000000, -0.000000000000000000 ) ) ;
#5096 = CARTESIAN_POINT ( 'NONE',  ( 1000.000000000000909, -999.9999999999997726, 903.9999999999998863 ) ) ;
#5097 = PLANE ( 'NONE',  #3476 ) ;
#5098 = EDGE_CURVE ( 'NONE', #4392, #1919, #215, .T. ) ;
#5099 = VERTEX_POINT ( 'NONE', #3529 ) ;
#5100 =( LENGTH_UNIT ( ) NAMED_UNIT ( * ) SI_UNIT ( .MILLI., .METRE. ) );
#5101 = ORIENTED_EDGE ( 'NONE', *, *, #835, .F. ) ;
#5102 = ORIENTED_EDGE ( 'NONE', *, *, #4151, .F. ) ;
#5103 = EDGE_CURVE ( 'NONE', #5440, #798, #5418, .T. ) ;
#5104 = LINE ( 'NONE', #4137, #23 ) ;
#5105 = CARTESIAN_POINT ( 'NONE',  ( 500.0000000000000000, -2200.000000000000000, 603.0000000000000000 ) ) ;
#5106 = LINE ( 'NONE', #392, #874 ) ;
#5107 = ORIENTED_EDGE ( 'NONE', *, *, #2665, .T. ) ;
#5108 = EDGE_CURVE ( 'NONE', #2962, #5945, #4212, .T. ) ;
#5109 = ORIENTED_EDGE ( 'NONE', *, *, #4873, .T. ) ;
#5110 = CARTESIAN_POINT ( 'NONE',  ( -4800.000000000000909, -5500.000000000000000, 2.000000000000000000 ) ) ;
#5111 = ORIENTED_EDGE ( 'NONE', *, *, #4963, .T. ) ;
#5112 = FACE_OUTER_BOUND ( 'NONE', #5028, .T. ) ;
#5113 = ORIENTED_EDGE ( 'NONE', *, *, #5003, .T. ) ;
#5114 = DIRECTION ( 'NONE',  ( 1.000000000000000000, 0.000000000000000000, -0.000000000000000000 ) ) ;
#5115 = CARTESIAN_POINT ( 'NONE',  ( -1000.000000000000455, 1500.000000000000000, 903.9999999999998863 ) ) ;
#5116 = VERTEX_POINT ( 'NONE', #5578 ) ;
#5117 = CARTESIAN_POINT ( 'NONE',  ( -90.00000000000044054, 4250.000000000002728, 402.0000000000000000 ) ) ;
#5118 = LINE ( 'NONE', #6046, #2000 ) ;
#5119 = EDGE_CURVE ( 'NONE', #5545, #2348, #2816, .T. ) ;
#5120 = PLANE ( 'NONE',  #5357 ) ;
#5121 = VERTEX_POINT ( 'NONE', #5171 ) ;
#5122 = EDGE_LOOP ( 'NONE', ( #2550, #821, #1284, #4124, #708, #530, #2225, #2115, #3405, #341, #598, #3541, #3232, #4119, #5719, #4412, #3532, #1751, #1536, #5877 ) ) ;
#5123 = FACE_OUTER_BOUND ( 'NONE', #1071, .T. ) ;
#5124 = CARTESIAN_POINT ( 'NONE',  ( -5500.000000000000909, 5500.000000000000000, 100.0000000000000000 ) ) ;
#5125 = AXIS2_PLACEMENT_3D ( 'NONE', #4184, #2697, #3196 ) ;
#5126 = CARTESIAN_POINT ( 'NONE',  ( -4000.000000000000000, 0.000000000000000000, 0.000000000000000000 ) ) ;
#5127 = EDGE_LOOP ( 'NONE', ( #2821, #2508, #1828, #5220, #1547, #6090, #3759, #5147 ) ) ;
#5128 = FACE_OUTER_BOUND ( 'NONE', #5588, .T. ) ;
#5129 = ORIENTED_EDGE ( 'NONE', *, *, #1729, .F. ) ;
#5130 = ORIENTED_EDGE ( 'NONE', *, *, #1385, .F. ) ;
#5131 = VECTOR ( 'NONE', #633, 1000.000000000000000 ) ;
#5132 = EDGE_CURVE ( 'NONE', #808, #3100, #4181, .T. ) ;
#5133 = DIRECTION ( 'NONE',  ( -0.000000000000000000, -0.000000000000000000, -1.000000000000000000 ) ) ;
#5134 = EDGE_CURVE ( 'NONE', #3147, #5892, #3958, .T. ) ;
#5135 = VECTOR ( 'NONE', #222, 1000.000000000000000 ) ;
#5136 = LINE ( 'NONE', #885, #3545 ) ;
#5137 = VERTEX_POINT ( 'NONE', #2224 ) ;
#5138 = ORIENTED_EDGE ( 'NONE', *, *, #1312, .T. ) ;
#5139 = DIRECTION ( 'NONE',  ( 0.000000000000000000, -0.000000000000000000, 1.000000000000000000 ) ) ;
#5140 = ORIENTED_EDGE ( 'NONE', *, *, #1501, .T. ) ;
#5141 = CARTESIAN_POINT ( 'NONE',  ( -499.9999999999999432, 2200.000000000000000, 602.0000000000000000 ) ) ;
#5142 = EDGE_CURVE ( 'NONE', #4957, #4920, #3311, .T. ) ;
#5143 = ADVANCED_FACE ( 'NONE', ( #862 ), #5541, .F. ) ;
#5144 = ORIENTED_EDGE ( 'NONE', *, *, #4862, .F. ) ;
#5145 = DIRECTION ( 'NONE',  ( 0.000000000000000000, 0.000000000000000000, 1.000000000000000000 ) ) ;
#5146 = CARTESIAN_POINT ( 'NONE',  ( -599.9999999999984084, -3650.000000000001364, 2.000000000000000000 ) ) ;
#5147 = ORIENTED_EDGE ( 'NONE', *, *, #3561, .T. ) ;
#5148 = DIRECTION ( 'NONE',  ( 0.000000000000000000, -1.000000000000000000, 0.000000000000000000 ) ) ;
#5149 = FACE_BOUND ( 'NONE', #2833, .T. ) ;
#5150 = DIRECTION ( 'NONE',  ( -1.000000000000000000, 0.000000000000000000, 0.000000000000000000 ) ) ;
#5151 = ORIENTED_EDGE ( 'NONE', *, *, #4723, .F. ) ;
#5152 = AXIS2_PLACEMENT_3D ( 'NONE', #461, #5084, #2754 ) ;
#5153 = ORIENTED_EDGE ( 'NONE', *, *, #1090, .T. ) ;
#5154 = DIRECTION ( 'NONE',  ( -1.000000000000000000, -0.000000000000000000, -0.000000000000000000 ) ) ;
#5155 = VECTOR ( 'NONE', #2047, 1000.000000000000000 ) ;
#5156 = CARTESIAN_POINT ( 'NONE',  ( -5500.000000000000909, -4800.000000000000000, 4.000000000000000000 ) ) ;
#5157 = AXIS2_PLACEMENT_3D ( 'NONE', #2568, #4456, #799 ) ;
#5158 = CARTESIAN_POINT ( 'NONE',  ( -1500.000000000000455, -1500.000000000000000, 602.0000000000000000 ) ) ;
#5159 = EDGE_LOOP ( 'NONE', ( #1875, #2318, #5322, #2737 ) ) ;
#5160 = ORIENTED_EDGE ( 'NONE', *, *, #4340, .F. ) ;
#5161 = VERTEX_POINT ( 'NONE', #1358 ) ;
#5162 = VECTOR ( 'NONE', #2210, 1000.000000000000000 ) ;
#5163 = PRODUCT_DEFINITION_SHAPE ( 'NONE', 'NONE',  #1025 ) ;
#5164 = DIRECTION ( 'NONE',  ( 0.000000000000000000, -1.000000000000000000, 0.000000000000000000 ) ) ;
#5165 = LINE ( 'NONE', #1506, #4632 ) ;
#5166 = EDGE_LOOP ( 'NONE', ( #3818, #1278, #278, #381 ) ) ;
#5167 = ORIENTED_EDGE ( 'NONE', *, *, #4304, .F. ) ;
#5168 = VECTOR ( 'NONE', #5705, 1000.000000000000000 ) ;
#5169 = CARTESIAN_POINT ( 'NONE',  ( -249.9999999999999147, 2450.000000000000000, 603.0000000000000000 ) ) ;
#5170 = ORIENTED_EDGE ( 'NONE', *, *, #4992, .T. ) ;
#5171 = CARTESIAN_POINT ( 'NONE',  ( -1000.000000000000455, 1000.000000000000000, 901.9999999999998863 ) ) ;
#5172 = CARTESIAN_POINT ( 'NONE',  ( -249.9999999999999147, 2450.000000000000000, 603.0000000000000000 ) ) ;
#5173 = ORIENTED_EDGE ( 'NONE', *, *, #3857, .F. ) ;
#5174 = AXIS2_PLACEMENT_3D ( 'NONE', #1891, #3782, #2765 ) ;
#5175 = DIRECTION ( 'NONE',  ( 0.000000000000000000, -0.000000000000000000, -1.000000000000000000 ) ) ;
#5176 = CARTESIAN_POINT ( 'NONE',  ( 2999.900000000000091, -1800.000000000000227, 602.0000000000000000 ) ) ;
#5177 = EDGE_CURVE ( 'NONE', #366, #2726, #4114, .T. ) ;
#5178 = ORIENTED_EDGE ( 'NONE', *, *, #3786, .F. ) ;
#5179 = VECTOR ( 'NONE', #5071, 1000.000000000000000 ) ;
#5180 = EDGE_CURVE ( 'NONE', #4621, #2104, #397, .T. ) ;
#5181 = CARTESIAN_POINT ( 'NONE',  ( -3000.000000000000000, -1800.000000000000227, 652.0000000000000000 ) ) ;
#5182 = EDGE_CURVE ( 'NONE', #4280, #4295, #923, .T. ) ;
#5183 = DIRECTION ( 'NONE',  ( 1.000000000000000000, 0.000000000000000000, 0.000000000000000000 ) ) ;
#5184 = LINE ( 'NONE', #1831, #3575 ) ;
#5185 = ORIENTED_EDGE ( 'NONE', *, *, #359, .T. ) ;
#5186 = AXIS2_PLACEMENT_3D ( 'NONE', #1759, #5726, #1020 ) ;
#5187 = ADVANCED_FACE ( 'NONE', ( #3687 ), #3223, .F. ) ;
#5188 = LINE ( 'NONE', #415, #3940 ) ;
#5189 = CARTESIAN_POINT ( 'NONE',  ( -4000.000000000000909, -5500.000000000000000, 4.000000000000000000 ) ) ;
#5190 = DIRECTION ( 'NONE',  ( 1.000000000000000000, 0.000000000000000000, -0.000000000000000000 ) ) ;
#5191 = ORIENTED_EDGE ( 'NONE', *, *, #2303, .T. ) ;
#5192 = VERTEX_POINT ( 'NONE', #5200 ) ;
#5193 = ORIENTED_EDGE ( 'NONE', *, *, #5320, .T. ) ;
#5194 = DIRECTION ( 'NONE',  ( -0.000000000000000000, 0.000000000000000000, 1.000000000000000000 ) ) ;
#5195 = PLANE ( 'NONE',  #181 ) ;
#5196 = ORIENTED_EDGE ( 'NONE', *, *, #3428, .F. ) ;
#5197 = ORIENTED_EDGE ( 'NONE', *, *, #3842, .F. ) ;
#5198 = CARTESIAN_POINT ( 'NONE',  ( 135.0000000000000000, 1.653273178848927024E-14, 901.9999999999998863 ) ) ;
#5199 = ORIENTED_EDGE ( 'NONE', *, *, #3323, .T. ) ;
#5200 = CARTESIAN_POINT ( 'NONE',  ( -5600.000000000000909, 5600.000000000000000, 100.0000000000000000 ) ) ;
#5201 = DIRECTION ( 'NONE',  ( -1.000000000000000000, -0.000000000000000000, -0.000000000000000000 ) ) ;
#5202 = ORIENTED_EDGE ( 'NONE', *, *, #1076, .F. ) ;
#5203 = CARTESIAN_POINT ( 'NONE',  ( 1000.000000000000455, 1000.000000000000227, 903.9999999999998863 ) ) ;
#5204 = CARTESIAN_POINT ( 'NONE',  ( 1499.999999999999545, -1500.000000000000000, 901.9999999999998863 ) ) ;
#5205 = ORIENTED_EDGE ( 'NONE', *, *, #1843, .T. ) ;
#5206 = DIRECTION ( 'NONE',  ( 0.000000000000000000, 1.000000000000000000, 7.401486830834381209E-16 ) ) ;
#5207 = FACE_OUTER_BOUND ( 'NONE', #1668, .T. ) ;
#5208 = EDGE_CURVE ( 'NONE', #2425, #930, #1824, .T. ) ;
#5209 = PLANE ( 'NONE',  #4172 ) ;
#5210 = ORIENTED_EDGE ( 'NONE', *, *, #1012, .F. ) ;
#5211 = EDGE_CURVE ( 'NONE', #5954, #174, #4733, .T. ) ;
#5212 = CARTESIAN_POINT ( 'NONE',  ( 4000.000000000000000, -2100.000000000000455, 301.9999999999998295 ) ) ;
#5213 = CARTESIAN_POINT ( 'NONE',  ( -24.99999999999996803, -1500.000000000000000, 652.0000000000000000 ) ) ;
#5214 = LINE ( 'NONE', #2770, #2177 ) ;
#5215 = EDGE_CURVE ( 'NONE', #4113, #3020, #2349, .T. ) ;
#5216 = DIRECTION ( 'NONE',  ( -1.000000000000000000, -0.000000000000000000, -0.000000000000000000 ) ) ;
#5217 = EDGE_LOOP ( 'NONE', ( #3627, #5708, #4709, #398, #5615, #3180 ) ) ;
#5218 = ORIENTED_EDGE ( 'NONE', *, *, #5103, .F. ) ;
#5219 = DIRECTION ( 'NONE',  ( -1.000000000000000000, 0.000000000000000000, 0.000000000000000000 ) ) ;
#5220 = ORIENTED_EDGE ( 'NONE', *, *, #4261, .T. ) ;
#5221 = AXIS2_PLACEMENT_3D ( 'NONE', #2035, #2626, #2097 ) ;
#5222 = CARTESIAN_POINT ( 'NONE',  ( 1499.999999999999545, -1500.000000000000000, 901.9999999999998863 ) ) ;
#5223 = DIRECTION ( 'NONE',  ( 1.000000000000000000, 0.000000000000000000, 0.000000000000000000 ) ) ;
#5224 = CARTESIAN_POINT ( 'NONE',  ( -1000.000000000000455, 1000.000000000000000, 903.9999999999998863 ) ) ;
#5225 = AXIS2_PLACEMENT_3D ( 'NONE', #3884, #5801, #1556 ) ;
#5226 = AXIS2_PLACEMENT_3D ( 'NONE', #5405, #5781, #3047 ) ;
#5227 = EDGE_CURVE ( 'NONE', #4244, #5499, #834, .T. ) ;
#5228 = EDGE_LOOP ( 'NONE', ( #1295, #3709, #402, #3283 ) ) ;
#5229 = CARTESIAN_POINT ( 'NONE',  ( -1000.000000000000455, -1000.000000000000000, 903.9999999999998863 ) ) ;
#5230 = ORIENTED_EDGE ( 'NONE', *, *, #4499, .F. ) ;
#5231 = VECTOR ( 'NONE', #565, 1000.000000000000000 ) ;
#5232 = LINE ( 'NONE', #3282, #4433 ) ;
#5233 = ORIENTED_EDGE ( 'NONE', *, *, #4583, .T. ) ;
#5234 = LINE ( 'NONE', #1917, #172 ) ;
#5235 = DIRECTION ( 'NONE',  ( 0.000000000000000000, 1.000000000000000000, 2.035408878479451948E-15 ) ) ;
#5236 = ORIENTED_EDGE ( 'NONE', *, *, #1040, .T. ) ;
#5237 = LINE ( 'NONE', #2389, #3571 ) ;
#5238 = LINE ( 'NONE', #2478, #4848 ) ;
#5239 = DIRECTION ( 'NONE',  ( -1.000000000000000000, -0.000000000000000000, -0.000000000000000000 ) ) ;
#5240 = ORIENTED_EDGE ( 'NONE', *, *, #888, .F. ) ;
#5241 = CARTESIAN_POINT ( 'NONE',  ( 5599.999999999999091, -5600.000000000000000, 100.0000000000000000 ) ) ;
#5242 = FACE_OUTER_BOUND ( 'NONE', #4613, .T. ) ;
#5243 = PLANE ( 'NONE',  #410 ) ;
#5244 = LINE ( 'NONE', #5158, #4371 ) ;
#5245 = ORIENTED_EDGE ( 'NONE', *, *, #1170, .F. ) ;
#5246 = VECTOR ( 'NONE', #4355, 1000.000000000000000 ) ;
#5247 = EDGE_CURVE ( 'NONE', #4360, #275, #5663, .T. ) ;
#5248 = ORIENTED_EDGE ( 'NONE', *, *, #4393, .T. ) ;
#5249 = DIRECTION ( 'NONE',  ( 1.000000000000000000, 0.000000000000000000, 0.000000000000000000 ) ) ;
#5250 = EDGE_LOOP ( 'NONE', ( #251, #5683, #5007, #2219 ) ) ;
#5251 = VECTOR ( 'NONE', #4921, 1000.000000000000000 ) ;
#5252 = ADVANCED_FACE ( 'NONE', ( #5112 ), #2843, .F. ) ;
#5253 = CIRCLE ( 'NONE', #1687, 135.0000000000000000 ) ;
#5254 = ADVANCED_FACE ( 'NONE', ( #4145 ), #3652, .F. ) ;
#5255 = DIRECTION ( 'NONE',  ( -0.000000000000000000, -0.000000000000000000, -1.000000000000000000 ) ) ;
#5256 = VECTOR ( 'NONE', #1956, 1000.000000000000000 ) ;
#5257 = VECTOR ( 'NONE', #698, 1000.000000000000000 ) ;
#5258 = DIRECTION ( 'NONE',  ( 1.000000000000000000, 0.000000000000000000, 0.000000000000000000 ) ) ;
#5259 = CARTESIAN_POINT ( 'NONE',  ( -1000.000000000000455, -1000.000000000000000, 903.9999999999998863 ) ) ;
#5260 = ORIENTED_EDGE ( 'NONE', *, *, #591, .F. ) ;
#5261 = VECTOR ( 'NONE', #111, 1000.000000000000000 ) ;
#5262 = LINE ( 'NONE', #1876, #5838 ) ;
#5263 = AXIS2_PLACEMENT_3D ( 'NONE', #3, #4220, #500 ) ;
#5264 = EDGE_LOOP ( 'NONE', ( #2992, #5197, #4211, #2548 ) ) ;
#5265 = DIRECTION ( 'NONE',  ( 0.000000000000000000, 0.000000000000000000, 1.000000000000000000 ) ) ;
#5266 = ORIENTED_EDGE ( 'NONE', *, *, #3677, .T. ) ;
#5267 = DIRECTION ( 'NONE',  ( 1.000000000000000000, 0.000000000000000000, 0.000000000000000000 ) ) ;
#5268 = LINE ( 'NONE', #4308, #630 ) ;
#5269 = VECTOR ( 'NONE', #5055, 1000.000000000000000 ) ;
#5270 = VECTOR ( 'NONE', #4880, 1000.000000000000000 ) ;
#5271 = VERTEX_POINT ( 'NONE', #1591 ) ;
#5272 = CARTESIAN_POINT ( 'NONE',  ( 24.99999999999997868, 2200.000000000000000, 602.0000000000000000 ) ) ;
#5273 = EDGE_CURVE ( 'NONE', #1369, #5945, #3043, .T. ) ;
#5274 = CARTESIAN_POINT ( 'NONE',  ( -4700.000000000000909, -5500.000000000000000, 4.000000000000000000 ) ) ;
#5275 = VECTOR ( 'NONE', #2667, 1000.000000000000000 ) ;
#5276 = ORIENTED_EDGE ( 'NONE', *, *, #5702, .T. ) ;
#5277 = CARTESIAN_POINT ( 'NONE',  ( 250.0000000000002274, -2450.000000000000000, 604.0000000000000000 ) ) ;
#5278 = DIRECTION ( 'NONE',  ( 0.000000000000000000, 1.000000000000000000, 0.000000000000000000 ) ) ;
#5279 = CARTESIAN_POINT ( 'NONE',  ( -1500.000000000000909, 500.0000000000000000, 752.0000000000000000 ) ) ;
#5280 = CIRCLE ( 'NONE', #4191, 134.9999999999999432 ) ;
#5281 = CARTESIAN_POINT ( 'NONE',  ( -4000.000000000000000, -1800.000000000000227, 452.0000000000001705 ) ) ;
#5282 = VERTEX_POINT ( 'NONE', #1151 ) ;
#5283 = CARTESIAN_POINT ( 'NONE',  ( 2999.900000000000091, -800.0000000000002274, 602.0000000000000000 ) ) ;
#5284 = ORIENTED_EDGE ( 'NONE', *, *, #1385, .T. ) ;
#5285 = ADVANCED_FACE ( 'NONE', ( #4937 ), #2379, .F. ) ;
#5286 = CARTESIAN_POINT ( 'NONE',  ( -5600.000000000000909, -5600.000000000000000, 100.0000000000000000 ) ) ;
#5287 = PLANE ( 'NONE',  #4729 ) ;
#5288 = ORIENTED_EDGE ( 'NONE', *, *, #1354, .F. ) ;
#5289 = ADVANCED_FACE ( 'NONE', ( #4352 ), #4384, .T. ) ;
#5290 = EDGE_LOOP ( 'NONE', ( #2751, #5284, #1291, #5248, #4367, #2506, #3148 ) ) ;
#5291 = DIRECTION ( 'NONE',  ( 0.000000000000000000, 0.000000000000000000, -1.000000000000000000 ) ) ;
#5292 = VERTEX_POINT ( 'NONE', #110 ) ;
#5293 = CARTESIAN_POINT ( 'NONE',  ( -249.9999999999999147, 2450.000000000000000, 604.0000000000000000 ) ) ;
#5294 = EDGE_LOOP ( 'NONE', ( #5500, #4887, #1231, #4494 ) ) ;
#5295 = EDGE_CURVE ( 'NONE', #1969, #3211, #4843, .T. ) ;
#5296 = DIRECTION ( 'NONE',  ( 1.000000000000000000, 0.000000000000000000, 0.000000000000000000 ) ) ;
#5297 = FACE_OUTER_BOUND ( 'NONE', #4057, .T. ) ;
#5298 = ORIENTED_EDGE ( 'NONE', *, *, #3677, .F. ) ;
#5299 = DIRECTION ( 'NONE',  ( 1.000000000000000000, -0.000000000000000000, -0.000000000000000000 ) ) ;
#5300 = LINE ( 'NONE', #619, #2875 ) ;
#5301 = PRODUCT_CONTEXT ( 'NONE', #1886, 'mechanical' ) ;
#5302 = ORIENTED_EDGE ( 'NONE', *, *, #4762, .F. ) ;
#5303 = EDGE_CURVE ( 'NONE', #4037, #4721, #5895, .T. ) ;
#5304 = DIRECTION ( 'NONE',  ( 0.000000000000000000, -1.000000000000000000, 0.000000000000000000 ) ) ;
#5305 = ADVANCED_FACE ( 'NONE', ( #1649 ), #3912, .F. ) ;
#5306 = LINE ( 'NONE', #566, #4078 ) ;
#5307 = FACE_OUTER_BOUND ( 'NONE', #3377, .T. ) ;
#5308 = LINE ( 'NONE', #4620, #4656 ) ;
#5309 = ORIENTED_EDGE ( 'NONE', *, *, #5774, .F. ) ;
#5310 = CARTESIAN_POINT ( 'NONE',  ( 5499.999999999999091, 4500.000000000000000, 4.000000000000000000 ) ) ;
#5311 = ORIENTED_EDGE ( 'NONE', *, *, #1277, .T. ) ;
#5312 = DIRECTION ( 'NONE',  ( -0.000000000000000000, -0.000000000000000000, -1.000000000000000000 ) ) ;
#5313 = CARTESIAN_POINT ( 'NONE',  ( -4000.000000000000000, -800.0000000000002274, 603.0000000000000000 ) ) ;
#5314 = CARTESIAN_POINT ( 'NONE',  ( 25.00000000000004974, 1500.000000000000000, 652.0000000000000000 ) ) ;
#5315 = CARTESIAN_POINT ( 'NONE',  ( 3500.000000000000000, 5500.000000000000000, 4.000000000000000000 ) ) ;
#5316 = ORIENTED_EDGE ( 'NONE', *, *, #1535, .F. ) ;
#5317 = EDGE_CURVE ( 'NONE', #4987, #2143, #4554, .T. ) ;
#5318 = CARTESIAN_POINT ( 'NONE',  ( 2450.000000000000000, 2950.000000000000000, 602.0000000000000000 ) ) ;
#5319 = VERTEX_POINT ( 'NONE', #5433 ) ;
#5320 = EDGE_CURVE ( 'NONE', #5994, #4551, #3514, .T. ) ;
#5321 = CARTESIAN_POINT ( 'NONE',  ( 499.9999999999993179, 3750.000000000002728, 4.000000000000000000 ) ) ;
#5322 = ORIENTED_EDGE ( 'NONE', *, *, #4264, .F. ) ;
#5323 = CARTESIAN_POINT ( 'NONE',  ( 25.00000000000000711, -3650.000000000001364, 2.000000000000000000 ) ) ;
#5324 = DIRECTION ( 'NONE',  ( -0.000000000000000000, 0.000000000000000000, 1.000000000000000000 ) ) ;
#5325 = VECTOR ( 'NONE', #3341, 1000.000000000000000 ) ;
#5326 = EDGE_CURVE ( 'NONE', #4320, #3722, #1184, .T. ) ;
#5327 = DIRECTION ( 'NONE',  ( 0.000000000000000000, 0.000000000000000000, -1.000000000000000000 ) ) ;
#5328 = AXIS2_PLACEMENT_3D ( 'NONE', #5635, #1970, #2844 ) ;
#5329 = ADVANCED_FACE ( 'NONE', ( #2526 ), #4413, .F. ) ;
#5330 = CARTESIAN_POINT ( 'NONE',  ( -5600.000000000000909, -5600.000000000000000, 100.0000000000000000 ) ) ;
#5331 = ADVANCED_FACE ( 'NONE', ( #165 ), #1993, .F. ) ;
#5332 = ORIENTED_EDGE ( 'NONE', *, *, #4905, .F. ) ;
#5333 = CARTESIAN_POINT ( 'NONE',  ( -1000.000000000000455, -1000.000000000000000, 903.9999999999998863 ) ) ;
#5334 = CARTESIAN_POINT ( 'NONE',  ( -3000.000000000000000, -1800.100000000000136, 603.0000000000000000 ) ) ;
#5335 = CARTESIAN_POINT ( 'NONE',  ( 2999.900000000000091, -800.0000000000002274, 602.0000000000000000 ) ) ;
#5336 = DIRECTION ( 'NONE',  ( -1.776356839400251254E-15, 1.000000000000000000, 0.000000000000000000 ) ) ;
#5337 = UNCERTAINTY_MEASURE_WITH_UNIT (LENGTH_MEASURE( 1.000000000000000082E-05 ), #5100, 'distance_accuracy_value', 'NONE');
#5338 = EDGE_CURVE ( 'NONE', #2123, #2433, #5402, .T. ) ;
#5339 = VERTEX_POINT ( 'NONE', #5342 ) ;
#5340 = CARTESIAN_POINT ( 'NONE',  ( 1000.000000000000455, 1500.000000000000000, 901.9999999999998863 ) ) ;
#5341 = ORIENTED_EDGE ( 'NONE', *, *, #401, .T. ) ;
#5342 = CARTESIAN_POINT ( 'NONE',  ( -25.00000000000002487, 2200.000000000000000, 652.0000000000000000 ) ) ;
#5343 = DIRECTION ( 'NONE',  ( -0.000000000000000000, 1.000000000000000000, -0.000000000000000000 ) ) ;
#5344 = LINE ( 'NONE', #2466, #3643 ) ;
#5345 = CARTESIAN_POINT ( 'NONE',  ( 4000.000000000000000, -1800.000000000000227, 452.0000000000001705 ) ) ;
#5346 = VECTOR ( 'NONE', #3128, 1000.000000000000000 ) ;
#5347 = AXIS2_PLACEMENT_3D ( 'NONE', #3711, #306, #1752 ) ;
#5348 = ORIENTED_EDGE ( 'NONE', *, *, #5778, .F. ) ;
#5349 = CARTESIAN_POINT ( 'NONE',  ( 2950.000000000000000, 2950.000000000000000, 602.0000000000000000 ) ) ;
#5350 = ORIENTED_EDGE ( 'NONE', *, *, #5366, .T. ) ;
#5351 = VECTOR ( 'NONE', #1342, 1000.000000000000000 ) ;
#5352 = AXIS2_PLACEMENT_3D ( 'NONE', #2422, #4248, #3437 ) ;
#5353 = DIRECTION ( 'NONE',  ( -0.000000000000000000, -0.000000000000000000, -1.000000000000000000 ) ) ;
#5354 = ORIENTED_EDGE ( 'NONE', *, *, #5550, .F. ) ;
#5355 = DIRECTION ( 'NONE',  ( 0.000000000000000000, 1.000000000000000000, 0.000000000000000000 ) ) ;
#5356 = DIRECTION ( 'NONE',  ( 0.000000000000000000, -0.000000000000000000, -1.000000000000000000 ) ) ;
#5357 = AXIS2_PLACEMENT_3D ( 'NONE', #4686, #2887, #443 ) ;
#5358 = DIRECTION ( 'NONE',  ( 1.000000000000000000, 0.000000000000000000, 0.000000000000000000 ) ) ;
#5359 = CARTESIAN_POINT ( 'NONE',  ( -249.9999999999998863, 2950.000000000000000, 604.0000000000000000 ) ) ;
#5360 = CARTESIAN_POINT ( 'NONE',  ( 3000.000000000000000, -3000.000000000000000, 602.0000000000000000 ) ) ;
#5361 = EDGE_CURVE ( 'NONE', #3393, #1426, #1124, .T. ) ;
#5362 = ORIENTED_EDGE ( 'NONE', *, *, #2827, .F. ) ;
#5363 = VECTOR ( 'NONE', #5255, 1000.000000000000000 ) ;
#5364 = DIRECTION ( 'NONE',  ( -1.000000000000000000, 0.000000000000000000, 0.000000000000000000 ) ) ;
#5365 = EDGE_CURVE ( 'NONE', #4662, #5116, #5803, .T. ) ;
#5366 = EDGE_CURVE ( 'NONE', #5271, #930, #2986, .T. ) ;
#5367 = LINE ( 'NONE', #2136, #1168 ) ;
#5368 = VECTOR ( 'NONE', #3567, 1000.000000000000000 ) ;
#5369 = DIRECTION ( 'NONE',  ( 0.000000000000000000, -1.000000000000000000, 0.000000000000000000 ) ) ;
#5370 = DIRECTION ( 'NONE',  ( -0.000000000000000000, -0.000000000000000000, -1.000000000000000000 ) ) ;
#5371 = DIRECTION ( 'NONE',  ( -1.000000000000000000, 0.000000000000000000, 0.000000000000000000 ) ) ;
#5372 = EDGE_CURVE ( 'NONE', #4314, #4995, #3980, .T. ) ;
#5373 = ORIENTED_EDGE ( 'NONE', *, *, #4796, .T. ) ;
#5374 = CARTESIAN_POINT ( 'NONE',  ( -1000.000000000000455, -1000.000000000000000, 903.9999999999998863 ) ) ;
#5375 = VERTEX_POINT ( 'NONE', #3700 ) ;
#5376 = VECTOR ( 'NONE', #4708, 1000.000000000000000 ) ;
#5377 = DIRECTION ( 'NONE',  ( 0.000000000000000000, -0.000000000000000000, 1.000000000000000000 ) ) ;
#5378 = CARTESIAN_POINT ( 'NONE',  ( 2950.000000000000000, -1800.000000000000227, 602.0000000000000000 ) ) ;
#5379 = CARTESIAN_POINT ( 'NONE',  ( -3000.000000000000000, -800.0000000000002274, 602.0000000000000000 ) ) ;
#5380 = FACE_OUTER_BOUND ( 'NONE', #6081, .T. ) ;
#5381 = ORIENTED_EDGE ( 'NONE', *, *, #3485, .F. ) ;
#5382 = LINE ( 'NONE', #4912, #2388 ) ;
#5383 = ORIENTED_EDGE ( 'NONE', *, *, #1378, .F. ) ;
#5384 = CARTESIAN_POINT ( 'NONE',  ( -499.9999999999999432, 2200.000000000000000, 603.0000000000000000 ) ) ;
#5385 = ORIENTED_EDGE ( 'NONE', *, *, #1501, .F. ) ;
#5386 = DIRECTION ( 'NONE',  ( 1.000000000000000000, 0.000000000000000000, 0.000000000000000000 ) ) ;
#5387 = LINE ( 'NONE', #1135, #4193 ) ;
#5388 = DIRECTION ( 'NONE',  ( -0.000000000000000000, 1.000000000000000000, -0.000000000000000000 ) ) ;
#5389 = EDGE_LOOP ( 'NONE', ( #1753, #5332, #430, #4641 ) ) ;
#5390 = CARTESIAN_POINT ( 'NONE',  ( -5500.000000000000909, 5500.000000000000000, 100.0000000000000000 ) ) ;
#5391 = ORIENTED_EDGE ( 'NONE', *, *, #4490, .T. ) ;
#5392 = FACE_OUTER_BOUND ( 'NONE', #4237, .T. ) ;
#5393 = DIRECTION ( 'NONE',  ( 1.000000000000000000, 0.000000000000000000, -0.000000000000000000 ) ) ;
#5394 = ADVANCED_FACE ( 'NONE', ( #2674 ), #5065, .T. ) ;
#5395 = CARTESIAN_POINT ( 'NONE',  ( -2999.900000000000091, -800.0000000000002274, 602.0000000000000000 ) ) ;
#5396 = CARTESIAN_POINT ( 'NONE',  ( 4000.000000000000000, -1800.000000000000227, 452.0000000000001705 ) ) ;
#5397 = CARTESIAN_POINT ( 'NONE',  ( -25.00000000000015987, 4750.000000000002728, 52.00000000000000711 ) ) ;
#5398 = EDGE_CURVE ( 'NONE', #3584, #1353, #4101, .T. ) ;
#5399 = ORIENTED_EDGE ( 'NONE', *, *, #551, .F. ) ;
#5400 = CARTESIAN_POINT ( 'NONE',  ( 499.9999999999993179, 3750.000000000002728, 2.000000000000000000 ) ) ;
#5401 = EDGE_LOOP ( 'NONE', ( #2313, #4192, #2634, #1814 ) ) ;
#5402 = LINE ( 'NONE', #2585, #1976 ) ;
#5403 = EDGE_CURVE ( 'NONE', #1193, #2265, #4068, .T. ) ;
#5404 = DIRECTION ( 'NONE',  ( -0.000000000000000000, 1.000000000000000000, -0.000000000000000000 ) ) ;
#5405 = CARTESIAN_POINT ( 'NONE',  ( -599.9999999999984084, -4850.000000000000909, 4.000000000000000000 ) ) ;
#5406 = DIRECTION ( 'NONE',  ( -1.000000000000000000, -0.000000000000000000, -0.000000000000000000 ) ) ;
#5407 = ORIENTED_EDGE ( 'NONE', *, *, #2217, .F. ) ;
#5408 = ORIENTED_EDGE ( 'NONE', *, *, #232, .F. ) ;
#5409 = PLANE ( 'NONE',  #1790 ) ;
#5410 = DIRECTION ( 'NONE',  ( 1.000000000000000000, -8.881784197001244435E-16, 0.000000000000000000 ) ) ;
#5411 = ORIENTED_EDGE ( 'NONE', *, *, #1314, .F. ) ;
#5412 = DIRECTION ( 'NONE',  ( -0.000000000000000000, -0.000000000000000000, -1.000000000000000000 ) ) ;
#5413 = CARTESIAN_POINT ( 'NONE',  ( -25.00000000000015987, 4750.000000000002728, 2.000000000000000000 ) ) ;
#5414 = ADVANCED_FACE ( 'NONE', ( #2269 ), #4596, .F. ) ;
#5415 = ORIENTED_EDGE ( 'NONE', *, *, #5366, .F. ) ;
#5416 = CARTESIAN_POINT ( 'NONE',  ( -5600.000000000000909, 5600.000000000000000, 0.000000000000000000 ) ) ;
#5417 = VERTEX_POINT ( 'NONE', #1221 ) ;
#5418 = LINE ( 'NONE', #6035, #3760 ) ;
#5419 = AXIS2_PLACEMENT_3D ( 'NONE', #3434, #3025, #4916 ) ;
#5420 = ORIENTED_EDGE ( 'NONE', *, *, #4509, .F. ) ;
#5421 = DIRECTION ( 'NONE',  ( 0.000000000000000000, 0.000000000000000000, -1.000000000000000000 ) ) ;
#5422 = ORIENTED_EDGE ( 'NONE', *, *, #4661, .F. ) ;
#5423 = VECTOR ( 'NONE', #4294, 1000.000000000000000 ) ;
#5424 = AXIS2_PLACEMENT_3D ( 'NONE', #4387, #4011, #4846 ) ;
#5425 = DIRECTION ( 'NONE',  ( 0.000000000000000000, -0.000000000000000000, 1.000000000000000000 ) ) ;
#5426 = CARTESIAN_POINT ( 'NONE',  ( -2950.000000000000000, -2950.000000000000000, 652.0000000000000000 ) ) ;
#5427 = LINE ( 'NONE', #4527, #5275 ) ;
#5428 = CARTESIAN_POINT ( 'NONE',  ( 2450.000000000000000, 2950.000000000000000, 604.0000000000000000 ) ) ;
#5429 = VECTOR ( 'NONE', #2664, 1000.000000000000000 ) ;
#5430 = ORIENTED_EDGE ( 'NONE', *, *, #2391, .T. ) ;
#5431 = DIRECTION ( 'NONE',  ( 1.000000000000000000, 0.000000000000000000, 0.000000000000000000 ) ) ;
#5432 = ORIENTED_EDGE ( 'NONE', *, *, #5659, .F. ) ;
#5433 = CARTESIAN_POINT ( 'NONE',  ( 2450.000000000000000, 2450.000000000000000, 602.0000000000000000 ) ) ;
#5434 = LINE ( 'NONE', #3669, #210 ) ;
#5435 = EDGE_CURVE ( 'NONE', #3302, #4113, #352, .T. ) ;
#5436 = DIRECTION ( 'NONE',  ( -0.000000000000000000, -0.000000000000000000, -1.000000000000000000 ) ) ;
#5437 = LINE ( 'NONE', #4909, #2902 ) ;
#5438 = ADVANCED_FACE ( 'NONE', ( #6055 ), #3114, .T. ) ;
#5439 = VERTEX_POINT ( 'NONE', #3636 ) ;
#5440 = VERTEX_POINT ( 'NONE', #5591 ) ;
#5441 = EDGE_CURVE ( 'NONE', #1916, #2792, #2644, .T. ) ;
#5442 = DIRECTION ( 'NONE',  ( 0.000000000000000000, 0.000000000000000000, 1.000000000000000000 ) ) ;
#5443 = DIRECTION ( 'NONE',  ( -0.000000000000000000, 1.000000000000000000, -0.000000000000000000 ) ) ;
#5444 = VECTOR ( 'NONE', #2497, 1000.000000000000000 ) ;
#5445 = CARTESIAN_POINT ( 'NONE',  ( 250.0000000000002274, 2450.000000000000000, 604.0000000000000000 ) ) ;
#5446 = CYLINDRICAL_SURFACE ( 'NONE', #2114, 90.00000000000001421 ) ;
#5447 = ORIENTED_EDGE ( 'NONE', *, *, #293, .F. ) ;
#5448 = CARTESIAN_POINT ( 'NONE',  ( 24.99999999999984013, 4750.000000000002728, 52.00000000000000711 ) ) ;
#5449 = VECTOR ( 'NONE', #785, 1000.000000000000000 ) ;
#5450 = VECTOR ( 'NONE', #5697, 1000.000000000000000 ) ;
#5451 = LINE ( 'NONE', #679, #2276 ) ;
#5452 = ORIENTED_EDGE ( 'NONE', *, *, #3246, .T. ) ;
#5453 = CARTESIAN_POINT ( 'NONE',  ( -3500.000000000001819, 5500.000000000000000, 2.000000000000000000 ) ) ;
#5454 = ORIENTED_EDGE ( 'NONE', *, *, #723, .T. ) ;
#5455 = EDGE_CURVE ( 'NONE', #5908, #5499, #3142, .T. ) ;
#5456 = LINE ( 'NONE', #748, #974 ) ;
#5457 = CARTESIAN_POINT ( 'NONE',  ( -3500.000000000001364, 5500.000000000000000, 2.000000000000000000 ) ) ;
#5458 = VECTOR ( 'NONE', #4497, 1000.000000000000000 ) ;
#5459 = DIRECTION ( 'NONE',  ( 1.000000000000000000, 0.000000000000000000, 0.000000000000000000 ) ) ;
#5460 = PLANE ( 'NONE',  #6048 ) ;
#5461 = ORIENTED_EDGE ( 'NONE', *, *, #3761, .T. ) ;
#5462 = VECTOR ( 'NONE', #2544, 1000.000000000000000 ) ;
#5463 = LINE ( 'NONE', #5062, #3346 ) ;
#5464 = ORIENTED_EDGE ( 'NONE', *, *, #1809, .T. ) ;
#5465 = CYLINDRICAL_SURFACE ( 'NONE', #3077, 135.0000000000000000 ) ;
#5466 = VECTOR ( 'NONE', #1244, 1000.000000000000000 ) ;
#5467 = DIRECTION ( 'NONE',  ( 0.000000000000000000, 1.000000000000000000, 0.000000000000000000 ) ) ;
#5468 = DIRECTION ( 'NONE',  ( 0.000000000000000000, 0.000000000000000000, -1.000000000000000000 ) ) ;
#5469 = CARTESIAN_POINT ( 'NONE',  ( 4699.999999999998181, -5500.000000000000000, 2.000000000000000000 ) ) ;
#5470 = ORIENTED_EDGE ( 'NONE', *, *, #77, .F. ) ;
#5471 = ORIENTED_EDGE ( 'NONE', *, *, #3509, .T. ) ;
#5472 = CARTESIAN_POINT ( 'NONE',  ( 4000.000000000000000, -2700.000000000000000, 151.9999999999999432 ) ) ;
#5473 = EDGE_CURVE ( 'NONE', #3593, #1079, #4537, .T. ) ;
#5474 = LINE ( 'NONE', #3121, #3190 ) ;
#5475 = CIRCLE ( 'NONE', #5186, 90.00000000000001421 ) ;
#5476 = EDGE_CURVE ( 'NONE', #4431, #2962, #323, .T. ) ;
#5477 = CARTESIAN_POINT ( 'NONE',  ( 2950.000000000000000, 2950.000000000000000, 604.0000000000000000 ) ) ;
#5478 = DIRECTION ( 'NONE',  ( 0.000000000000000000, -0.000000000000000000, 1.000000000000000000 ) ) ;
#5479 = ORIENTED_EDGE ( 'NONE', *, *, #6086, .T. ) ;
#5480 = FACE_OUTER_BOUND ( 'NONE', #3885, .T. ) ;
#5481 = ORIENTED_EDGE ( 'NONE', *, *, #17, .F. ) ;
#5482 = LINE ( 'NONE', #5390, #5251 ) ;
#5483 = EDGE_CURVE ( 'NONE', #1034, #1717, #4128, .T. ) ;
#5484 = ORIENTED_EDGE ( 'NONE', *, *, #936, .F. ) ;
#5485 = PLANE ( 'NONE',  #2355 ) ;
#5486 = VERTEX_POINT ( 'NONE', #261 ) ;
#5487 = DIRECTION ( 'NONE',  ( 0.000000000000000000, -1.000000000000000000, 0.000000000000000000 ) ) ;
#5488 = DIRECTION ( 'NONE',  ( 1.000000000000000000, 0.000000000000000000, 0.000000000000000000 ) ) ;
#5489 = CARTESIAN_POINT ( 'NONE',  ( -2450.000000000000000, -2950.000000000000000, 602.0000000000000000 ) ) ;
#5490 = DIRECTION ( 'NONE',  ( -0.000000000000000000, -0.000000000000000000, -1.000000000000000000 ) ) ;
#5491 = EDGE_CURVE ( 'NONE', #249, #2743, #4974, .T. ) ;
#5492 = EDGE_CURVE ( 'NONE', #1848, #5375, #3608, .T. ) ;
#5493 = ORIENTED_EDGE ( 'NONE', *, *, #2040, .F. ) ;
#5494 = DIRECTION ( 'NONE',  ( 0.000000000000000000, 1.000000000000000000, 0.000000000000000000 ) ) ;
#5495 = VERTEX_POINT ( 'NONE', #4508 ) ;
#5496 = DIRECTION ( 'NONE',  ( -0.000000000000000000, -0.000000000000000000, -1.000000000000000000 ) ) ;
#5497 = DIRECTION ( 'NONE',  ( 0.000000000000000000, -0.000000000000000000, -1.000000000000000000 ) ) ;
#5498 = CARTESIAN_POINT ( 'NONE',  ( -5.551115123125782702E-13, 4250.000000000002728, 4.000000000000003553 ) ) ;
#5499 = VERTEX_POINT ( 'NONE', #5559 ) ;
#5500 = ORIENTED_EDGE ( 'NONE', *, *, #1314, .T. ) ;
#5501 = DIRECTION ( 'NONE',  ( -0.000000000000000000, -0.000000000000000000, -1.000000000000000000 ) ) ;
#5502 = CARTESIAN_POINT ( 'NONE',  ( -2450.000000000000000, 2950.000000000000000, 602.0000000000000000 ) ) ;
#5503 = DIRECTION ( 'NONE',  ( -0.000000000000000000, -0.000000000000000000, -1.000000000000000000 ) ) ;
#5504 = ORIENTED_EDGE ( 'NONE', *, *, #2991, .T. ) ;
#5505 = EDGE_CURVE ( 'NONE', #4505, #4180, #756, .T. ) ;
#5506 = ORIENTED_EDGE ( 'NONE', *, *, #3313, .T. ) ;
#5507 = CARTESIAN_POINT ( 'NONE',  ( -1000.000000000000455, 1500.000000000000000, 903.9999999999998863 ) ) ;
#5508 = ORIENTED_EDGE ( 'NONE', *, *, #1541, .F. ) ;
#5509 = CARTESIAN_POINT ( 'NONE',  ( 2450.000000000000000, -2950.000000000000000, 602.0000000000000000 ) ) ;
#5510 = VERTEX_POINT ( 'NONE', #2146 ) ;
#5511 = CARTESIAN_POINT ( 'NONE',  ( 0.000000000000000000, 0.000000000000000000, 1702.000000000000000 ) ) ;
#5512 = LINE ( 'NONE', #5544, #5376 ) ;
#5513 = EDGE_CURVE ( 'NONE', #890, #4647, #846, .T. ) ;
#5514 = ORIENTED_EDGE ( 'NONE', *, *, #3046, .F. ) ;
#5515 = ADVANCED_FACE ( 'NONE', ( #2174 ), #5465, .T. ) ;
#5516 = LINE ( 'NONE', #1764, #1584 ) ;
#5517 = EDGE_CURVE ( 'NONE', #5116, #1438, #909, .T. ) ;
#5518 = CARTESIAN_POINT ( 'NONE',  ( -499.9999999999999432, -2200.000000000000000, 602.0000000000000000 ) ) ;
#5519 = VECTOR ( 'NONE', #5355, 1000.000000000000000 ) ;
#5520 = PLANE ( 'NONE',  #5075 ) ;
#5521 = CARTESIAN_POINT ( 'NONE',  ( -2950.000000000000000, -2950.000000000000000, 604.0000000000000000 ) ) ;
#5522 = AXIS2_PLACEMENT_3D ( 'NONE', #2817, #6127, #5265 ) ;
#5523 = AXIS2_PLACEMENT_3D ( 'NONE', #2903, #3273, #977 ) ;
#5524 = ORIENTED_EDGE ( 'NONE', *, *, #166, .T. ) ;
#5525 = LINE ( 'NONE', #2769, #1563 ) ;
#5526 = VECTOR ( 'NONE', #4345, 1000.000000000000000 ) ;
#5527 = DIRECTION ( 'NONE',  ( -0.000000000000000000, -1.000000000000000000, -0.000000000000000000 ) ) ;
#5528 = EDGE_CURVE ( 'NONE', #3147, #83, #3298, .T. ) ;
#5529 = CARTESIAN_POINT ( 'NONE',  ( 1499.999999999999545, -499.9999999999995453, 602.0000000000000000 ) ) ;
#5530 = ORIENTED_EDGE ( 'NONE', *, *, #4385, .F. ) ;
#5531 = DIRECTION ( 'NONE',  ( -0.000000000000000000, -0.000000000000000000, -1.000000000000000000 ) ) ;
#5532 = ORIENTED_EDGE ( 'NONE', *, *, #5476, .T. ) ;
#5533 = EDGE_LOOP ( 'NONE', ( #1226, #2327, #920, #5140, #5823, #725, #2127, #2657, #3317, #2641, #4292, #4027 ) ) ;
#5534 = LINE ( 'NONE', #5472, #4970 ) ;
#5535 = FACE_OUTER_BOUND ( 'NONE', #5730, .T. ) ;
#5536 = LINE ( 'NONE', #3615, #4338 ) ;
#5537 = ORIENTED_EDGE ( 'NONE', *, *, #3882, .F. ) ;
#5538 = ORIENTED_EDGE ( 'NONE', *, *, #6042, .T. ) ;
#5539 = LINE ( 'NONE', #4143, #1289 ) ;
#5540 = EDGE_LOOP ( 'NONE', ( #2441, #987, #5011, #2580 ) ) ;
#5541 = PLANE ( 'NONE',  #1583 ) ;
#5542 = ORIENTED_EDGE ( 'NONE', *, *, #2791, .F. ) ;
#5543 = CARTESIAN_POINT ( 'NONE',  ( -2950.000000000000000, -800.0000000000002274, 602.0000000000000000 ) ) ;
#5544 = CARTESIAN_POINT ( 'NONE',  ( 4699.999999999999091, -5500.000000000000000, 4.000000000000000000 ) ) ;
#5545 = VERTEX_POINT ( 'NONE', #70 ) ;
#5546 = AXIS2_PLACEMENT_3D ( 'NONE', #4582, #5943, #2660 ) ;
#5547 = VECTOR ( 'NONE', #314, 1000.000000000000000 ) ;
#5548 = LINE ( 'NONE', #3628, #3073 ) ;
#5549 = CARTESIAN_POINT ( 'NONE',  ( 4000.000000000000000, -1800.100000000000136, 602.0000000000000000 ) ) ;
#5550 = EDGE_CURVE ( 'NONE', #3648, #6115, #3355, .T. ) ;
#5551 = DIRECTION ( 'NONE',  ( 1.000000000000000000, 0.000000000000000000, 0.000000000000000000 ) ) ;
#5552 = AXIS2_PLACEMENT_3D ( 'NONE', #2703, #4558, #1644 ) ;
#5553 = VERTEX_POINT ( 'NONE', #2335 ) ;
#5554 = VECTOR ( 'NONE', #3456, 1000.000000000000000 ) ;
#5555 = ADVANCED_FACE ( 'NONE', ( #939 ), #3790, .F. ) ;
#5556 = ORIENTED_EDGE ( 'NONE', *, *, #5944, .F. ) ;
#5557 = AXIS2_PLACEMENT_3D ( 'NONE', #5856, #1578, #1669 ) ;
#5558 = DIRECTION ( 'NONE',  ( 0.000000000000000000, -0.000000000000000000, -1.000000000000000000 ) ) ;
#5559 = CARTESIAN_POINT ( 'NONE',  ( 500.0000000000000000, 2200.000000000000000, 602.0000000000000000 ) ) ;
#5560 = ADVANCED_FACE ( 'NONE', ( #3816 ), #4783, .T. ) ;
#5561 = LINE ( 'NONE', #1774, #807 ) ;
#5562 = ORIENTED_EDGE ( 'NONE', *, *, #1116, .F. ) ;
#5563 = VECTOR ( 'NONE', #2436, 1000.000000000000000 ) ;
#5564 =( NAMED_UNIT ( * ) PLANE_ANGLE_UNIT ( ) SI_UNIT ( $, .RADIAN. ) );
#5565 = ORIENTED_EDGE ( 'NONE', *, *, #2452, .F. ) ;
#5566 = ORIENTED_EDGE ( 'NONE', *, *, #3109, .T. ) ;
#5567 = CARTESIAN_POINT ( 'NONE',  ( -500.0000000000006821, 3750.000000000002728, 2.000000000000000000 ) ) ;
#5568 = VECTOR ( 'NONE', #390, 1000.000000000000000 ) ;
#5569 = DIRECTION ( 'NONE',  ( 0.000000000000000000, 0.000000000000000000, -1.000000000000000000 ) ) ;
#5570 = EDGE_CURVE ( 'NONE', #6114, #2481, #3725, .T. ) ;
#5571 = LINE ( 'NONE', #362, #3441 ) ;
#5572 = ORIENTED_EDGE ( 'NONE', *, *, #5020, .F. ) ;
#5573 = EDGE_CURVE ( 'NONE', #5375, #6032, #2430, .T. ) ;
#5574 = VERTEX_POINT ( 'NONE', #878 ) ;
#5575 = DIRECTION ( 'NONE',  ( -0.000000000000000000, -0.000000000000000000, -1.000000000000000000 ) ) ;
#5576 = AXIS2_PLACEMENT_3D ( 'NONE', #2057, #2589, #664 ) ;
#5577 = ORIENTED_EDGE ( 'NONE', *, *, #5455, .T. ) ;
#5578 = CARTESIAN_POINT ( 'NONE',  ( -4800.000000000000909, -4800.000000000000000, 4.000000000000000000 ) ) ;
#5579 = ORIENTED_EDGE ( 'NONE', *, *, #115, .T. ) ;
#5580 = DIRECTION ( 'NONE',  ( 0.000000000000000000, 0.000000000000000000, 1.000000000000000000 ) ) ;
#5581 = CARTESIAN_POINT ( 'NONE',  ( -1500.000000000000455, -500.0000000000000000, 602.0000000000000000 ) ) ;
#5582 = VERTEX_POINT ( 'NONE', #2398 ) ;
#5583 = DIRECTION ( 'NONE',  ( 0.000000000000000000, -1.000000000000000000, 0.000000000000000000 ) ) ;
#5584 = LINE ( 'NONE', #3810, #4183 ) ;
#5585 = CARTESIAN_POINT ( 'NONE',  ( -24.99999999999946709, 3000.000000000000000, 52.00000000000004263 ) ) ;
#5586 = ORIENTED_EDGE ( 'NONE', *, *, #1535, .T. ) ;
#5587 = EDGE_CURVE ( 'NONE', #5999, #2591, #4318, .T. ) ;
#5588 = EDGE_LOOP ( 'NONE', ( #6080, #744 ) ) ;
#5589 = CARTESIAN_POINT ( 'NONE',  ( 4699.999999999999091, -4800.000000000000000, 4.000000000000000000 ) ) ;
#5590 = EDGE_CURVE ( 'NONE', #5499, #871, #4716, .T. ) ;
#5591 = CARTESIAN_POINT ( 'NONE',  ( -1500.000000000000909, 500.0000000000000000, 752.0000000000000000 ) ) ;
#5592 = UNCERTAINTY_MEASURE_WITH_UNIT (LENGTH_MEASURE( 1.000000000000000082E-05 ), #2070, 'distance_accuracy_value', 'NONE');
#5593 = CARTESIAN_POINT ( 'NONE',  ( 2950.000000000000000, -2950.000000000000000, 604.0000000000000000 ) ) ;
#5594 = EDGE_LOOP ( 'NONE', ( #2020, #1058, #1712, #4084 ) ) ;
#5595 = VERTEX_POINT ( 'NONE', #2307 ) ;
#5596 = ORIENTED_EDGE ( 'NONE', *, *, #445, .T. ) ;
#5597 = EDGE_CURVE ( 'NONE', #5574, #935, #4225, .T. ) ;
#5598 = ADVANCED_FACE ( 'NONE', ( #1461 ), #5243, .F. ) ;
#5599 = CARTESIAN_POINT ( 'NONE',  ( -2950.000000000000000, 2950.000000000000000, 604.0000000000000000 ) ) ;
#5600 = CARTESIAN_POINT ( 'NONE',  ( -24.99999999999977263, 3750.000000000002728, 2.000000000000000000 ) ) ;
#5601 = VERTEX_POINT ( 'NONE', #965 ) ;
#5602 = VERTEX_POINT ( 'NONE', #10 ) ;
#5603 = LINE ( 'NONE', #2188, #3466 ) ;
#5604 = VERTEX_POINT ( 'NONE', #2894 ) ;
#5605 = DIRECTION ( 'NONE',  ( 1.000000000000000000, 0.000000000000000000, 0.000000000000000000 ) ) ;
#5606 = EDGE_CURVE ( 'NONE', #1103, #4720, #5214, .T. ) ;
#5607 = VERTEX_POINT ( 'NONE', #5189 ) ;
#5608 = FACE_OUTER_BOUND ( 'NONE', #5974, .T. ) ;
#5609 = DIRECTION ( 'NONE',  ( -0.000000000000000000, -0.000000000000000000, -1.000000000000000000 ) ) ;
#5610 = ORIENTED_EDGE ( 'NONE', *, *, #4451, .F. ) ;
#5611 = LINE ( 'NONE', #3258, #5429 ) ;
#5612 = FACE_OUTER_BOUND ( 'NONE', #2933, .T. ) ;
#5613 = DIRECTION ( 'NONE',  ( -0.000000000000000000, -1.000000000000000000, -0.000000000000000000 ) ) ;
#5614 = ORIENTED_EDGE ( 'NONE', *, *, #1531, .F. ) ;
#5615 = ORIENTED_EDGE ( 'NONE', *, *, #3561, .F. ) ;
#5616 = DIRECTION ( 'NONE',  ( -0.000000000000000000, -0.000000000000000000, -1.000000000000000000 ) ) ;
#5617 = DIRECTION ( 'NONE',  ( -1.000000000000000000, -0.000000000000000000, -0.000000000000000000 ) ) ;
#5618 = VECTOR ( 'NONE', #3589, 1000.000000000000000 ) ;
#5619 = PLANE ( 'NONE',  #1496 ) ;
#5620 = ORIENTED_EDGE ( 'NONE', *, *, #5079, .F. ) ;
#5621 = LINE ( 'NONE', #2728, #1413 ) ;
#5622 = ORIENTED_EDGE ( 'NONE', *, *, #3370, .T. ) ;
#5623 = VERTEX_POINT ( 'NONE', #4692 ) ;
#5624 = VECTOR ( 'NONE', #783, 1000.000000000000000 ) ;
#5625 = EDGE_CURVE ( 'NONE', #973, #3557, #4658, .T. ) ;
#5626 = DIRECTION ( 'NONE',  ( -0.000000000000000000, -0.000000000000000000, -1.000000000000000000 ) ) ;
#5627 = EDGE_CURVE ( 'NONE', #3584, #1298, #6084, .T. ) ;
#5628 = DIRECTION ( 'NONE',  ( 0.000000000000000000, -0.000000000000000000, -1.000000000000000000 ) ) ;
#5629 = ORIENTED_EDGE ( 'NONE', *, *, #699, .F. ) ;
#5630 = EDGE_CURVE ( 'NONE', #1477, #5999, #3264, .T. ) ;
#5631 = EDGE_LOOP ( 'NONE', ( #4818, #5721, #4936, #3198 ) ) ;
#5632 = LINE ( 'NONE', #3367, #5843 ) ;
#5633 = VERTEX_POINT ( 'NONE', #6110 ) ;
#5634 = DIRECTION ( 'NONE',  ( -0.000000000000000000, -0.000000000000000000, -1.000000000000000000 ) ) ;
#5635 = CARTESIAN_POINT ( 'NONE',  ( -4000.000000000000000, -1800.000000000000227, 452.0000000000001705 ) ) ;
#5636 = ORIENTED_EDGE ( 'NONE', *, *, #4076, .F. ) ;
#5637 = EDGE_CURVE ( 'NONE', #3607, #2496, #3755, .T. ) ;
#5638 = DIRECTION ( 'NONE',  ( 0.000000000000000000, 1.000000000000000000, 0.000000000000000000 ) ) ;
#5639 = CARTESIAN_POINT ( 'NONE',  ( 5499.999999999999091, -5500.000000000000000, 100.0000000000000000 ) ) ;
#5640 = ORIENTED_EDGE ( 'NONE', *, *, #2217, .T. ) ;
#5641 = DIRECTION ( 'NONE',  ( -0.000000000000000000, -0.000000000000000000, -1.000000000000000000 ) ) ;
#5642 = DIRECTION ( 'NONE',  ( 6.344131569286608943E-16, 1.000000000000000000, -0.000000000000000000 ) ) ;
#5643 = CARTESIAN_POINT ( 'NONE',  ( -25.00000000000015987, 4750.000000000002728, 52.00000000000000711 ) ) ;
#5644 = VERTEX_POINT ( 'NONE', #2949 ) ;
#5645 = AXIS2_PLACEMENT_3D ( 'NONE', #5852, #1138, #711 ) ;
#5646 = CARTESIAN_POINT ( 'NONE',  ( -249.9999999999998863, -2950.000000000000000, 603.0000000000000000 ) ) ;
#5647 = VECTOR ( 'NONE', #3632, 1000.000000000000000 ) ;
#5648 = DIRECTION ( 'NONE',  ( 0.000000000000000000, -0.000000000000000000, 1.000000000000000000 ) ) ;
#5649 = AXIS2_PLACEMENT_3D ( 'NONE', #365, #395, #4179 ) ;
#5650 = LINE ( 'NONE', #3791, #5849 ) ;
#5651 = ORIENTED_EDGE ( 'NONE', *, *, #2168, .T. ) ;
#5652 = ORIENTED_EDGE ( 'NONE', *, *, #3917, .F. ) ;
#5653 = EDGE_LOOP ( 'NONE', ( #5309, #2274, #5138, #1586 ) ) ;
#5654 = VECTOR ( 'NONE', #5343, 1000.000000000000000 ) ;
#5655 = CARTESIAN_POINT ( 'NONE',  ( 2950.000000000000000, 2450.000000000000000, 602.0000000000000000 ) ) ;
#5656 = CARTESIAN_POINT ( 'NONE',  ( -1800.000000000000909, 500.0000000000000000, 752.0000000000000000 ) ) ;
#5657 = CARTESIAN_POINT ( 'NONE',  ( 4699.999999999999091, -4800.000000000000000, 2.000000000000000000 ) ) ;
#5658 = ORIENTED_EDGE ( 'NONE', *, *, #327, .F. ) ;
#5659 = EDGE_CURVE ( 'NONE', #4722, #5375, #596, .T. ) ;
#5660 = VECTOR ( 'NONE', #1243, 1000.000000000000000 ) ;
#5661 = DIRECTION ( 'NONE',  ( -1.000000000000000000, -0.000000000000000000, -0.000000000000000000 ) ) ;
#5662 = ORIENTED_EDGE ( 'NONE', *, *, #103, .T. ) ;
#5663 = LINE ( 'NONE', #2252, #992 ) ;
#5664 = EDGE_CURVE ( 'NONE', #2470, #5899, #2923, .T. ) ;
#5665 = CARTESIAN_POINT ( 'NONE',  ( -500.0000000000006821, 4750.000000000002728, 4.000000000000000000 ) ) ;
#5666 = VERTEX_POINT ( 'NONE', #686 ) ;
#5667 = VECTOR ( 'NONE', #1521, 1000.000000000000000 ) ;
#5668 = FACE_OUTER_BOUND ( 'NONE', #56, .T. ) ;
#5669 = CARTESIAN_POINT ( 'NONE',  ( -3000.000000000000000, -3000.000000000000000, 652.0000000000000000 ) ) ;
#5670 = ORIENTED_EDGE ( 'NONE', *, *, #4948, .T. ) ;
#5671 = PRESENTATION_LAYER_ASSIGNMENT (  '', '', ( #822 ) ) ;
#5672 = CARTESIAN_POINT ( 'NONE',  ( -500.0000000000006821, 3750.000000000002728, 2.000000000000000000 ) ) ;
#5673 = EDGE_CURVE ( 'NONE', #4622, #3440, #629, .T. ) ;
#5674 = CARTESIAN_POINT ( 'NONE',  ( 2450.000000000000000, -2450.000000000000000, 604.0000000000000000 ) ) ;
#5675 = DIRECTION ( 'NONE',  ( 1.000000000000000000, -4.440892098500626162E-16, 0.000000000000000000 ) ) ;
#5676 = ORIENTED_EDGE ( 'NONE', *, *, #2181, .F. ) ;
#5677 = VECTOR ( 'NONE', #1230, 1000.000000000000000 ) ;
#5678 = CARTESIAN_POINT ( 'NONE',  ( -599.9999999999984084, -4850.000000000000909, 4.000000000000000000 ) ) ;
#5679 = CARTESIAN_POINT ( 'NONE',  ( -24.99999999999993960, 1500.000000000000000, 652.0000000000000000 ) ) ;
#5680 = CARTESIAN_POINT ( 'NONE',  ( -4700.000000000000909, -5500.000000000000000, 2.000000000000000000 ) ) ;
#5681 = CARTESIAN_POINT ( 'NONE',  ( 3000.000000000000000, -2700.000000000000000, 151.9999999999999432 ) ) ;
#5682 = EDGE_CURVE ( 'NONE', #4609, #1850, #2018, .T. ) ;
#5683 = ORIENTED_EDGE ( 'NONE', *, *, #1914, .F. ) ;
#5684 = ORIENTED_EDGE ( 'NONE', *, *, #4460, .T. ) ;
#5685 = ORIENTED_EDGE ( 'NONE', *, *, #257, .T. ) ;
#5686 = DIRECTION ( 'NONE',  ( 6.344131569286606971E-16, -1.000000000000000000, 0.000000000000000000 ) ) ;
#5687 = PLANE ( 'NONE',  #5818 ) ;
#5688 = ORIENTED_EDGE ( 'NONE', *, *, #5435, .F. ) ;
#5689 = ORIENTED_EDGE ( 'NONE', *, *, #3559, .T. ) ;
#5690 = LINE ( 'NONE', #3337, #4666 ) ;
#5691 = ORIENTED_EDGE ( 'NONE', *, *, #3822, .F. ) ;
#5692 = LINE ( 'NONE', #982, #1264 ) ;
#5693 = EDGE_LOOP ( 'NONE', ( #5002, #487, #2958, #3096, #5579 ) ) ;
#5694 = CARTESIAN_POINT ( 'NONE',  ( -4000.000000000000000, 2700.000000000000000, 2.000000000000000000 ) ) ;
#5695 = DIRECTION ( 'NONE',  ( -1.000000000000000000, 0.000000000000000000, 0.000000000000000000 ) ) ;
#5696 = ORIENTED_EDGE ( 'NONE', *, *, #1312, .F. ) ;
#5697 = DIRECTION ( 'NONE',  ( 1.000000000000000000, -6.344131569286608943E-16, 0.000000000000000000 ) ) ;
#5698 = LINE ( 'NONE', #562, #2380 ) ;
#5699 = CARTESIAN_POINT ( 'NONE',  ( -24.99999999999996803, -2200.000000000000000, 603.0000000000000000 ) ) ;
#5700 = EDGE_CURVE ( 'NONE', #5192, #3617, #3010, .T. ) ;
#5701 = ORIENTED_EDGE ( 'NONE', *, *, #2463, .F. ) ;
#5702 = EDGE_CURVE ( 'NONE', #2890, #4979, #1145, .T. ) ;
#5703 = EDGE_CURVE ( 'NONE', #3616, #2818, #4871, .T. ) ;
#5704 = CARTESIAN_POINT ( 'NONE',  ( -2950.000000000000000, -800.0000000000002274, 652.0000000000000000 ) ) ;
#5705 = DIRECTION ( 'NONE',  ( 1.000000000000000000, 0.000000000000000000, 0.000000000000000000 ) ) ;
#5706 = CARTESIAN_POINT ( 'NONE',  ( 0.000000000000000000, 0.000000000000000000, 602.0000000000000000 ) ) ;
#5707 = CARTESIAN_POINT ( 'NONE',  ( -5500.000000000000909, 5500.000000000000000, 100.0000000000000000 ) ) ;
#5708 = ORIENTED_EDGE ( 'NONE', *, *, #5067, .T. ) ;
#5709 = EDGE_LOOP ( 'NONE', ( #5873, #4601, #4209, #526 ) ) ;
#5710 = FACE_OUTER_BOUND ( 'NONE', #3793, .T. ) ;
#5711 = ORIENTED_EDGE ( 'NONE', *, *, #2976, .T. ) ;
#5712 = EDGE_CURVE ( 'NONE', #3012, #2481, #2113, .T. ) ;
#5713 = AXIS2_PLACEMENT_3D ( 'NONE', #3130, #5364, #1141 ) ;
#5714 = CARTESIAN_POINT ( 'NONE',  ( 499.9999999999993179, 4750.000000000002728, 2.000000000000000000 ) ) ;
#5715 = PLANE ( 'NONE',  #1265 ) ;
#5716 = LINE ( 'NONE', #80, #4159 ) ;
#5717 = AXIS2_PLACEMENT_3D ( 'NONE', #1279, #3296, #876 ) ;
#5718 = AXIS2_PLACEMENT_3D ( 'NONE', #2344, #3399, #1472 ) ;
#5719 = ORIENTED_EDGE ( 'NONE', *, *, #2139, .T. ) ;
#5720 = PLANE ( 'NONE',  #2682 ) ;
#5721 = ORIENTED_EDGE ( 'NONE', *, *, #4826, .T. ) ;
#5722 = VECTOR ( 'NONE', #3442, 1000.000000000000000 ) ;
#5723 = CARTESIAN_POINT ( 'NONE',  ( 250.0000000000002274, 2450.000000000000000, 604.0000000000000000 ) ) ;
#5724 = VERTEX_POINT ( 'NONE', #4810 ) ;
#5725 = FACE_OUTER_BOUND ( 'NONE', #1487, .T. ) ;
#5726 = DIRECTION ( 'NONE',  ( 0.000000000000000000, 0.000000000000000000, 1.000000000000000000 ) ) ;
#5727 = ORIENTED_EDGE ( 'NONE', *, *, #3297, .F. ) ;
#5728 = DIRECTION ( 'NONE',  ( 1.000000000000000000, 0.000000000000000000, 0.000000000000000000 ) ) ;
#5729 = LINE ( 'NONE', #3928, #3465 ) ;
#5730 = EDGE_LOOP ( 'NONE', ( #1634, #2228, #3182, #4665 ) ) ;
#5731 = CARTESIAN_POINT ( 'NONE',  ( 0.000000000000000000, 0.000000000000000000, 903.9999999999998863 ) ) ;
#5732 = EDGE_CURVE ( 'NONE', #5078, #4273, #2577, .T. ) ;
#5733 = FACE_OUTER_BOUND ( 'NONE', #5653, .T. ) ;
#5734 = CARTESIAN_POINT ( 'NONE',  ( -249.9999999999999147, 2450.000000000000000, 604.0000000000000000 ) ) ;
#5735 = DIRECTION ( 'NONE',  ( 0.000000000000000000, 0.000000000000000000, -1.000000000000000000 ) ) ;
#5736 = EDGE_CURVE ( 'NONE', #3419, #773, #4408, .T. ) ;
#5737 = VECTOR ( 'NONE', #4612, 1000.000000000000000 ) ;
#5738 = ORIENTED_EDGE ( 'NONE', *, *, #3131, .T. ) ;
#5739 = LINE ( 'NONE', #47, #1660 ) ;
#5740 = VERTEX_POINT ( 'NONE', #1616 ) ;
#5741 = VECTOR ( 'NONE', #247, 1000.000000000000000 ) ;
#5742 = VECTOR ( 'NONE', #4892, 1000.000000000000000 ) ;
#5743 = EDGE_CURVE ( 'NONE', #5994, #1564, #1582, .T. ) ;
#5744 = LINE ( 'NONE', #1125, #4171 ) ;
#5745 = VECTOR ( 'NONE', #568, 1000.000000000000000 ) ;
#5746 = VECTOR ( 'NONE', #4731, 1000.000000000000000 ) ;
#5747 = DIRECTION ( 'NONE',  ( -1.000000000000000000, 0.000000000000000000, 0.000000000000000000 ) ) ;
#5748 = ORIENTED_EDGE ( 'NONE', *, *, #2139, .F. ) ;
#5749 = ORIENTED_EDGE ( 'NONE', *, *, #2640, .T. ) ;
#5750 = VECTOR ( 'NONE', #509, 1000.000000000000000 ) ;
#5751 = DIRECTION ( 'NONE',  ( -0.000000000000000000, -0.000000000000000000, -1.000000000000000000 ) ) ;
#5752 = VECTOR ( 'NONE', #2825, 1000.000000000000000 ) ;
#5753 = EDGE_LOOP ( 'NONE', ( #1710, #5199, #5060, #1156 ) ) ;
#5754 = EDGE_CURVE ( 'NONE', #935, #4335, #3508, .T. ) ;
#5755 = CARTESIAN_POINT ( 'NONE',  ( 25.00000000000000711, -3650.000000000001364, 52.00000000000000711 ) ) ;
#5756 = ORIENTED_EDGE ( 'NONE', *, *, #1237, .T. ) ;
#5757 = LINE ( 'NONE', #3865, #3929 ) ;
#5758 = DIRECTION ( 'NONE',  ( 0.000000000000000000, -1.000000000000000000, 0.000000000000000000 ) ) ;
#5759 = EDGE_CURVE ( 'NONE', #1438, #3705, #1056, .T. ) ;
#5760 = VECTOR ( 'NONE', #42, 1000.000000000000000 ) ;
#5761 = VECTOR ( 'NONE', #6029, 1000.000000000000000 ) ;
#5762 = EDGE_LOOP ( 'NONE', ( #4065, #883, #349, #4889 ) ) ;
#5763 = DIRECTION ( 'NONE',  ( -0.000000000000000000, -0.000000000000000000, -1.000000000000000000 ) ) ;
#5764 = FACE_OUTER_BOUND ( 'NONE', #311, .T. ) ;
#5765 = DIRECTION ( 'NONE',  ( -0.000000000000000000, 0.000000000000000000, 1.000000000000000000 ) ) ;
#5766 = VECTOR ( 'NONE', #3750, 1000.000000000000000 ) ;
#5767 = ORIENTED_EDGE ( 'NONE', *, *, #5365, .T. ) ;
#5768 = CARTESIAN_POINT ( 'NONE',  ( -2999.899999999999636, -1800.000000000000227, 603.0000000000000000 ) ) ;
#5769 = DIRECTION ( 'NONE',  ( -1.000000000000000000, 0.000000000000000000, 0.000000000000000000 ) ) ;
#5770 = LINE ( 'NONE', #160, #4867 ) ;
#5771 = VECTOR ( 'NONE', #1840, 1000.000000000000000 ) ;
#5772 = DIRECTION ( 'NONE',  ( 3.700743415417188139E-16, -1.000000000000000000, 0.000000000000000000 ) ) ;
#5773 = VECTOR ( 'NONE', #4770, 1000.000000000000000 ) ;
#5774 = EDGE_CURVE ( 'NONE', #5375, #4961, #2546, .T. ) ;
#5775 = ORIENTED_EDGE ( 'NONE', *, *, #4618, .F. ) ;
#5776 = DIRECTION ( 'NONE',  ( -1.000000000000000000, 0.000000000000000000, 0.000000000000000000 ) ) ;
#5777 = ORIENTED_EDGE ( 'NONE', *, *, #3736, .F. ) ;
#5778 = EDGE_CURVE ( 'NONE', #5078, #2720, #3037, .T. ) ;
#5779 = DIRECTION ( 'NONE',  ( 0.000000000000000000, -1.000000000000000000, -7.401486830834381209E-16 ) ) ;
#5780 = CARTESIAN_POINT ( 'NONE',  ( 2199.999999999999545, 2250.000000000000000, 602.0000000000000000 ) ) ;
#5781 = DIRECTION ( 'NONE',  ( 0.000000000000000000, 1.000000000000000000, 0.000000000000000000 ) ) ;
#5782 = DIRECTION ( 'NONE',  ( 0.000000000000000000, 0.9856222548132665962, -0.1689638151108456554 ) ) ;
#5783 = ADVANCED_FACE ( 'NONE', ( #4348 ), #101, .F. ) ;
#5784 = VERTEX_POINT ( 'NONE', #3908 ) ;
#5785 = ADVANCED_FACE ( 'NONE', ( #4469 ), #226, .F. ) ;
#5786 = CARTESIAN_POINT ( 'NONE',  ( 1499.999999999999545, -1500.000000000000000, 901.9999999999998863 ) ) ;
#5787 = EDGE_LOOP ( 'NONE', ( #4695, #1140, #1383, #2910, #5266, #413 ) ) ;
#5788 = CARTESIAN_POINT ( 'NONE',  ( 2950.000000000000000, -800.0000000000002274, 652.0000000000000000 ) ) ;
#5789 = VERTEX_POINT ( 'NONE', #3418 ) ;
#5790 = DIRECTION ( 'NONE',  ( 1.000000000000000000, 0.000000000000000000, 0.000000000000000000 ) ) ;
#5791 = DIRECTION ( 'NONE',  ( -1.000000000000000000, -0.000000000000000000, -0.000000000000000000 ) ) ;
#5792 = DIRECTION ( 'NONE',  ( 1.000000000000000000, 0.000000000000000000, 0.000000000000000000 ) ) ;
#5793 = PLANE ( 'NONE',  #3565 ) ;
#5794 = EDGE_CURVE ( 'NONE', #5339, #576, #5308, .T. ) ;
#5795 = ORIENTED_EDGE ( 'NONE', *, *, #2601, .T. ) ;
#5796 = FACE_OUTER_BOUND ( 'NONE', #1941, .T. ) ;
#5797 = CARTESIAN_POINT ( 'NONE',  ( -499.9999999999999432, 2200.000000000000000, 602.0000000000000000 ) ) ;
#5798 = DIRECTION ( 'NONE',  ( 0.000000000000000000, -2.035408878479451948E-15, 1.000000000000000000 ) ) ;
#5799 = DIRECTION ( 'NONE',  ( 0.000000000000000000, -0.000000000000000000, -1.000000000000000000 ) ) ;
#5800 = ORIENTED_EDGE ( 'NONE', *, *, #1074, .F. ) ;
#5801 = DIRECTION ( 'NONE',  ( 0.000000000000000000, -1.000000000000000000, 0.000000000000000000 ) ) ;
#5802 = ORIENTED_EDGE ( 'NONE', *, *, #6132, .T. ) ;
#5803 = LINE ( 'NONE', #1092, #3269 ) ;
#5804 = CARTESIAN_POINT ( 'NONE',  ( -1000.000000000000455, -1500.000000000000000, 903.9999999999998863 ) ) ;
#5805 = PLANE ( 'NONE',  #379 ) ;
#5806 = DIRECTION ( 'NONE',  ( -1.000000000000000000, 0.000000000000000000, 0.000000000000000000 ) ) ;
#5807 = VERTEX_POINT ( 'NONE', #779 ) ;
#5808 = AXIS2_PLACEMENT_3D ( 'NONE', #5511, #4147, #1360 ) ;
#5809 = FACE_OUTER_BOUND ( 'NONE', #3611, .T. ) ;
#5810 = EDGE_CURVE ( 'NONE', #5644, #1761, #2639, .T. ) ;
#5811 = VERTEX_POINT ( 'NONE', #2668 ) ;
#5812 = EDGE_CURVE ( 'NONE', #5440, #2807, #3661, .T. ) ;
#5813 = DIRECTION ( 'NONE',  ( -8.881784197001252323E-16, 1.000000000000000000, 0.000000000000000000 ) ) ;
#5814 = ADVANCED_FACE ( 'NONE', ( #5057 ), #2233, .F. ) ;
#5815 = ORIENTED_EDGE ( 'NONE', *, *, #5067, .F. ) ;
#5816 = CARTESIAN_POINT ( 'NONE',  ( 3000.000000000000000, -800.0000000000002274, 652.0000000000000000 ) ) ;
#5817 = CARTESIAN_POINT ( 'NONE',  ( 5599.999999999999091, 5600.000000000000000, 100.0000000000000000 ) ) ;
#5818 = AXIS2_PLACEMENT_3D ( 'NONE', #6093, #3734, #5628 ) ;
#5819 = CARTESIAN_POINT ( 'NONE',  ( -1000.000000000000455, 1000.000000000000000, 903.9999999999998863 ) ) ;
#5820 = VECTOR ( 'NONE', #754, 1000.000000000000000 ) ;
#5821 = CARTESIAN_POINT ( 'NONE',  ( 1000.000000000000455, 1500.000000000000227, 903.9999999999998863 ) ) ;
#5822 = EDGE_CURVE ( 'NONE', #2648, #4969, #2735, .T. ) ;
#5823 = ORIENTED_EDGE ( 'NONE', *, *, #3997, .F. ) ;
#5824 = PLANE ( 'NONE',  #5557 ) ;
#5825 = CARTESIAN_POINT ( 'NONE',  ( -3000.000000000000000, -1800.000000000000227, 602.0000000000000000 ) ) ;
#5826 = CARTESIAN_POINT ( 'NONE',  ( 1499.999999999999545, -1500.000000000000000, 903.9999999999998863 ) ) ;
#5827 = LINE ( 'NONE', #2046, #4284 ) ;
#5828 = CARTESIAN_POINT ( 'NONE',  ( 1500.000000000000455, 1000.000000000000227, 903.9999999999998863 ) ) ;
#5829 = ADVANCED_FACE ( 'NONE', ( #4504 ), #3167, .F. ) ;
#5830 = ORIENTED_EDGE ( 'NONE', *, *, #3169, .T. ) ;
#5831 = CARTESIAN_POINT ( 'NONE',  ( 4000.000000000000000, -2400.000000000000455, 301.9999999999999432 ) ) ;
#5832 = ORIENTED_EDGE ( 'NONE', *, *, #4715, .F. ) ;
#5833 = DIRECTION ( 'NONE',  ( 1.000000000000000000, 0.000000000000000000, 0.000000000000000000 ) ) ;
#5834 = DIRECTION ( 'NONE',  ( -0.000000000000000000, -0.000000000000000000, -1.000000000000000000 ) ) ;
#5835 = LINE ( 'NONE', #3547, #3149 ) ;
#5836 = PLANE ( 'NONE',  #6070 ) ;
#5837 = VECTOR ( 'NONE', #340, 1000.000000000000000 ) ;
#5838 = VECTOR ( 'NONE', #24, 1000.000000000000000 ) ;
#5839 = ORIENTED_EDGE ( 'NONE', *, *, #3775, .T. ) ;
#5840 = DIRECTION ( 'NONE',  ( -1.000000000000000000, 0.000000000000000000, -0.000000000000000000 ) ) ;
#5841 = EDGE_LOOP ( 'NONE', ( #839, #880, #830, #1688 ) ) ;
#5842 = VECTOR ( 'NONE', #4032, 1000.000000000000000 ) ;
#5843 = VECTOR ( 'NONE', #5751, 1000.000000000000000 ) ;
#5844 = DIRECTION ( 'NONE',  ( -0.000000000000000000, 0.000000000000000000, 1.000000000000000000 ) ) ;
#5845 = VERTEX_POINT ( 'NONE', #5952 ) ;
#5846 = PLANE ( 'NONE',  #4430 ) ;
#5847 = LINE ( 'NONE', #3992, #2708 ) ;
#5848 = EDGE_CURVE ( 'NONE', #2762, #3076, #5092, .T. ) ;
#5849 = VECTOR ( 'NONE', #6112, 1000.000000000000000 ) ;
#5850 = CARTESIAN_POINT ( 'NONE',  ( 4000.000000000000000, -2100.000000000000455, 451.9999999999995453 ) ) ;
#5851 = EDGE_CURVE ( 'NONE', #357, #5271, #4529, .T. ) ;
#5852 = CARTESIAN_POINT ( 'NONE',  ( -1800.000000000000909, 500.0000000000000000, 752.0000000000000000 ) ) ;
#5853 = DIRECTION ( 'NONE',  ( 0.000000000000000000, 0.000000000000000000, 1.000000000000000000 ) ) ;
#5854 = ORIENTED_EDGE ( 'NONE', *, *, #814, .F. ) ;
#5855 = AXIS2_PLACEMENT_3D ( 'NONE', #4669, #5194, #4789 ) ;
#5856 = CARTESIAN_POINT ( 'NONE',  ( -4800.000000000000909, -5500.000000000000000, 4.000000000000000000 ) ) ;
#5857 = EDGE_CURVE ( 'NONE', #632, #3250, #286, .T. ) ;
#5858 = CARTESIAN_POINT ( 'NONE',  ( 2200.000000000000000, 2950.000000000000000, 604.0000000000000000 ) ) ;
#5859 = VECTOR ( 'NONE', #3354, 1000.000000000000000 ) ;
#5860 = CARTESIAN_POINT ( 'NONE',  ( -3000.000000000000000, -1800.000000000000227, 452.0000000000001705 ) ) ;
#5861 = DIRECTION ( 'NONE',  ( 0.000000000000000000, -1.000000000000000000, 0.000000000000000000 ) ) ;
#5862 = DIRECTION ( 'NONE',  ( -0.000000000000000000, -0.000000000000000000, -1.000000000000000000 ) ) ;
#5863 = EDGE_LOOP ( 'NONE', ( #3564, #3539, #2256, #905 ) ) ;
#5864 = CARTESIAN_POINT ( 'NONE',  ( 1500.000000000001364, 500.0000000000003411, 752.0000000000000000 ) ) ;
#5865 = ORIENTED_EDGE ( 'NONE', *, *, #5590, .F. ) ;
#5866 = VECTOR ( 'NONE', #5531, 1000.000000000000000 ) ;
#5867 = DIRECTION ( 'NONE',  ( -1.000000000000000000, 0.000000000000000000, 0.000000000000000000 ) ) ;
#5868 = EDGE_CURVE ( 'NONE', #3440, #5043, #1216, .T. ) ;
#5869 = LINE ( 'NONE', #167, #3779 ) ;
#5870 = CARTESIAN_POINT ( 'NONE',  ( 25.00000000000021672, 3750.000000000002728, 4.000000000000003553 ) ) ;
#5871 = CARTESIAN_POINT ( 'NONE',  ( -599.9999999999984084, -4850.000000000000909, 2.000000000000000000 ) ) ;
#5872 = VECTOR ( 'NONE', #2385, 1000.000000000000000 ) ;
#5873 = ORIENTED_EDGE ( 'NONE', *, *, #5035, .F. ) ;
#5874 = EDGE_LOOP ( 'NONE', ( #466, #3041, #2290, #21 ) ) ;
#5875 = PLANE ( 'NONE',  #3674 ) ;
#5876 = DIRECTION ( 'NONE',  ( 0.000000000000000000, -0.000000000000000000, -1.000000000000000000 ) ) ;
#5877 = ORIENTED_EDGE ( 'NONE', *, *, #515, .F. ) ;
#5878 = DIRECTION ( 'NONE',  ( 0.000000000000000000, 0.000000000000000000, 1.000000000000000000 ) ) ;
#5879 = PLANE ( 'NONE',  #5969 ) ;
#5880 = VERTEX_POINT ( 'NONE', #6014 ) ;
#5881 = DIRECTION ( 'NONE',  ( -0.000000000000000000, -0.000000000000000000, -1.000000000000000000 ) ) ;
#5882 = DIRECTION ( 'NONE',  ( 1.239088197126290324E-16, -1.000000000000000000, 0.000000000000000000 ) ) ;
#5883 = ORIENTED_EDGE ( 'NONE', *, *, #3936, .T. ) ;
#5884 = LINE ( 'NONE', #623, #117 ) ;
#5885 = DIRECTION ( 'NONE',  ( 1.000000000000000000, 0.000000000000000000, 0.000000000000000000 ) ) ;
#5886 = CARTESIAN_POINT ( 'NONE',  ( -500.0000000000006821, 4750.000000000002728, 4.000000000000000000 ) ) ;
#5887 = LINE ( 'NONE', #1275, #2305 ) ;
#5888 = EDGE_CURVE ( 'NONE', #576, #1877, #3536, .T. ) ;
#5889 = DIRECTION ( 'NONE',  ( 0.000000000000000000, 0.000000000000000000, 1.000000000000000000 ) ) ;
#5890 = EDGE_CURVE ( 'NONE', #3794, #3657, #4758, .T. ) ;
#5891 = EDGE_CURVE ( 'NONE', #3154, #1439, #1306, .T. ) ;
#5892 = VERTEX_POINT ( 'NONE', #1737 ) ;
#5893 = PLANE ( 'NONE',  #1066 ) ;
#5894 = VERTEX_POINT ( 'NONE', #3071 ) ;
#5895 = LINE ( 'NONE', #4009, #6043 ) ;
#5896 = FACE_OUTER_BOUND ( 'NONE', #1725, .T. ) ;
#5897 = CARTESIAN_POINT ( 'NONE',  ( -4000.000000000000000, -800.0000000000002274, 602.0000000000000000 ) ) ;
#5898 = LINE ( 'NONE', #3425, #3436 ) ;
#5899 = VERTEX_POINT ( 'NONE', #348 ) ;
#5900 = ORIENTED_EDGE ( 'NONE', *, *, #2824, .T. ) ;
#5901 = CARTESIAN_POINT ( 'NONE',  ( -599.9999999999984084, -3650.000000000001364, 4.000000000000000000 ) ) ;
#5902 = DIRECTION ( 'NONE',  ( 1.000000000000000000, 0.000000000000000000, 0.000000000000000000 ) ) ;
#5903 = ADVANCED_FACE ( 'NONE', ( #4123 ), #5460, .F. ) ;
#5904 = LINE ( 'NONE', #4049, #1750 ) ;
#5905 = CYLINDRICAL_SURFACE ( 'NONE', #3104, 90.00000000000001421 ) ;
#5906 = EDGE_LOOP ( 'NONE', ( #280, #5348, #914, #753 ) ) ;
#5907 = CARTESIAN_POINT ( 'NONE',  ( 3000.000000000000000, -2400.000000000000455, 152.0000000000001705 ) ) ;
#5908 = VERTEX_POINT ( 'NONE', #2202 ) ;
#5909 = CARTESIAN_POINT ( 'NONE',  ( -2950.000000000000000, -2450.000000000000000, 604.0000000000000000 ) ) ;
#5910 = VECTOR ( 'NONE', #3460, 1000.000000000000000 ) ;
#5911 = EDGE_LOOP ( 'NONE', ( #4943, #2936, #4652, #5191 ) ) ;
#5912 = DIRECTION ( 'NONE',  ( 0.000000000000000000, 0.000000000000000000, 1.000000000000000000 ) ) ;
#5913 = ORIENTED_EDGE ( 'NONE', *, *, #492, .T. ) ;
#5914 = AXIS2_PLACEMENT_3D ( 'NONE', #5831, #545, #2434 ) ;
#5915 = CARTESIAN_POINT ( 'NONE',  ( -4800.000000000000909, -5500.000000000000000, 2.000000000000000000 ) ) ;
#5916 = CARTESIAN_POINT ( 'NONE',  ( -2450.000000000000000, -2950.000000000000000, 602.0000000000000000 ) ) ;
#5917 = CARTESIAN_POINT ( 'NONE',  ( -3000.000000000000000, -2400.000000000000455, 301.9999999999999432 ) ) ;
#5918 = LINE ( 'NONE', #3569, #1893 ) ;
#5919 = VECTOR ( 'NONE', #840, 1000.000000000000000 ) ;
#5920 = ADVANCED_FACE ( 'NONE', ( #4098 ), #722, .F. ) ;
#5921 = ORIENTED_EDGE ( 'NONE', *, *, #3653, .F. ) ;
#5922 = CARTESIAN_POINT ( 'NONE',  ( -1800.000000000000909, -500.0000000000000000, 602.0000000000000000 ) ) ;
#5923 = ORIENTED_EDGE ( 'NONE', *, *, #1380, .T. ) ;
#5924 = EDGE_CURVE ( 'NONE', #590, #5740, #5918, .T. ) ;
#5925 = CARTESIAN_POINT ( 'NONE',  ( 24.99999999999984013, 4750.000000000002728, 2.000000000000000000 ) ) ;
#5926 = CARTESIAN_POINT ( 'NONE',  ( 24.99999999999984013, 4750.000000000002728, 52.00000000000000711 ) ) ;
#5927 = CARTESIAN_POINT ( 'NONE',  ( 5499.999999999999091, -5500.000000000000000, 100.0000000000000000 ) ) ;
#5928 = PRESENTATION_STYLE_ASSIGNMENT (( #4569 ) ) ;
#5929 = EDGE_LOOP ( 'NONE', ( #4452, #1744, #4817, #3785, #2908, #1626, #4498, #6125, #4400, #5160, #2356, #2982 ) ) ;
#5930 = ORIENTED_EDGE ( 'NONE', *, *, #5606, .T. ) ;
#5931 = ADVANCED_FACE ( 'NONE', ( #1674 ), #409, .F. ) ;
#5932 = CARTESIAN_POINT ( 'NONE',  ( -4000.000000000000000, -800.0000000000002274, 602.0000000000000000 ) ) ;
#5933 = CARTESIAN_POINT ( 'NONE',  ( -3000.000000000000000, 2700.000000000027740, 1.999999999997669420 ) ) ;
#5934 = VECTOR ( 'NONE', #4624, 1000.000000000000000 ) ;
#5935 = DIRECTION ( 'NONE',  ( 1.000000000000000000, 0.000000000000000000, -0.000000000000000000 ) ) ;
#5936 = PLANE ( 'NONE',  #434 ) ;
#5937 = ORIENTED_EDGE ( 'NONE', *, *, #5851, .F. ) ;
#5938 = CARTESIAN_POINT ( 'NONE',  ( 3000.000000000000000, -1800.000000000000227, 452.0000000000001705 ) ) ;
#5939 = VECTOR ( 'NONE', #3939, 1000.000000000000000 ) ;
#5940 = ORIENTED_EDGE ( 'NONE', *, *, #1641, .F. ) ;
#5941 = EDGE_CURVE ( 'NONE', #3051, #2681, #5184, .T. ) ;
#5942 = VECTOR ( 'NONE', #6001, 1000.000000000000227 ) ;
#5943 = DIRECTION ( 'NONE',  ( -6.344131569286608943E-16, 1.000000000000000000, 0.000000000000000000 ) ) ;
#5944 = EDGE_CURVE ( 'NONE', #836, #4720, #2360, .T. ) ;
#5945 = VERTEX_POINT ( 'NONE', #3260 ) ;
#5946 = FACE_OUTER_BOUND ( 'NONE', #1100, .T. ) ;
#5947 = ORIENTED_EDGE ( 'NONE', *, *, #3663, .T. ) ;
#5948 = DIRECTION ( 'NONE',  ( -1.000000000000000000, 0.000000000000000000, 0.000000000000000000 ) ) ;
#5949 = CARTESIAN_POINT ( 'NONE',  ( -25.00000000000002487, 2200.000000000000000, 602.0000000000000000 ) ) ;
#5950 = AXIS2_PLACEMENT_3D ( 'NONE', #3999, #3563, #1209 ) ;
#5951 = CARTESIAN_POINT ( 'NONE',  ( -2450.000000000000000, -2450.000000000000000, 604.0000000000000000 ) ) ;
#5952 = CARTESIAN_POINT ( 'NONE',  ( -24.99999999999957723, -4850.000000000000909, 2.000000000000000000 ) ) ;
#5953 = VECTOR ( 'NONE', #643, 1000.000000000000000 ) ;
#5954 = VERTEX_POINT ( 'NONE', #1860 ) ;
#5955 = VECTOR ( 'NONE', #4502, 1000.000000000000000 ) ;
#5956 = LINE ( 'NONE', #194, #4038 ) ;
#5957 = ORIENTED_EDGE ( 'NONE', *, *, #1093, .T. ) ;
#5958 = DIRECTION ( 'NONE',  ( -0.000000000000000000, -0.000000000000000000, -1.000000000000000000 ) ) ;
#5959 = EDGE_CURVE ( 'NONE', #3738, #4822, #903, .T. ) ;
#5960 = VECTOR ( 'NONE', #1108, 1000.000000000000000 ) ;
#5961 = CARTESIAN_POINT ( 'NONE',  ( -3000.000000000000000, 3000.000000000000000, 602.0000000000000000 ) ) ;
#5962 = DIRECTION ( 'NONE',  ( 1.000000000000000000, 0.000000000000000000, -0.000000000000000000 ) ) ;
#5963 = VECTOR ( 'NONE', #732, 1000.000000000000000 ) ;
#5964 = ORIENTED_EDGE ( 'NONE', *, *, #457, .T. ) ;
#5965 = ORIENTED_EDGE ( 'NONE', *, *, #139, .F. ) ;
#5966 = CARTESIAN_POINT ( 'NONE',  ( -24.99999999999952394, -4850.000000000000909, 52.00000000000000711 ) ) ;
#5967 = ADVANCED_FACE ( 'NONE', ( #1399 ), #5209, .F. ) ;
#5968 = FACE_OUTER_BOUND ( 'NONE', #1217, .T. ) ;
#5969 = AXIS2_PLACEMENT_3D ( 'NONE', #2537, #3058, #2067 ) ;
#5970 = ADVANCED_FACE ( 'NONE', ( #2797 ), #5120, .F. ) ;
#5971 = LINE ( 'NONE', #856, #770 ) ;
#5972 = ORIENTED_EDGE ( 'NONE', *, *, #2452, .T. ) ;
#5973 = ADVANCED_FACE ( 'NONE', ( #534 ), #1431, .F. ) ;
#5974 = EDGE_LOOP ( 'NONE', ( #1971, #1527, #3776, #1069 ) ) ;
#5975 = CARTESIAN_POINT ( 'NONE',  ( 2950.000000000000000, 2450.000000000000000, 604.0000000000000000 ) ) ;
#5976 = ORIENTED_EDGE ( 'NONE', *, *, #3432, .F. ) ;
#5977 = CARTESIAN_POINT ( 'NONE',  ( 250.0000000000002274, -2450.000000000000000, 604.0000000000000000 ) ) ;
#5978 = ORIENTED_EDGE ( 'NONE', *, *, #4988, .T. ) ;
#5979 = CARTESIAN_POINT ( 'NONE',  ( -1500.000000000000455, 999.9999999999998863, 903.9999999999998863 ) ) ;
#5980 = DIRECTION ( 'NONE',  ( -8.881784197001244435E-16, 1.000000000000000000, -0.000000000000000000 ) ) ;
#5981 = VERTEX_POINT ( 'NONE', #933 ) ;
#5982 = CARTESIAN_POINT ( 'NONE',  ( -5600.000000000000909, -5600.000000000000000, 0.000000000000000000 ) ) ;
#5983 = EDGE_CURVE ( 'NONE', #249, #1959, #3292, .T. ) ;
#5984 = DIRECTION ( 'NONE',  ( -1.000000000000000000, -0.000000000000000000, -0.000000000000000000 ) ) ;
#5985 = DIRECTION ( 'NONE',  ( 1.000000000000000000, 0.000000000000000000, 0.000000000000000000 ) ) ;
#5986 = DIRECTION ( 'NONE',  ( 0.000000000000000000, -0.000000000000000000, 1.000000000000000000 ) ) ;
#5987 = ORIENTED_EDGE ( 'NONE', *, *, #6010, .F. ) ;
#5988 = CARTESIAN_POINT ( 'NONE',  ( -1500.000000000000455, 500.0000000000000000, 602.0000000000000000 ) ) ;
#5989 = DIRECTION ( 'NONE',  ( -1.000000000000000000, 0.000000000000000000, 0.000000000000000000 ) ) ;
#5990 = DIRECTION ( 'NONE',  ( -1.000000000000000000, 0.000000000000000000, 0.000000000000000000 ) ) ;
#5991 = ORIENTED_EDGE ( 'NONE', *, *, #1286, .T. ) ;
#5992 = FILL_AREA_STYLE_COLOUR ( '', #4485 ) ;
#5993 = ORIENTED_EDGE ( 'NONE', *, *, #855, .F. ) ;
#5994 = VERTEX_POINT ( 'NONE', #2766 ) ;
#5995 = DIRECTION ( 'NONE',  ( 0.000000000000000000, 0.000000000000000000, 1.000000000000000000 ) ) ;
#5996 = DIRECTION ( 'NONE',  ( -0.000000000000000000, 1.000000000000000000, -0.000000000000000000 ) ) ;
#5997 = CARTESIAN_POINT ( 'NONE',  ( 3000.000000000000000, -3000.000000000000000, 2.000000000000000000 ) ) ;
#5998 = EDGE_LOOP ( 'NONE', ( #3948, #2275, #6026, #4918, #1785, #6041, #5430, #5210, #3523, #3240, #4104, #1666 ) ) ;
#5999 = VERTEX_POINT ( 'NONE', #4283 ) ;
#6000 = EDGE_CURVE ( 'NONE', #5574, #5439, #4155, .T. ) ;
#6001 = DIRECTION ( 'NONE',  ( 0.000000000000000000, 0.9856222548132665962, -0.1689638151108456554 ) ) ;
#6002 = ORIENTED_EDGE ( 'NONE', *, *, #1704, .T. ) ;
#6003 = DIRECTION ( 'NONE',  ( -0.000000000000000000, -0.000000000000000000, -1.000000000000000000 ) ) ;
#6004 = EDGE_CURVE ( 'NONE', #3063, #5623, #3752, .T. ) ;
#6005 = ORIENTED_EDGE ( 'NONE', *, *, #5810, .T. ) ;
#6006 = DIRECTION ( 'NONE',  ( 0.000000000000000000, -1.000000000000000000, 0.000000000000000000 ) ) ;
#6007 = DIRECTION ( 'NONE',  ( 1.000000000000000000, 0.000000000000000000, 0.000000000000000000 ) ) ;
#6008 = ORIENTED_EDGE ( 'NONE', *, *, #1116, .T. ) ;
#6009 = LINE ( 'NONE', #373, #4064 ) ;
#6010 = EDGE_CURVE ( 'NONE', #2826, #3361, #959, .T. ) ;
#6011 = LINE ( 'NONE', #5518, #1604 ) ;
#6012 = VECTOR ( 'NONE', #2662, 1000.000000000000000 ) ;
#6013 = CARTESIAN_POINT ( 'NONE',  ( 2950.000000000000000, 2950.000000000000000, 652.0000000000000000 ) ) ;
#6014 = CARTESIAN_POINT ( 'NONE',  ( 1499.999999999999545, -999.9999999999997726, 901.9999999999998863 ) ) ;
#6015 = ORIENTED_EDGE ( 'NONE', *, *, #5597, .T. ) ;
#6016 = VECTOR ( 'NONE', #2403, 1000.000000000000000 ) ;
#6017 = AXIS2_PLACEMENT_3D ( 'NONE', #198, #3915, #2090 ) ;
#6018 = ORIENTED_EDGE ( 'NONE', *, *, #858, .F. ) ;
#6019 = CARTESIAN_POINT ( 'NONE',  ( 5499.999999999999091, 5500.000000000000000, 4.000000000000000000 ) ) ;
#6020 = AXIS2_PLACEMENT_3D ( 'NONE', #4465, #253, #2074 ) ;
#6021 = CARTESIAN_POINT ( 'NONE',  ( 1000.000000000000455, 1000.000000000000227, 903.9999999999998863 ) ) ;
#6022 = CARTESIAN_POINT ( 'NONE',  ( -3000.000000000000000, 3000.000000000000000, 2.000000000000000000 ) ) ;
#6023 = ADVANCED_FACE ( 'NONE', ( #2392 ), #37, .F. ) ;
#6024 = ORIENTED_EDGE ( 'NONE', *, *, #2731, .F. ) ;
#6025 = CARTESIAN_POINT ( 'NONE',  ( -1000.000000000000455, 1000.000000000000000, 901.9999999999998863 ) ) ;
#6026 = ORIENTED_EDGE ( 'NONE', *, *, #2827, .T. ) ;
#6027 = ORIENTED_EDGE ( 'NONE', *, *, #135, .T. ) ;
#6028 = DIRECTION ( 'NONE',  ( -1.000000000000000000, -0.000000000000000000, -0.000000000000000000 ) ) ;
#6029 = DIRECTION ( 'NONE',  ( -0.000000000000000000, -0.000000000000000000, -1.000000000000000000 ) ) ;
#6030 = FACE_OUTER_BOUND ( 'NONE', #2032, .T. ) ;
#6031 = ORIENTED_EDGE ( 'NONE', *, *, #1315, .F. ) ;
#6032 = VERTEX_POINT ( 'NONE', #5699 ) ;
#6033 = DIRECTION ( 'NONE',  ( 0.000000000000000000, -0.000000000000000000, -1.000000000000000000 ) ) ;
#6034 = ORIENTED_EDGE ( 'NONE', *, *, #1760, .T. ) ;
#6035 = CARTESIAN_POINT ( 'NONE',  ( -1500.000000000000909, 500.0000000000000000, 752.0000000000000000 ) ) ;
#6036 = EDGE_CURVE ( 'NONE', #1567, #930, #6047, .T. ) ;
#6037 = ORIENTED_EDGE ( 'NONE', *, *, #4268, .F. ) ;
#6038 = CARTESIAN_POINT ( 'NONE',  ( -4000.000000000000000, -2700.000000000000000, 151.9999999999999432 ) ) ;
#6039 = CARTESIAN_POINT ( 'NONE',  ( -3000.000000000000000, -2100.000000000000455, 451.9999999999995453 ) ) ;
#6040 = CLOSED_SHELL ( 'NONE', ( #1820, #5394, #626, #5515, #5920, #5829, #97, #2431, #5254, #3356, #3391, #212, #5143, #3623, #1266, #2974, #5967, #3887, #3552, #2479, #2558, #1618, #5414, #5252, #2877, #5305, #2302, #154, #2415, #5931, #5026, #2689, #4924, #1344, #563, #5555, #4870, #4735, #472, #287, #4082, #4013, #1608, #1576, #4683, #4775, #1950, #1391, #2900, #3166, #170, #336, #3769, #703, #3923, #4029, #2426, #6117, #4205, #3702, #3016, #2350, #3430, #2502, #2863, #1804, #3124, #5187, #1548, #3110, #724, #2564, #5598, #2119, #3276, #2262, #5331, #6083, #2371, #4834, #2524, #1497, #3092, #2315, #4538, #4429, #2604, #589, #5289, #4222, #1629, #1650, #265, #667, #3727, #4493, #5016, #1836, #1871, #5783, #361, #2943, #2071, #1249, #3618, #2342, #911, #749, #4149, #1612, #1833, #4208, #1895, #4374, #3099, #40, #1722, #5438, #4794, #892, #4115, #3839, #1929, #4657, #1502, #5329, #6099, #5814, #5785, #4639, #2190, #2337, #2606, #5970, #2061, #5903, #4501, #6113, #818, #2289, #934, #3027, #4530, #3577, #2911, #2795, #986, #742, #2003, #4344, #4565, #1574, #62, #5039, #479, #636, #1172, #4717, #2268, #1463, #3447, #2631, #59, #1363, #2868, #2830, #786, #3053, #680, #1720, #901, #3621, #3699, #569, #3956, #2525, #739, #5973, #757, #3960, #4194, #5054, #6023, #4108, #5560, #5285, #2941, #2220, #1763, #2192, #554, #4379, #944 ) ) ;
#6041 = ORIENTED_EDGE ( 'NONE', *, *, #5673, .F. ) ;
#6042 = EDGE_CURVE ( 'NONE', #1646, #5811, #6107, .T. ) ;
#6043 = VECTOR ( 'NONE', #3544, 1000.000000000000000 ) ;
#6044 = VECTOR ( 'NONE', #2723, 1000.000000000000000 ) ;
#6045 = CARTESIAN_POINT ( 'NONE',  ( 1499.999999999999545, 1000.000000000000000, 901.9999999999998863 ) ) ;
#6046 = CARTESIAN_POINT ( 'NONE',  ( 2950.000000000000000, -2450.000000000000000, 604.0000000000000000 ) ) ;
#6047 = LINE ( 'NONE', #3349, #1302 ) ;
#6048 = AXIS2_PLACEMENT_3D ( 'NONE', #5025, #1768, #317 ) ;
#6049 = VERTEX_POINT ( 'NONE', #5585 ) ;
#6050 = VECTOR ( 'NONE', #4077, 1000.000000000000000 ) ;
#6051 = EDGE_CURVE ( 'NONE', #3860, #2143, #1338, .T. ) ;
#6052 = ORIENTED_EDGE ( 'NONE', *, *, #4357, .F. ) ;
#6053 = VECTOR ( 'NONE', #262, 1000.000000000000000 ) ;
#6054 = LINE ( 'NONE', #2828, #5031 ) ;
#6055 = FACE_OUTER_BOUND ( 'NONE', #46, .T. ) ;
#6056 = CARTESIAN_POINT ( 'NONE',  ( -599.9999999999984084, -4850.000000000000909, 4.000000000000000000 ) ) ;
#6057 = EDGE_LOOP ( 'NONE', ( #3303, #2133, #3633, #1949 ) ) ;
#6058 = VECTOR ( 'NONE', #2487, 1000.000000000000000 ) ;
#6059 = AXIS2_PLACEMENT_3D ( 'NONE', #4423, #149, #3614 ) ;
#6060 = DIRECTION ( 'NONE',  ( 0.000000000000000000, -0.000000000000000000, -1.000000000000000000 ) ) ;
#6061 = ORIENTED_EDGE ( 'NONE', *, *, #5403, .F. ) ;
#6062 = ORIENTED_EDGE ( 'NONE', *, *, #2857, .F. ) ;
#6063 = PRODUCT_RELATED_PRODUCT_CATEGORY ( 'part', '', ( #1350 ) ) ;
#6064 = AXIS2_PLACEMENT_3D ( 'NONE', #2166, #3603, #2613 ) ;
#6065 = DIRECTION ( 'NONE',  ( -1.000000000000000000, -0.000000000000000000, -0.000000000000000000 ) ) ;
#6066 = FACE_OUTER_BOUND ( 'NONE', #1930, .T. ) ;
#6067 = VERTEX_POINT ( 'NONE', #2298 ) ;
#6068 = ORIENTED_EDGE ( 'NONE', *, *, #1157, .F. ) ;
#6069 = LINE ( 'NONE', #5110, #309 ) ;
#6070 = AXIS2_PLACEMENT_3D ( 'NONE', #4882, #2501, #2122 ) ;
#6071 = ORIENTED_EDGE ( 'NONE', *, *, #484, .T. ) ;
#6072 = CARTESIAN_POINT ( 'NONE',  ( -2950.000000000000000, -2950.000000000000000, 602.0000000000000000 ) ) ;
#6073 = ORIENTED_EDGE ( 'NONE', *, *, #1651, .T. ) ;
#6074 = LINE ( 'NONE', #1758, #1858 ) ;
#6075 = FACE_OUTER_BOUND ( 'NONE', #3998, .T. ) ;
#6076 = ORIENTED_EDGE ( 'NONE', *, *, #2464, .T. ) ;
#6077 = FACE_OUTER_BOUND ( 'NONE', #91, .T. ) ;
#6078 = FACE_OUTER_BOUND ( 'NONE', #4860, .T. ) ;
#6079 = PLANE ( 'NONE',  #3478 ) ;
#6080 = ORIENTED_EDGE ( 'NONE', *, *, #2019, .T. ) ;
#6081 = EDGE_LOOP ( 'NONE', ( #2368, #451, #3704, #1005, #4331, #3119, #4461, #74, #4046, #5976, #5865, #1894, #5196, #5800, #580, #4553, #4706, #5012, #4547, #5385, #305, #1308, #1121, #727, #4682, #956, #6061, #1887 ) ) ;
#6082 = FACE_OUTER_BOUND ( 'NONE', #2815, .T. ) ;
#6083 = ADVANCED_FACE ( 'NONE', ( #4190 ), #6079, .F. ) ;
#6084 = LINE ( 'NONE', #1373, #4852 ) ;
#6085 = EDGE_CURVE ( 'NONE', #3593, #4957, #1607, .T. ) ;
#6086 = EDGE_CURVE ( 'NONE', #2049, #3616, #128, .T. ) ;
#6087 = CARTESIAN_POINT ( 'NONE',  ( -2200.000000000000000, 2950.000000000000000, 604.0000000000000000 ) ) ;
#6088 = ORIENTED_EDGE ( 'NONE', *, *, #5517, .T. ) ;
#6089 = CARTESIAN_POINT ( 'NONE',  ( 2999.900000000000091, -800.0000000000002274, 603.0000000000000000 ) ) ;
#6090 = ORIENTED_EDGE ( 'NONE', *, *, #2336, .T. ) ;
#6091 = EDGE_LOOP ( 'NONE', ( #4732, #4795, #3294, #2774 ) ) ;
#6092 = CARTESIAN_POINT ( 'NONE',  ( -4000.000000000000000, -2700.000000000000000, 2.000000000000000000 ) ) ;
#6093 = CARTESIAN_POINT ( 'NONE',  ( -1500.000000000000455, 1500.000000000000000, 901.9999999999998863 ) ) ;
#6094 = ORIENTED_EDGE ( 'NONE', *, *, #483, .F. ) ;
#6095 = ORIENTED_EDGE ( 'NONE', *, *, #3582, .F. ) ;
#6096 = CARTESIAN_POINT ( 'NONE',  ( -5.551115123125782702E-13, 4250.000000000002728, 402.0000000000000000 ) ) ;
#6097 = ORIENTED_EDGE ( 'NONE', *, *, #1327, .T. ) ;
#6098 = DIRECTION ( 'NONE',  ( 0.000000000000000000, 1.000000000000000000, 0.000000000000000000 ) ) ;
#6099 = ADVANCED_FACE ( 'NONE', ( #3501 ), #2041, .T. ) ;
#6100 = DIRECTION ( 'NONE',  ( -4.440892098500626162E-16, 1.000000000000000000, 0.000000000000000000 ) ) ;
#6101 = ORIENTED_EDGE ( 'NONE', *, *, #2064, .F. ) ;
#6102 = LINE ( 'NONE', #4552, #3144 ) ;
#6103 = DIRECTION ( 'NONE',  ( -0.000000000000000000, -0.000000000000000000, -1.000000000000000000 ) ) ;
#6104 = ORIENTED_EDGE ( 'NONE', *, *, #3050, .F. ) ;
#6105 = PLANE ( 'NONE',  #4659 ) ;
#6106 = FACE_OUTER_BOUND ( 'NONE', #4156, .T. ) ;
#6107 = LINE ( 'NONE', #3695, #1204 ) ;
#6108 = ORIENTED_EDGE ( 'NONE', *, *, #4528, .F. ) ;
#6109 = CARTESIAN_POINT ( 'NONE',  ( -24.99999999999998224, -3650.000000000001364, 52.00000000000000711 ) ) ;
#6110 = CARTESIAN_POINT ( 'NONE',  ( 500.0000000000000000, -2950.000000000000000, 602.0000000000000000 ) ) ;
#6111 = AXIS2_PLACEMENT_3D ( 'NONE', #5077, #334, #4670 ) ;
#6112 = DIRECTION ( 'NONE',  ( 1.000000000000000000, -0.000000000000000000, -0.000000000000000000 ) ) ;
#6113 = ADVANCED_FACE ( 'NONE', ( #2917 ), #64, .F. ) ;
#6114 = VERTEX_POINT ( 'NONE', #1978 ) ;
#6115 = VERTEX_POINT ( 'NONE', #2013 ) ;
#6116 = ORIENTED_EDGE ( 'NONE', *, *, #5732, .F. ) ;
#6117 = ADVANCED_FACE ( 'NONE', ( #4402 ), #1026, .T. ) ;
#6118 = VECTOR ( 'NONE', #4043, 1000.000000000000000 ) ;
#6119 = CARTESIAN_POINT ( 'NONE',  ( 4000.000000000000000, -800.0000000000002274, 602.0000000000000000 ) ) ;
#6120 = DIRECTION ( 'NONE',  ( 0.000000000000000000, -1.000000000000000000, 0.000000000000000000 ) ) ;
#6121 = FACE_OUTER_BOUND ( 'NONE', #1432, .T. ) ;
#6122 = EDGE_CURVE ( 'NONE', #1739, #2123, #3872, .T. ) ;
#6123 = VERTEX_POINT ( 'NONE', #4832 ) ;
#6124 = CARTESIAN_POINT ( 'NONE',  ( -4800.000000000000909, -4800.000000000000000, 4.000000000000000000 ) ) ;
#6125 = ORIENTED_EDGE ( 'NONE', *, *, #5066, .F. ) ;
#6126 = DIRECTION ( 'NONE',  ( 0.000000000000000000, 0.000000000000000000, 1.000000000000000000 ) ) ;
#6127 = DIRECTION ( 'NONE',  ( -1.000000000000000000, 0.000000000000000000, 0.000000000000000000 ) ) ;
#6128 = ORIENTED_EDGE ( 'NONE', *, *, #4509, .T. ) ;
#6129 = DIRECTION ( 'NONE',  ( -1.000000000000000000, 0.000000000000000000, 0.000000000000000000 ) ) ;
#6130 = PLANE ( 'NONE',  #4389 ) ;
#6131 = ORIENTED_EDGE ( 'NONE', *, *, #3658, .F. ) ;
#6132 = EDGE_CURVE ( 'NONE', #3657, #3794, #2889, .T. ) ;
#6133 = LINE ( 'NONE', #1890, #3371 ) ;
ENDSEC;
END-ISO-10303-21;
